inst,tf,exec,n,atr_pts,net_pts,net_R,win
NAS100_USD,1m,mercado,36897,1.4190614,-0.7203264328859443,-0.626142297285875,36.18451364609589
NAS100_USD,1m,límite,28013,1.4190614,-0.6681810469759805,-0.5353717709635251,39.371006318494985
NAS100_USD,3m,mercado,31667,2.5060687,-0.7238786734448843,-0.3428426756708229,41.93008494647425
NAS100_USD,3m,límite,27220,2.5060687,-0.6601816789820119,-0.29993941830195764,43.68479059515062
NAS100_USD,5m,mercado,28513,3.1972766,-0.7283490522513276,-0.2603113033766608,43.59765720899239
NAS100_USD,5m,límite,25383,3.1972766,-0.6764518955415788,-0.23685771318933724,44.67163061891817
SPX500_USD,1m,mercado,36608,0.8398375,-0.5988544797608987,-0.9169260804651875,26.827469405594407
SPX500_USD,1m,límite,23653,0.8398375,-0.44864022008418575,-0.6028291217877997,37.55548978987866
SPX500_USD,3m,mercado,31370,1.3738719,-0.6039858455451997,-0.5598708008681428,34.69556901498247
SPX500_USD,3m,límite,24185,1.3738719,-0.4616947384451897,-0.39019590648805835,41.265247053959065
SPX500_USD,5m,mercado,27913,1.7682029,-0.6038650808617757,-0.4216347673228035,38.057535915164976
SPX500_USD,5m,límite,22985,1.7682029,-0.4702028920983969,-0.30966929786165764,42.61909941266043
US2000_USD,1m,mercado,36739,0.6235949,-0.28616404668087897,-0.5729642161389533,37.077764773129374
US2000_USD,1m,límite,29587,0.6235949,-0.2531189671649396,-0.4728188384848023,40.89295974583432
US2000_USD,3m,mercado,31538,1.0855352,-0.28803553170297347,-0.3170540586270598,42.39647409474285
US2000_USD,3m,límite,28124,1.0855352,-0.24969840692115666,-0.26489620463023983,44.655809984355
US2000_USD,5m,mercado,28177,1.3789635,-0.28633420886174166,-0.24102343555043595,44.12818965823189
US2000_USD,5m,límite,25758,1.3789635,-0.2586179546435251,-0.21268493757366785,45.356782358878796
