inst,tf,year,price,atr_pts,cost_atr,breakeven_win_1to1
NAS100_USD,1m,2007,2024.3,1.2355086,0.5868029,79.34015
NAS100_USD,1m,2008,1803.5,1.8065534,0.4013167,70.065834
NAS100_USD,1m,2009,1479.3,1.1574509,0.62637645,81.31882
NAS100_USD,1m,2010,1907.5,1.0897901,0.66526574,83.26329
NAS100_USD,1m,2011,2307.9,1.3722916,0.5283134,76.41567
NAS100_USD,1m,2012,2642.3,1.1788033,0.6150305,80.751526
NAS100_USD,1m,2013,3012.8,1.059747,0.6841256,84.20628
NAS100_USD,1m,2014,3829.4,1.5284505,0.47433662,73.71683
NAS100_USD,1m,2015,4441.9,2.1395926,0.33884954,66.942474
NAS100_USD,1m,2016,4539.5,1.9037652,0.3808243,69.041214
NAS100_USD,1m,2017,5793.6,1.5755012,0.46017104,73.00855
NAS100_USD,1m,2018,6951.6,4.188825,0.17307957,58.65398
NAS100_USD,1m,2019,7667.8,3.1804767,0.22795326,61.39766
NAS100_USD,1m,2020,8838.8,7.245127,0.10006726,55.003365
NAS100_USD,3m,2007,2023.7,2.1545634,0.3364951,66.82476
NAS100_USD,3m,2008,1803.4,3.1542015,0.22985215,61.49261
NAS100_USD,3m,2009,1480.2,2.1107044,0.34348723,67.17436
NAS100_USD,3m,2010,1908.45,1.9671239,0.3685584,68.42792
NAS100_USD,3m,2011,2307.9,2.4294178,0.2984254,64.92127
NAS100_USD,3m,2012,2642.6,2.1829522,0.33211905,66.60595
NAS100_USD,3m,2013,3012.3,1.9713482,0.36776865,68.388435
NAS100_USD,3m,2014,3829.6,2.7693548,0.26179382,63.08969
NAS100_USD,3m,2015,4441.95,3.7939339,0.19109453,59.554726
NAS100_USD,3m,2016,4539.9,3.4019237,0.21311472,60.65574
NAS100_USD,3m,2017,5793.9,2.8662367,0.25294492,62.647247
NAS100_USD,3m,2018,6951.6,7.2249236,0.10034709,55.017353
NAS100_USD,3m,2019,7667.8,5.740907,0.12628667,56.31433
NAS100_USD,3m,2020,8838.8,12.568933,0.05768191,52.884094
NAS100_USD,5m,2007,2023.8,2.7141478,0.26711884,63.35594
NAS100_USD,5m,2008,1803.5,3.9854343,0.18191242,59.09562
NAS100_USD,5m,2009,1480.3501,2.722525,0.26629692,63.314842
NAS100_USD,5m,2010,1908.5,2.5163472,0.28811607,64.40581
NAS100_USD,5m,2011,2307.8,3.127418,0.23182063,61.59103
NAS100_USD,5m,2012,2642.8,2.852491,0.25416383,62.708195
NAS100_USD,5m,2013,3012.2,2.566599,0.282475,64.12375
NAS100_USD,5m,2014,3829.4,3.5404267,0.20477758,60.23888
NAS100_USD,5m,2015,4441.9,4.8306766,0.1500825,57.504124
NAS100_USD,5m,2016,4540.0,4.347903,0.16674706,58.337357
NAS100_USD,5m,2017,5793.7,3.7267222,0.19454093,59.72705
NAS100_USD,5m,2018,6951.2,9.095152,0.0797128,53.985638
NAS100_USD,5m,2019,7667.8,7.4444985,0.09738736,54.869366
NAS100_USD,5m,2020,8839.1,16.352394,0.044336017,52.216797
SPX500_USD,1m,2007,1498.25,0.88003635,0.67042685,83.52134
SPX500_USD,1m,2008,1289.6,1.1666653,0.50571483,75.28574
SPX500_USD,1m,2009,932.3,0.7945237,0.7425832,87.129166
SPX500_USD,1m,2010,1136.1,0.6676008,0.88376164,94.18808
SPX500_USD,1m,2011,1281.2,0.78818923,0.7485512,87.42756
SPX500_USD,1m,2012,1379.4,0.5262253,1.1211927,106.05963
SPX500_USD,1m,2013,1649.2,0.46661478,1.2644262,113.22131
SPX500_USD,1m,2014,1931.4,0.572104,1.031281,101.56405
SPX500_USD,1m,2015,2074.6,0.769016,0.7672141,88.3607
SPX500_USD,1m,2016,2097.0,0.64842886,0.9098916,95.49458
SPX500_USD,1m,2017,2431.0,0.46528035,1.2680526,113.402626
SPX500_USD,1m,2018,2737.6,1.0923712,0.5401094,77.00547
SPX500_USD,1m,2019,2910.6,0.8233031,0.71662545,85.831276
SPX500_USD,1m,2020,2921.6,2.0711634,0.28486404,64.2432
SPX500_USD,3m,2007,1498.4,1.4755265,0.39985725,69.99287
SPX500_USD,3m,2008,1289.8,1.9698758,0.29951125,64.97556
SPX500_USD,3m,2009,932.5,1.337645,0.44107363,72.05368
SPX500_USD,3m,2010,1136.1,1.1108048,0.5311464,76.55732
SPX500_USD,3m,2011,1281.3,1.3306613,0.44338855,72.169426
SPX500_USD,3m,2012,1382.2,0.91003585,0.6483261,82.416306
SPX500_USD,3m,2013,1649.0,0.83379734,0.70760596,85.380295
SPX500_USD,3m,2014,1936.2,1.0151125,0.58121634,79.060814
SPX500_USD,3m,2015,2076.4,1.3802711,0.42745224,71.37261
SPX500_USD,3m,2016,2102.4,1.1504147,0.5128585,75.64293
SPX500_USD,3m,2017,2435.4,0.7717221,0.7645239,88.2262
SPX500_USD,3m,2018,2741.0,1.8901083,0.3121514,65.607574
SPX500_USD,3m,2019,2916.4,1.4965446,0.39424148,69.712074
SPX500_USD,3m,2020,2928.2,3.6260307,0.16271235,58.135616
SPX500_USD,5m,2007,1498.4,1.853188,0.31837028,65.91852
SPX500_USD,5m,2008,1289.8,2.4521077,0.24060933,62.030464
SPX500_USD,5m,2009,932.5,1.6872241,0.34968677,67.48434
SPX500_USD,5m,2010,1136.1,1.4053597,0.41982132,70.991066
SPX500_USD,5m,2011,1281.2,1.6935655,0.3483774,67.41888
SPX500_USD,5m,2012,1382.6,1.1916062,0.49513,74.7565
SPX500_USD,5m,2013,1649.0,1.1025493,0.5351234,76.756165
SPX500_USD,5m,2014,1936.6,1.3181422,0.44759965,72.37998
SPX500_USD,5m,2015,2076.6,1.7723775,0.3328862,66.64431
SPX500_USD,5m,2016,2103.2,1.4912983,0.3956284,69.781425
SPX500_USD,5m,2017,2436.6,1.0102396,0.58401984,79.201
SPX500_USD,5m,2018,2741.6,2.4035785,0.24546732,62.273365
SPX500_USD,5m,2019,2917.0,1.9714571,0.29927102,64.96355
SPX500_USD,5m,2020,2928.4,4.678532,0.12610793,56.305397
US2000_USD,1m,2007,795.595,0.6513811,0.4452079,72.26039
US2000_USD,1m,2008,701.772,0.8023047,0.3614587,68.07293
US2000_USD,1m,2009,518.513,0.53714055,0.53989595,76.9948
US2000_USD,1m,2010,664.102,0.5051989,0.57403135,78.70157
US2000_USD,1m,2011,790.948,0.6338041,0.45755464,72.87773
US2000_USD,1m,2012,809.259,0.4717783,0.6146955,80.73478
US2000_USD,1m,2013,1001.147,0.43667713,0.6641062,83.20531
US2000_USD,1m,2014,1156.598,0.6098126,0.4755559,73.777794
US2000_USD,1m,2015,1209.811,0.6352358,0.4565234,72.82617
US2000_USD,1m,2016,1166.505,0.6191727,0.4683669,73.41834
US2000_USD,1m,2017,1405.298,0.57063466,0.50820607,75.41031
US2000_USD,1m,2018,1584.293,0.88783336,0.32663786,66.331894
US2000_USD,1m,2019,1552.022,0.73781097,0.3930546,69.65273
US2000_USD,1m,2020,1352.8999,1.4019778,0.20685063,60.342533
US2000_USD,3m,2007,795.5,1.1040895,0.26265985,63.132988
US2000_USD,3m,2008,701.7635,1.3752167,0.21087585,60.543793
US2000_USD,3m,2009,518.609,0.96725917,0.29981622,64.990814
US2000_USD,3m,2010,664.1225,0.9054141,0.32029542,66.01477
US2000_USD,3m,2011,791.026,1.1162757,0.25979245,62.989624
US2000_USD,3m,2012,809.263,0.84981364,0.34125128,67.06256
US2000_USD,3m,2013,1000.775,0.7842916,0.3697604,68.48802
US2000_USD,3m,2014,1156.6279,1.1231258,0.25820795,62.910397
US2000_USD,3m,2015,1210.135,1.1647949,0.24897085,62.448544
US2000_USD,3m,2016,1166.6,1.1263468,0.25746953,62.873478
US2000_USD,3m,2017,1405.317,1.0668782,0.27182108,63.59105
US2000_USD,3m,2018,1584.3354,1.5500193,0.18709445,59.35472
US2000_USD,3m,2019,1552.0935,1.357748,0.21358897,60.679447
US2000_USD,3m,2020,1366.2,2.521761,0.114999,55.749954
US2000_USD,5m,2007,795.484,1.359019,0.2133892,60.669456
US2000_USD,5m,2008,701.7715,1.7294368,0.16768464,58.384235
US2000_USD,5m,2009,518.58704,1.2429864,0.23330906,61.66545
US2000_USD,5m,2010,664.198,1.1596862,0.25006765,62.503387
US2000_USD,5m,2011,791.023,1.4379268,0.20167924,60.08396
US2000_USD,5m,2012,809.265,1.0989354,0.26389176,63.194584
US2000_USD,5m,2013,1000.846,1.0148075,0.28576848,64.28842
US2000_USD,5m,2014,1156.662,1.4490151,0.20013593,60.006798
US2000_USD,5m,2015,1210.158,1.490529,0.1945618,59.728092
US2000_USD,5m,2016,1166.64,1.4354881,0.20202187,60.101093
US2000_USD,5m,2017,1405.2915,1.3879914,0.20893501,60.44675
US2000_USD,5m,2018,1584.3245,1.9589648,0.14803736,57.401867
US2000_USD,5m,2019,1552.031,1.7525903,0.16546936,58.27347
US2000_USD,5m,2020,1366.65,3.3693132,0.08607095,54.303543
