inst,variant,period,days,hit,gross_pts,net_pts,t_net,net_usd_year
NAS100_USD,todos los días,descubrimiento,1493,52.2438044206296,0.4588747488278642,-0.2661252511721358,-1.3241533319872894,-1341.2712659075644
NAS100_USD,todos los días,validacion,746,50.80428954423593,0.05965147453082988,-0.6653485254691703,-1.9424741522167914,-3353.356568364618
NAS100_USD,primera media hora fuerte,descubrimiento,746,52.949061662198396,0.7757372654155479,0.05073726541554768,0.1518999778431527,127.77227059611037
NAS100_USD,primera media hora fuerte,validacion,297,50.841750841750844,-0.06397306397305479,-0.7889730639730548,-1.189466781419451,-1583.1072386058797
SPX500_USD,todos los días,descubrimiento,1475,51.66101694915254,0.4436610169491515,-0.14633898305084841,-1.1054394384886326,-1843.87118644069
SPX500_USD,todos los días,validacion,711,46.27285513361463,-0.059071729957809425,-0.6490717299578094,-4.356459737793871,-8178.303797468399
SPX500_USD,primera media hora fuerte,descubrimiento,737,56.03799185888738,0.8135685210312051,0.22356852103120517,0.9863941198585194,1407.5267796610017
SPX500_USD,primera media hora fuerte,validacion,269,49.44237918215613,0.2591078066914424,-0.3308921933085576,-1.12777851322791,-1577.3924050633266
US2000_USD,todos los días,descubrimiento,1488,53.76344086021505,0.3280530913978505,0.03805309139785066,0.4123658511369663,479.46895161291826
US2000_USD,todos los días,validacion,747,51.67336010709504,0.12036813922356283,-0.1696318607764371,-1.7905606401181133,-2137.3614457831077
US2000_USD,primera media hora fuerte,descubrimiento,744,56.048387096774185,0.49434408602150526,0.20434408602150542,1.3131159358695668,1287.367741935484
US2000_USD,primera media hora fuerte,validacion,286,52.44755244755245,0.2443846153846186,-0.04561538461538126,-0.2790930860938542,-220.0530120481766
