inst,tf,trigger,side,f1,f2,h,n_d,gross_atr_d,t_d,n_v,gross_atr_v,t_v,tclu_d,tclu_v
NAS100_USD,1m,EMA 9 pullback en tendencia,Largo,Volatilidad alta,Gap a favor,24,18279,0.2235212970982748,9.413312976905106,10452,0.16336295068452528,5.304286992484304,4.156761836403787,2.2587953284169413
NAS100_USD,1m,RSI(2) extremo,Corto,Hora: cierre 14:00-15:45,ADX > 25,3,4335,0.1752200073642905,9.159871480126553,2230,0.06392378057268136,2.4873048751761404,6.9382873200875315,1.884799348818838
SPX500_USD,1m,Martillo / estrella,Corto,(ninguna),,3,48879,0.08655335838391742,16.08531482615602,18792,0.06685262275780413,6.791689983350621,14.974964497866205,6.392095602172544
SPX500_USD,1m,Martillo / estrella,Largo,(ninguna),,3,48092,0.07641131600813934,13.842163994687237,19217,0.06328224839199019,6.411907632573485,12.504300488703974,6.035802100790346
SPX500_USD,1m,Martillo / estrella,Largo,Bias diario a favor,,3,29411,0.09923093188516219,13.64200887748187,15190,0.061533658380038096,5.437528461639512,12.35591791676069,5.099893650586172
SPX500_USD,1m,Martillo / estrella,Largo,Régimen 1h a favor,,3,26219,0.098031400379192,13.2070134958685,10100,0.07663480163344284,5.700438537911901,11.975126352851266,5.612300435031977
SPX500_USD,1m,EMA 9 pullback en tendencia,Largo,RSI(14) a favor de 50,Mercado hermano a favor del VWAP,3,46692,0.07078220839067147,13.10182394664426,16851,0.03688853800475969,3.475391496915214,10.44642262933497,2.8095404608335337
SPX500_USD,1m,EMA 9 pullback en tendencia,Largo,Mercado hermano a favor del VWAP,,3,46693,0.0707642696498287,13.09871179479897,16852,0.036826666481402336,3.4697093210178718,10.444313397756563,2.805292634939055
SPX500_USD,1m,EMA 9 pullback en tendencia,Largo,EMAs 9>21>50 alineadas,Mercado hermano a favor del VWAP,3,46693,0.0707642696498287,13.09871179479897,16852,0.036826666481402336,3.4697093210178718,10.444313397756563,2.805292634939055
SPX500_USD,1m,EMA 9 pullback en tendencia,Largo,Lado del VWAP a favor,Mercado hermano a favor del VWAP,3,44955,0.07103783201781402,12.96107512804711,16166,0.0366419742179682,3.3902945623007654,10.347141503371116,2.705339763253041
SPX500_USD,1m,EMA 9 pullback en tendencia,Largo,Sobre/bajo EMA 200,Mercado hermano a favor del VWAP,3,44493,0.07137719522156538,12.924103960000899,16015,0.03630505264066756,3.334308361052187,10.282241439377023,2.6965158399652345
SPX500_USD,1m,Martillo / estrella,Corto,Hora: mediodía 11:00-14:00,,3,24085,0.09467443510367343,12.793523234774119,9125,0.07954416526245607,5.631296013642604,11.803250274889354,5.206569006712404
SPX500_USD,1m,EMA 9 pullback en tendencia,Largo,EMAs 9>21>50 alineadas,RSI(14) a favor de 50,3,58384,0.06232503506595309,12.750440434305567,20632,0.04020164111723606,4.142372405815696,9.871930776705282,3.412536236360175
SPX500_USD,1m,EMA 9 pullback en tendencia,Largo,RSI(14) a favor de 50,,3,58384,0.06232503506595309,12.750440434305567,20632,0.04020164111723606,4.142372405815696,9.871930776705282,3.412536236360175
SPX500_USD,1m,EMA 9 pullback en tendencia,Largo,(ninguna),,3,58385,0.06231083353383275,12.74769962516777,20633,0.040150946985760716,4.137292963763242,9.87011155691335,3.4087091030982513
SPX500_USD,1m,EMA 9 pullback en tendencia,Largo,EMAs 9>21>50 alineadas,,3,58385,0.06231083353383275,12.74769962516777,20633,0.040150946985760716,4.137292963763242,9.87011155691335,3.4087091030982513
SPX500_USD,1m,EMA 9 pullback en tendencia,Largo,Sobre/bajo EMA 200,RSI(14) a favor de 50,3,51203,0.06626771887323915,12.737564150104129,18168,0.03738580220736285,3.6384238851987685,9.900312548447182,2.9688027576182083
SPX500_USD,1m,EMA 9 pullback en tendencia,Largo,Sobre/bajo EMA 200,,3,51204,0.06625144867683548,12.73462322458556,18169,0.03732838814077576,3.632979532741358,9.898349204053677,2.964438873333845
SPX500_USD,1m,EMA 9 pullback en tendencia,Largo,Sobre/bajo EMA 200,EMAs 9>21>50 alineadas,3,51204,0.06625144867683548,12.73462322458556,18169,0.03732838814077576,3.632979532741358,9.898349204053677,2.964438873333845
SPX500_USD,1m,EMA 9 pullback en tendencia,Largo,Lado del VWAP a favor,RSI(14) a favor de 50,3,50100,0.06636134290634463,12.669496462953738,17808,0.038752150913283656,3.746481700911895,9.886110014421211,3.021573685608886
SPX500_USD,1m,EMA 9 pullback en tendencia,Largo,EMAs 9>21>50 alineadas,Lado del VWAP a favor,3,50101,0.06634471264426028,12.666510442859767,17809,0.03869349952777482,3.740961320733068,9.884103845607351,3.017463147964647
SPX500_USD,1m,EMA 9 pullback en tendencia,Largo,Lado del VWAP a favor,,3,50101,0.06634471264426028,12.666510442859767,17809,0.03869349952777482,3.740961320733068,9.884103845607351,3.017463147964647
SPX500_USD,1m,EMA 9 pullback en tendencia,Largo,Sobre/bajo EMA 200,Lado del VWAP a favor,3,48155,0.06749786207087424,12.65194623386879,17045,0.03833957967735161,3.628466454357358,9.774303307733016,2.932984223170181
SPX500_USD,1m,Martillo / estrella,Largo,Bias diario a favor,,6,29411,0.12879682406650417,12.58944606457119,15190,0.06718651211737356,4.10654246903865,10.424783627989205,3.4628080295286203
SPX500_USD,1m,Martillo / estrella,Largo,Régimen 1h a favor,Bias diario a favor,3,18374,0.11380755513078904,12.461432432332803,8317,0.06832917855302702,4.542979015975064,11.112968529647144,4.434738932768623
SPX500_USD,1m,EMA 9 pullback en tendencia,Largo,EMAs 9>21>50 alineadas,Régimen 1h a favor,3,34001,0.07564943236713867,12.261794980286222,11140,0.020914313371413782,1.6148969682159282,9.390731980551012,1.3041610489594158
SPX500_USD,1m,EMA 9 pullback en tendencia,Largo,Régimen 1h a favor,,3,34001,0.07564943236713867,12.261794980286222,11140,0.020914313371413782,1.6148969682159282,9.390731980551012,1.3041610489594158
SPX500_USD,1m,EMA 9 pullback en tendencia,Largo,Régimen 1h a favor,RSI(14) a favor de 50,3,34001,0.07564943236713867,12.261794980286222,11139,0.021006483645853582,1.6219093577455415,9.390731980551012,1.3095584235262305
SPX500_USD,1m,Martillo / estrella,Largo,(ninguna),,6,48092,0.09357747415712762,12.084355890553338,19217,0.06712703841940226,4.717737204096622,9.85274395689896,3.979199608600642
SPX500_USD,1m,Martillo / estrella,Largo,Régimen 1h a favor,,6,26219,0.126490220237065,12.067576398736922,10100,0.07595704347657456,3.930539627539178,9.906572695318836,3.414030865141439
SPX500_USD,1m,Martillo / estrella,Largo,Lado del VWAP a favor,,3,26505,0.08704144345265534,12.048870380753328,10367,0.07699216036421086,5.749534469472767,10.936986885447553,5.658568570712052
SPX500_USD,1m,EMA 9 pullback en tendencia,Largo,Régimen 1h a favor,Mercado hermano a favor del VWAP,3,28007,0.08036309988063696,11.938164876648196,9539,0.02109597169975009,1.5206919724901575,9.525465535857318,1.18056601823033
SPX500_USD,1m,Martillo / estrella,Largo,Régimen 15m a favor,,3,24015,0.09119440988259853,11.815862413686173,9268,0.05220648994447384,3.744510495599255,11.111292533173689,3.5140102479174478
SPX500_USD,1m,Martillo / estrella,Largo,Sobre/bajo EMA 200,Bias diario a favor,3,16890,0.10839176904330951,11.782040948028275,8201,0.06707089161886111,4.362573172458875,10.653765527330386,4.197815066951072
SPX500_USD,1m,EMA 9 pullback en tendencia,Largo,Lado del VWAP a favor,Régimen 1h a favor,3,30247,0.07665865309355821,11.753801860958323,10094,0.020768288517390245,1.5329571765847732,9.10102930349307,1.1931729393753112
SPX500_USD,1m,Martillo / estrella,Largo,Día a favor (vs apertura),,3,24628,0.08831423977466307,11.730819086828705,9703,0.05712981248790489,4.102383492194968,10.83837904510551,3.997833870004068
SPX500_USD,1m,EMA 9 pullback en tendencia,Largo,RSI(14) a favor de 50,Día a favor (vs apertura),3,42566,0.066766121097716,11.719942960220257,15510,0.03416036093539561,3.1111154940868633,9.119832997891843,2.544876715614717
SPX500_USD,1m,EMA 9 pullback en tendencia,Largo,Día a favor (vs apertura),,3,42567,0.06674653791029668,11.716711406560458,15511,0.03409331621006849,3.105151778401993,9.11765105432577,2.5400673352658116
SPX500_USD,1m,EMA 9 pullback en tendencia,Largo,EMAs 9>21>50 alineadas,Día a favor (vs apertura),3,42567,0.06674653791029668,11.716711406560458,15511,0.03409331621006849,3.105151778401993,9.11765105432577,2.5400673352658116
SPX500_USD,1m,EMA 9 pullback en tendencia,Largo,Sobre/bajo EMA 200,Día a favor (vs apertura),3,41582,0.06744527506969532,11.71575813192497,15107,0.0325146557752843,2.9294286115281634,9.087458594310592,2.414438494639427
SPX500_USD,1m,Martillo / estrella,Largo,Lado del VWAP a favor,Bias diario a favor,3,17160,0.10689555287645526,11.697230612573405,8251,0.07887343415559828,5.163325328990544,10.53842927131143,5.108304755875771
SPX500_USD,1m,EMA 9 pullback en tendencia,Largo,Día a favor (vs apertura),Mercado hermano a favor del VWAP,3,38874,0.06896990644605448,11.68274455779802,14192,0.03299651540078982,2.884057746834661,9.265681168140642,2.329642105139096
SPX500_USD,1m,EMA 9 pullback en tendencia,Largo,Sobre/bajo EMA 200,Régimen 1h a favor,3,30926,0.07534513176891745,11.671401236908046,10298,0.01645139942849452,1.2247625583007056,9.001876198255413,0.9715066052749738
SPX500_USD,1m,Martillo / estrella,Corto,Estirado >1σ del VWAP en contra,,3,14688,0.11278425855587065,11.657960825400428,6049,0.03683226706062861,2.1913479840330616,10.801039481144333,2.0846176188929726
SPX500_USD,1m,EMA 9 pullback en tendencia,Largo,Lado del VWAP a favor,Día a favor (vs apertura),3,41631,0.06703654993177374,11.657048449395907,15064,0.03757401439459052,3.3802514803405592,9.092452021989914,2.774581552325837
SPX500_USD,1m,Martillo / estrella,Largo,Sobre/bajo EMA 200,,3,26076,0.08481202374111042,11.656361099477985,10238,0.06753263096952732,4.99956685819499,10.628892083031243,4.808689185939784
SPX500_USD,1m,Martillo / estrella,Largo,Hora: mediodía 11:00-14:00,,3,23908,0.08842063272496078,11.580626471856975,9429,0.06747510189125742,4.8255158157549,10.448071463943561,4.5256647260818434
SPX500_USD,1m,Martillo / estrella,Largo,Mercado hermano a favor del VWAP,,3,25859,0.0844661490707624,11.539125707589617,10319,0.07815490947377793,5.845639945921007,10.52765262617582,5.709475227823814
SPX500_USD,1m,Martillo / estrella,Largo,Lado del VWAP a favor,Régimen 1h a favor,3,16296,0.10399997314811406,11.485193906913642,6112,0.09037244166825523,5.235670716164125,10.198340927662203,5.248567712676192
SPX500_USD,1m,EMA 9 pullback en tendencia,Largo,EMAs 9>21>50 alineadas,Régimen 15m a favor,3,33298,0.07152360364555853,11.434984348915181,11481,0.007769983319668585,0.6197980611154139,8.835061470313839,0.48564262177848155
SPX500_USD,1m,EMA 9 pullback en tendencia,Largo,Régimen 15m a favor,RSI(14) a favor de 50,3,33298,0.07152360364555853,11.434984348915181,11480,0.007858270807206318,0.6268015451127446,8.835061470313839,0.4910321036756502
SPX500_USD,1m,EMA 9 pullback en tendencia,Largo,Régimen 15m a favor,,3,33298,0.07152360364555853,11.434984348915181,11481,0.007769983319668585,0.6197980611154139,8.835061470313839,0.48564262177848155
SPX500_USD,1m,Martillo / estrella,Largo,Bias diario a favor,RSI(14) a favor de 50,3,16861,0.1053305836599009,11.415196913193572,8198,0.08292008450956018,5.3046240146583425,10.676317279597981,5.218864076981469
SPX500_USD,1m,Martillo / estrella,Largo,Sobre/bajo EMA 200,Lado del VWAP a favor,3,23691,0.08670392268142246,11.410775113399641,9228,0.0781532389384155,5.5136742960429155,10.310094026534262,5.357264627290198
SPX500_USD,1m,Martillo / estrella,Largo,Lado del VWAP a favor,Mercado hermano a favor del VWAP,3,22933,0.08712709762709288,11.301380613712283,9034,0.07580277464508814,5.295569947837279,10.360937134891223,5.151797059053035
SPX500_USD,1m,EMA 9 pullback en tendencia,Largo,Bias diario a favor,,3,34786,0.07095140693831789,11.277325846243889,15738,0.04343542667043229,3.86231125421882,8.672533082602412,3.1213046316135706
SPX500_USD,1m,EMA 9 pullback en tendencia,Largo,EMAs 9>21>50 alineadas,Bias diario a favor,3,34786,0.07095140693831789,11.277325846243889,15738,0.04343542667043229,3.86231125421882,8.672533082602412,3.1213046316135706
SPX500_USD,1m,EMA 9 pullback en tendencia,Largo,Bias diario a favor,RSI(14) a favor de 50,3,34786,0.07095140693831789,11.277325846243889,15738,0.04343542667043229,3.86231125421882,8.672533082602412,3.1213046316135706
SPX500_USD,1m,Martillo / estrella,Largo,Régimen 1h a favor,RSI(14) a favor de 50,3,15179,0.10474287159060487,11.243099477560726,5722,0.08542520506470577,4.791479761575284,10.458854371818324,4.845181086585163
SPX500_USD,1m,Martillo / estrella,Corto,Gap a favor,,3,21943,0.09056872916055063,11.223027307188168,8696,0.07987513598065331,5.496606101232982,10.361746645887385,5.33927358504696
SPX500_USD,1m,Martillo / estrella,Largo,Sobre/bajo EMA 200,Régimen 1h a favor,3,16014,0.10194982487244662,11.204714876327298,6072,0.06901330425028632,3.995768528091253,10.090254033998855,3.805125433858109
SPX500_USD,1m,Martillo / estrella,Largo,Régimen 1h a favor,Día a favor (vs apertura),3,15093,0.10539830336058023,11.18385727855306,5763,0.0691533426225487,3.828534006416199,10.122684440881361,3.697439774946127
SPX500_USD,1m,Martillo / estrella,Largo,Bias diario a favor,,12,29411,0.16246364916037676,11.1720873851353,15190,0.04997938076404886,2.1766827879655932,8.049124081298606,1.6135452549629872
SPX500_USD,1m,EMA 9 pullback en tendencia,Largo,Régimen 15m a favor,Mercado hermano a favor del VWAP,3,28336,0.07507964278146867,11.159910038008373,9954,0.011048249349692542,0.8229000062330765,8.822403014813393,0.6270283429714402
SPX500_USD,1m,EMA 9 pullback en tendencia,Largo,Lado del VWAP a favor,RSI(14) a favor de 50,6,50100,0.08141926280089172,11.114275376893032,17808,0.04915134098730681,3.373655629640327,7.349331906376241,2.3106998953417337
SPX500_USD,1m,EMA 9 pullback en tendencia,Largo,Lado del VWAP a favor,,6,50101,0.08141763769834286,11.114275103410668,17809,0.04907799113170022,3.3687675003523387,7.349342841240704,2.307277924522494
SPX500_USD,1m,EMA 9 pullback en tendencia,Largo,EMAs 9>21>50 alineadas,Lado del VWAP a favor,6,50101,0.08141763769834286,11.114275103410668,17809,0.04907799113170022,3.3687675003523387,7.349342841240704,2.307277924522494
SPX500_USD,1m,Martillo / estrella,Largo,Bias diario a favor,Hora: mediodía 11:00-14:00,3,14700,0.11263895070728787,11.054401716649824,7462,0.07618185292582111,4.737461408436522,10.035491562634771,4.406595419996894
SPX500_USD,1m,Martillo / estrella,Corto,(ninguna),,6,48879,0.08326706850905984,11.054015093656785,18792,0.05025222455468486,3.586953575504902,8.811930705351848,3.127687152062662
SPX500_USD,1m,EMA 9 pullback en tendencia,Largo,Sobre/bajo EMA 200,Bias diario a favor,3,30701,0.07374282383791547,11.04530255899539,13855,0.03930656490599983,3.2998367247395666,8.503402676443477,2.632271484109742
SPX500_USD,1m,EMA 9 pullback en tendencia,Largo,Régimen 1h a favor,Día a favor (vs apertura),3,25945,0.07782663830416385,11.02385117008361,9004,0.028231869309851214,1.982385171983992,8.600480774009682,1.5638596894993644
SPX500_USD,1m,Martillo / estrella,Corto,ADX > 25,,3,20959,0.08830914063277676,11.023338970096,7419,0.06853164303601991,4.44486376007269,10.610993162763096,4.278000286205321
SPX500_USD,1m,EMA 9 pullback en tendencia,Largo,Sobre/bajo EMA 200,Régimen 15m a favor,3,31272,0.07108686754449095,11.02009462358416,10857,0.0054166463821700055,0.4206634686230835,8.427278742729053,0.3287241714080437
SPX500_USD,1m,Martillo / estrella,Largo,Bias diario a favor,Mercado hermano a favor del VWAP,3,16456,0.10313189638352614,11.013692217334006,8208,0.08119977795194745,5.333273717926334,10.06352008959407,5.230138689785622
SPX500_USD,1m,Martillo / estrella,Largo,Régimen 1h a favor,Hora: mediodía 11:00-14:00,3,13062,0.11411937789017393,11.005597396933046,4878,0.08773648982239872,4.640939377651656,10.023455799931982,4.459756554270766
SPX500_USD,1m,EMA 9 pullback en tendencia,Largo,Sobre/bajo EMA 200,Lado del VWAP a favor,6,48155,0.08206263888723717,10.98195831850815,17045,0.04913670955614211,3.298062082264103,7.176828427421396,2.2665133206105517
SPX500_USD,1m,EMA 9 pullback en tendencia,Largo,Lado del VWAP a favor,Mercado hermano a favor del VWAP,6,44955,0.08401822166915349,10.977446922052998,16166,0.05247246181844217,3.4468279291434976,7.347996261777253,2.3608390697666466
SPX500_USD,1m,Martillo / estrella,Largo,Régimen 1h a favor,,12,26219,0.1607948898705201,10.94973074576023,10100,0.08037380123092934,2.9689900232687143,7.793976341461781,2.137863386002439
SPX500_USD,1m,EMA 9 pullback en tendencia,Largo,Lado del VWAP a favor,Régimen 15m a favor,3,30507,0.07151082591464133,10.937309792008017,10572,0.011624080668243341,0.8918371533618674,8.383071988299589,0.6916408367936183
SPX500_USD,1m,Martillo / estrella,Largo,Régimen 15m a favor,,6,24015,0.11944871840874463,10.932276439439647,9268,0.05252685138049681,2.6487957540962026,9.086317685537555,2.215843016237113
SPX500_USD,1m,Martillo / estrella,Largo,RSI(14) a favor de 50,,3,26181,0.07952690839404584,10.917572124160987,10290,0.08146314934558217,5.990283571749645,10.171149659590503,5.885352082607067
SPX500_USD,1m,Martillo / estrella,Largo,Bias diario a favor,Día a favor (vs apertura),3,15613,0.10529540062975944,10.906386308690863,7684,0.05932879900494589,3.732965082413027,9.911397502682027,3.6107457251915434
SPX500_USD,1m,Martillo / estrella,Largo,(ninguna),,12,48092,0.11952315832627673,10.886704354367662,19217,0.06779860164668843,3.4001013698115403,7.680477991012039,2.4766343946414056
SPX500_USD,1m,Martillo / estrella,Largo,Lado del VWAP a favor,Día a favor (vs apertura),3,21484,0.08710854256363648,10.867429934997087,8392,0.07148633639019586,4.787149716742088,10.022908869030077,4.5886769977246455
SPX500_USD,1m,Martillo / estrella,Largo,Sobre/bajo EMA 200,Mercado hermano a favor del VWAP,3,21761,0.08570007909791205,10.849861933671594,8641,0.07111414807013391,4.85839527968851,9.860370519384894,4.684159421640175
SPX500_USD,1m,EMA 9 pullback en tendencia,Largo,RSI(14) a favor de 50,Mercado hermano a favor del VWAP,6,46692,0.08179775407849614,10.848106202974554,16851,0.05251324843454995,3.5160097434024538,7.261897769157991,2.434186269332406
SPX500_USD,1m,EMA 9 pullback en tendencia,Largo,Mercado hermano a favor del VWAP,,6,46693,0.08179600225800746,10.848105910197177,16852,0.0524355336537557,3.510967183917926,7.261910204023968,2.430610368752577
SPX500_USD,1m,EMA 9 pullback en tendencia,Largo,EMAs 9>21>50 alineadas,Mercado hermano a favor del VWAP,6,46693,0.08179600225800746,10.848105910197177,16852,0.0524355336537557,3.510967183917926,7.261910204023968,2.430610368752577
SPX500_USD,1m,EMA 9 pullback en tendencia,Largo,Hora: mediodía 11:00-14:00,Mercado hermano a favor del VWAP,3,22623,0.08055708292937051,10.834593902827205,7710,0.04550737430011233,2.860321216911934,8.883363003824691,2.35965771023264
SPX500_USD,1m,Martillo / estrella,Largo,Régimen 1h a favor,Bias diario a favor,6,18374,0.14044651233240837,10.825994993185304,8317,0.05866238879472444,2.7076828346042694,8.741393784062092,2.3928182554005164
SPX500_USD,1m,EMA 9 pullback en tendencia,Largo,Sobre/bajo EMA 200,Mercado hermano a favor del VWAP,6,44493,0.08354936496635498,10.823674650971208,16015,0.05462486780086676,3.5638618157232056,7.224294047573495,2.4641130179541104
SPX500_USD,1m,Martillo / estrella,Largo,Sobre/bajo EMA 200,Día a favor (vs apertura),3,21023,0.08678935992672965,10.769698814340025,8357,0.0604184418511093,4.056339377879888,9.931737486239964,3.883408125372793
SPX500_USD,1m,EMA 9 pullback en tendencia,Largo,Régimen 1h a favor,Bias diario a favor,3,22944,0.08004696977682417,10.760131741827866,8756,0.012559836263718026,0.856008033992029,8.193195798588832,0.675821528091835
SPX500_USD,1m,Martillo / estrella,Largo,Régimen 1h a favor,Mercado hermano a favor del VWAP,3,15722,0.09866480944914778,10.73758345320401,6171,0.08744773947565732,5.11468969270168,9.737975092410029,5.06008523830752
SPX500_USD,1m,EMA 9 pullback en tendencia,Largo,Lado del VWAP a favor,,24,50101,0.14876891629356803,10.712824037930801,17809,0.15369087377393012,5.429652833881531,4.641886792680201,2.5406994367676865
SPX500_USD,1m,EMA 9 pullback en tendencia,Largo,EMAs 9>21>50 alineadas,Lado del VWAP a favor,24,50101,0.14876891629356803,10.712824037930801,17809,0.15369087377393012,5.429652833881531,4.641886792680201,2.5406994367676865
SPX500_USD,1m,EMA 9 pullback en tendencia,Largo,Lado del VWAP a favor,RSI(14) a favor de 50,24,50100,0.14867787449936612,10.706284515581572,17808,0.15358655569135823,5.425699611509674,4.63924952216765,2.5387843911378334
SPX500_USD,1m,Martillo / estrella,Largo,Régimen 15m a favor,Bias diario a favor,3,16248,0.10340042896300457,10.705436262135342,7393,0.044256658237245367,2.7835709571681,9.987540278131824,2.6145611944691405
SPX500_USD,1m,EMA 9 pullback en tendencia,Largo,Lado del VWAP a favor,RSI(14) a favor de 50,12,50100,0.10836268905825801,10.704294083617475,17808,0.08242034574053633,4.05679565700563,5.852184799125285,2.341009725515643
SPX500_USD,1m,EMA 9 pullback en tendencia,Largo,EMAs 9>21>50 alineadas,Lado del VWAP a favor,12,50101,0.10835615196948772,10.703859750186684,17809,0.08254277444548157,4.0629760689285375,5.851955770376981,2.3448613581333704
SPX500_USD,1m,EMA 9 pullback en tendencia,Largo,Lado del VWAP a favor,,12,50101,0.10835615196948772,10.703859750186684,17809,0.08254277444548157,4.0629760689285375,5.851955770376981,2.3448613581333704
SPX500_USD,1m,Martillo / estrella,Largo,Día a favor (vs apertura),,6,24628,0.11291282218522297,10.696345012186859,9703,0.06720636860403063,3.361353884508278,9.221332984574364,2.8738124745158244
SPX500_USD,1m,EMA 9 pullback en tendencia,Largo,Sobre/bajo EMA 200,RSI(14) a favor de 50,6,51203,0.0777375236857911,10.69014304416538,18168,0.051347322696142575,3.555383328127659,6.98333995232255,2.472698951900835
SPX500_USD,1m,EMA 9 pullback en tendencia,Largo,Sobre/bajo EMA 200,EMAs 9>21>50 alineadas,6,51204,0.07773600549339038,10.690142811183982,18169,0.051275305328086745,3.5505479863640432,6.9833501705625585,2.469187279642191
SPX500_USD,1m,EMA 9 pullback en tendencia,Largo,Sobre/bajo EMA 200,,6,51204,0.07773600549339038,10.690142811183982,18169,0.051275305328086745,3.5505479863640432,6.9833501705625585,2.469187279642191
SPX500_USD,1m,EMA 9 pullback en tendencia,Largo,Régimen 15m a favor,Régimen 1h a favor,3,26877,0.0731080856171781,10.629480986268614,8710,0.006881819101505848,0.4781737233285143,8.224961085922917,0.38078991364563924
SPX500_USD,1m,Martillo / estrella,Corto,Día a favor (vs apertura),,3,22199,0.08540405844506224,10.578410048557261,8617,0.06605601639858584,4.514145444835481,9.894033427977188,4.548692262753424
SPX500_USD,1m,EMA 9 pullback en tendencia,Largo,Bias diario a favor,Mercado hermano a favor del VWAP,3,27670,0.0737520203928843,10.577129021078397,12867,0.03849872075034923,3.138801518045561,8.394207697591394,2.475104253861068
SPX500_USD,1m,Martillo / estrella,Largo,Lado del VWAP a favor,Régimen 15m a favor,3,16574,0.09436087957615824,10.563207393624781,6224,0.06624647636027739,3.8942606929398345,9.714951844224142,3.866081896534238
SPX500_USD,1m,Martillo / estrella,Largo,Régimen 15m a favor,Régimen 1h a favor,3,19373,0.09105250999748547,10.553972944347683,7290,0.06043341695622189,3.8466006336724643,9.748048003019342,3.7066122296555672
SPX500_USD,1m,EMA 9 pullback en tendencia,Largo,Sobre/bajo EMA 200,Lado del VWAP a favor,12,48155,0.10879749668371928,10.54221541540835,17045,0.08283791856288421,3.9879821747229,5.710656307122494,2.30901257644247
SPX500_USD,1m,Martillo / estrella,Largo,Día a favor (vs apertura),Mercado hermano a favor del VWAP,3,20147,0.0870331461611621,10.501777185343116,8032,0.06932058102110947,4.556717496962914,9.733428083298444,4.339986197691169
SPX500_USD,1m,Martillo / estrella,Largo,Lado del VWAP a favor,,6,26505,0.10560573552202299,10.457059261907435,10367,0.08171203719169563,4.231238759995972,8.715006941707411,3.79401904339369
SPX500_USD,1m,EMA 9 pullback en tendencia,Largo,Lado del VWAP a favor,Bias diario a favor,3,30071,0.07014237739549578,10.443356081094995,13580,0.03923835787509829,3.2818396841346384,7.987608112887163,2.602687855688402
SPX500_USD,1m,EMA 9 pullback en tendencia,Largo,EMAs 9>21>50 alineadas,Bias diario a favor,24,34786,0.1766307564392824,10.439951820992864,15738,0.16296656392493739,5.255501274744574,4.6136646669686145,2.519691840993434
SPX500_USD,1m,EMA 9 pullback en tendencia,Largo,Bias diario a favor,RSI(14) a favor de 50,24,34786,0.1766307564392824,10.439951820992864,15738,0.16296656392493739,5.255501274744574,4.6136646669686145,2.519691840993434
SPX500_USD,1m,EMA 9 pullback en tendencia,Largo,Bias diario a favor,,24,34786,0.1766307564392824,10.439951820992864,15738,0.16296656392493739,5.255501274744574,4.6136646669686145,2.519691840993434
SPX500_USD,1m,Martillo / estrella,Largo,Régimen 15m a favor,,12,24015,0.16207900311480952,10.428533855874335,9268,0.02936786817678152,1.0606320733779975,7.682256962924598,0.7529869191409613
SPX500_USD,1m,Martillo / estrella,Largo,Régimen 15m a favor,Día a favor (vs apertura),3,16056,0.0947874581233066,10.426247610249266,6093,0.05210673452944382,2.973601398299589,10.039413573906378,2.849436797720288
SPX500_USD,1m,EMA 9 pullback en tendencia,Largo,Sobre/bajo EMA 200,Lado del VWAP a favor,24,48155,0.146711522115087,10.36854924309987,17045,0.15814156598401607,5.455886510621025,4.47008086032309,2.566427091878304
SPX500_USD,1m,Martillo / estrella,Largo,Régimen 1h a favor,,24,26219,0.21712973141456848,10.36587862187667,10100,0.10705811984090788,2.7962833460000924,5.892751076838311,1.6862497042910427
SPX500_USD,1m,EMA 9 pullback en tendencia,Largo,EMAs 9>21>50 alineadas,RSI(14) a favor de 50,6,58384,0.07052422062685962,10.36226166110585,20632,0.058282840442291976,4.271750583779659,6.765320763159709,3.0151411751132517
SPX500_USD,1m,EMA 9 pullback en tendencia,Largo,RSI(14) a favor de 50,,6,58384,0.07052422062685962,10.36226166110585,20632,0.058282840442291976,4.271750583779659,6.765320763159709,3.0151411751132517
SPX500_USD,1m,EMA 9 pullback en tendencia,Largo,EMAs 9>21>50 alineadas,,6,58385,0.07052301271008944,10.362261497898944,20633,0.05821908727610419,4.267238125066203,6.7653296472380795,3.011875249919448
SPX500_USD,1m,EMA 9 pullback en tendencia,Largo,(ninguna),,6,58385,0.07052301271008944,10.362261497898944,20633,0.05821908727610419,4.267238125066203,6.7653296472380795,3.011875249919448
SPX500_USD,1m,EMA 9 pullback en tendencia,Largo,Régimen 15m a favor,Gap a favor,3,23162,0.07664606163063763,10.361945467153483,7553,0.013218300082046176,0.8736043078450058,7.879662884474557,0.721033427606032
SPX500_USD,1m,EMA 9 pullback en tendencia,Largo,Régimen 15m a favor,Gap a favor,24,23162,0.20340219875059384,10.361802659409621,7553,0.22492387102160238,5.439271748261167,4.4953311227471415,2.6828991048571513
SPX500_USD,1m,EMA 9 pullback en tendencia,Largo,Régimen 15m a favor,Día a favor (vs apertura),3,27005,0.071766311903899,10.300966909219149,9640,0.016415894544867082,1.2108455951034713,7.969242686473424,0.9536785675109336
SPX500_USD,1m,Martillo / estrella,Largo,Gap a favor,,3,26286,0.07492035199792636,10.284704300673624,9896,0.0646662292559878,4.764784310470191,9.245210886826094,4.245803170752236
SPX500_USD,1m,Martillo / estrella,Largo,Lado del VWAP a favor,,24,26505,0.21011759698061655,10.258592664273616,10367,0.11142522454924982,2.9111884650373137,6.084380356214295,1.7930224382412265
SPX500_USD,1m,EMA 9 pullback en tendencia,Largo,Gap a favor,Mercado hermano a favor del VWAP,3,26421,0.0718360780908909,10.257018208715523,9224,0.030789680351008403,2.2136896702304694,8.101005025999084,1.8456375847972997
SPX500_USD,1m,Martillo / estrella,Largo,Sobre/bajo EMA 200,Régimen 15m a favor,3,16539,0.09084308856483236,10.213196783728463,6280,0.05147559093975047,3.051467450202345,9.539063435392423,2.9149751950634473
SPX500_USD,1m,Martillo / estrella,Largo,Régimen 1h a favor,Día a favor (vs apertura),6,15093,0.13634265248776936,10.209182878583329,5763,0.06109954485737863,2.365157284997003,8.838921383971176,2.0605069524913855
SPX500_USD,1m,Martillo / estrella,Largo,Mercado hermano a favor del VWAP,,6,25859,0.10431266892666588,10.169007174642074,10319,0.08454678100828714,4.398120585987566,8.540656245457843,3.813656827315982
SPX500_USD,1m,EMA 9 pullback en tendencia,Largo,Lado del VWAP a favor,Día a favor (vs apertura),6,41631,0.08168499883860304,10.168937192417358,15064,0.05933047943097239,3.7727281708126745,6.6552967738105355,2.611068179558489
SPX500_USD,1m,EMA 9 pullback en tendencia,Largo,RSI(14) a favor de 50,Gap a favor,3,32821,0.06461332312562783,10.168554296260842,11195,0.033667254979811934,2.618893107482528,7.850185552241896,2.1984740174477615
SPX500_USD,1m,EMA 9 pullback en tendencia,Largo,EMAs 9>21>50 alineadas,Gap a favor,3,32822,0.0645879911915316,10.164796589795838,11196,0.03357441489151314,2.611836479413297,7.847718344158798,2.1930210709527747
SPX500_USD,1m,EMA 9 pullback en tendencia,Largo,Gap a favor,,3,32822,0.0645879911915316,10.164796589795838,11196,0.03357441489151314,2.611836479413297,7.847718344158798,2.1930210709527747
SPX500_USD,1m,EMA 9 pullback en tendencia,Largo,Lado del VWAP a favor,Mercado hermano a favor del VWAP,12,44955,0.10756397723005542,10.155251008063463,16166,0.08591060584673293,4.053269366186066,5.565381520987081,2.339240389989906
SPX500_USD,1m,Martillo / estrella,Largo,Régimen 15m a favor,Mercado hermano a favor del VWAP,3,16074,0.09179798628974807,10.14374827760283,6205,0.06746631379781315,3.9702360991586936,9.448467361579308,3.8382164077222187
SPX500_USD,1m,EMA 9 pullback en tendencia,Largo,Sobre/bajo EMA 200,RSI(14) a favor de 50,12,51203,0.10208531529077004,10.138474009198815,18168,0.09096373691129278,4.519863652682366,5.514988930085296,2.627989948499048
SPX500_USD,1m,EMA 9 pullback en tendencia,Largo,Sobre/bajo EMA 200,,12,51204,0.10207904161467615,10.138046972424073,18169,0.09108326959967404,4.525972342660757,5.5147658493209715,2.631898749932546
SPX500_USD,1m,EMA 9 pullback en tendencia,Largo,Sobre/bajo EMA 200,EMAs 9>21>50 alineadas,12,51204,0.10207904161467615,10.138046972424073,18169,0.09108326959967404,4.525972342660757,5.5147658493209715,2.631898749932546
SPX500_USD,1m,Martillo / estrella,Largo,Bias diario a favor,Gap a favor,3,16403,0.09567764192687467,10.137967261694191,7811,0.05815783235703462,3.7426675747274416,9.239901141717956,3.268258404031109
SPX500_USD,1m,EMA 9 pullback en tendencia,Largo,Lado del VWAP a favor,Bias diario a favor,24,30071,0.1819953970203672,10.101136208559993,13580,0.14616735252824464,4.44352177064589,4.398266317854255,2.0881330233887336
SPX500_USD,1m,EMA 9 pullback en tendencia,Largo,Sobre/bajo EMA 200,Mercado hermano a favor del VWAP,12,44493,0.10787622048709757,10.093430920018628,16015,0.09033726327845838,4.245072307062574,5.5337776342966425,2.472508959442022
SPX500_USD,1m,EMA 9 pullback en tendencia,Largo,Sobre/bajo EMA 200,,24,51204,0.13942634231759451,10.08425464761465,18169,0.1603816854387241,5.696659813802011,4.36638403392138,2.6900627757174145
SPX500_USD,1m,EMA 9 pullback en tendencia,Largo,Sobre/bajo EMA 200,EMAs 9>21>50 alineadas,24,51204,0.13942634231759451,10.08425464761465,18169,0.1603816854387241,5.696659813802011,4.36638403392138,2.6900627757174145
SPX500_USD,1m,EMA 9 pullback en tendencia,Largo,Sobre/bajo EMA 200,RSI(14) a favor de 50,24,51203,0.1393370792575494,10.07781175001936,18168,0.16027980269968983,5.692764936531697,4.363783711040189,2.688149431449914
SPX500_USD,1m,Martillo / estrella,Largo,Sobre/bajo EMA 200,,6,26076,0.10486248392001223,10.07551065316064,10238,0.07644347198891074,3.966064363491204,8.489595039604785,3.422681788969741
SPX500_USD,1m,EMA 9 pullback en tendencia,Largo,RSI(14) a favor de 50,Día a favor (vs apertura),6,42566,0.08014601433884287,10.075089001420753,15510,0.055098812110981735,3.5541242133665514,6.571053591371442,2.453592552086282
SPX500_USD,1m,EMA 9 pullback en tendencia,Largo,EMAs 9>21>50 alineadas,Día a favor (vs apertura),6,42567,0.08014413151848113,10.07508871920531,15511,0.05501421182411299,3.5488430631302537,6.571064006985415,2.449728466107013
SPX500_USD,1m,EMA 9 pullback en tendencia,Largo,Día a favor (vs apertura),,6,42567,0.08014413151848113,10.07508871920531,15511,0.05501421182411299,3.5488430631302537,6.571064006985415,2.449728466107013
SPX500_USD,1m,EMA 9 pullback en tendencia,Largo,Sobre/bajo EMA 200,Día a favor (vs apertura),6,41582,0.08095904416455521,10.061819130466985,15107,0.05465187802942709,3.480425418259941,6.5318821338363975,2.4266525936286087
SPX500_USD,1m,Martillo / estrella,Corto,Hora: mediodía 11:00-14:00,Gap a favor,3,10770,0.11195606019824125,10.05897863979427,4217,0.08738846732827009,4.161674504552426,9.368933986136117,3.8542780759638675
SPX500_USD,1m,EMA 9 pullback en tendencia,Largo,RSI(14) a favor de 50,Mercado hermano a favor del VWAP,12,46692,0.10501400399558053,10.056024435793933,16851,0.08315509534476576,4.001034681832322,5.521078838746537,2.320518032057909
SPX500_USD,1m,EMA 9 pullback en tendencia,Largo,EMAs 9>21>50 alineadas,Mercado hermano a favor del VWAP,12,46693,0.10500706149885904,10.055572762938873,16852,0.08328443299351757,4.007418008534884,5.52084048490327,2.3245217373917613
SPX500_USD,1m,EMA 9 pullback en tendencia,Largo,Mercado hermano a favor del VWAP,,12,46693,0.10500706149885904,10.055572762938873,16852,0.08328443299351757,4.007418008534884,5.52084048490327,2.3245217373917613
SPX500_USD,1m,Martillo / estrella,Largo,Lado del VWAP a favor,,12,26505,0.14568673236852422,10.009027317756933,10367,0.08891985515036702,3.253430040330455,7.320239917974889,2.3547965597639196
SPX500_USD,1m,Martillo / estrella,Largo,Sobre/bajo EMA 200,Lado del VWAP a favor,6,23691,0.10642482203749154,10.006535367608247,9228,0.08206804427996787,4.032539397141034,8.322658823654498,3.516391539379326
SPX500_USD,1m,Martillo / estrella,Largo,Sobre/bajo EMA 200,,24,26076,0.20808266415009005,9.90097076591515,10238,0.11040497926736027,2.8615669561647237,5.9382983599362555,1.7613155371556486
SPX500_USD,1m,Martillo / estrella,Largo,Lado del VWAP a favor,Bias diario a favor,6,17160,0.12666212292438547,9.89792354913663,8251,0.08184648937107565,3.7017784641803444,8.197831707940306,3.328841374338171
SPX500_USD,1m,Martillo / estrella,Largo,Régimen 15m a favor,Gap a favor,6,17009,0.12282741379952318,9.878342677377146,6097,0.08154673070894133,3.403015152313443,7.939225298774987,2.792295909624428
SPX500_USD,1m,Martillo / estrella,Largo,Régimen 15m a favor,,24,24015,0.21695284254885927,9.86807147236115,9268,0.012005322603977828,0.30614076084029695,5.766286854568125,0.17511383417337
SPX500_USD,1m,EMA 9 pullback en tendencia,Largo,Día a favor (vs apertura),Mercado hermano a favor del VWAP,6,38874,0.08122150542468624,9.850572280371063,14192,0.05733548724626825,3.552223600486281,6.512127371789397,2.4483203830778097
SPX500_USD,1m,Martillo / estrella,Largo,Sobre/bajo EMA 200,RSI(14) a favor de 50,3,19523,0.08327437447798576,9.83871308210631,7645,0.08066439365216009,5.141844139226653,9.212110603527822,5.048580345242942
SPX500_USD,1m,EMA 9 pullback en tendencia,Largo,Bias diario a favor,Hora: mediodía 11:00-14:00,24,17245,0.230562594338571,9.829322831538843,7161,0.2159715052609621,4.487539726508663,4.36437824323244,2.076107185015371
SPX500_USD,1m,Martillo / estrella,Largo,Sobre/bajo EMA 200,Día a favor (vs apertura),6,21023,0.11087746868177001,9.82370955260036,8357,0.0767530371398786,3.606057725411053,8.454354328761761,3.0780088232152534
SPX500_USD,1m,Martillo / estrella,Largo,Sobre/bajo EMA 200,Bias diario a favor,6,16890,0.1306685204161203,9.815891802994184,8201,0.06947768977219056,3.1590246154249515,8.212581281824697,2.7272439289338934
SPX500_USD,1m,Martillo / estrella,Largo,Lado del VWAP a favor,RSI(14) a favor de 50,3,19556,0.08283611397058531,9.814805394864726,7651,0.08149068650578471,5.247464533124755,9.157240780162871,5.255260191187213
SPX500_USD,1m,Martillo / estrella,Largo,Día a favor (vs apertura),,12,24628,0.14951005481849922,9.808007297842163,9703,0.07166963702794134,2.521831468144923,7.3106430633248305,1.8039172732552187
SPX500_USD,1m,Martillo / estrella,Largo,Régimen 15m a favor,Día a favor (vs apertura),6,16056,0.1266957386717301,9.806795756239378,6093,0.045591661410252636,1.8436630640875409,8.656429017238775,1.5234271097734642
SPX500_USD,1m,EMA 9 pullback en tendencia,Largo,Régimen 1h a favor,Hora: mediodía 11:00-14:00,3,17157,0.08086465862502129,9.75944224557742,5082,0.02415310034272417,1.271721261811754,7.6882912046997225,1.081606372649078
SPX500_USD,1m,EMA 9 pullback en tendencia,Largo,Régimen 1h a favor,Gap a favor,3,20160,0.07683232300096586,9.756895426925375,6234,0.008760064756298935,0.527062748258178,7.30972696169944,0.4469904344641887
SPX500_USD,1m,Martillo / estrella,Largo,Lado del VWAP a favor,Día a favor (vs apertura),6,21484,0.10930285326126052,9.752168339151435,8392,0.08496839572857094,3.9646416533140947,8.326126373719173,3.426904262330198
SPX500_USD,1m,Martillo / estrella,Largo,Bias diario a favor,RSI(14) a favor de 50,6,16861,0.13008992990408938,9.74417067820436,8198,0.09712514135310472,4.278126038021973,8.518403432113688,3.9088823405096442
SPX500_USD,1m,Martillo / estrella,Largo,Sobre/bajo EMA 200,Lado del VWAP a favor,24,23691,0.20915392514556697,9.743363246503439,9228,0.11548612408474802,2.8400368160556195,5.845724413495463,1.7240976208570928
SPX500_USD,1m,EMA 9 pullback en tendencia,Largo,Sobre/bajo EMA 200,Hora: mediodía 11:00-14:00,3,24478,0.07011658422959528,9.739743182767265,8169,0.0514433249858888,3.3169567845566412,7.769511002057053,2.7134473577689127
SPX500_USD,1m,EMA 9 pullback en tendencia,Largo,Lado del VWAP a favor,Gap a favor,3,28252,0.06593604392881783,9.724075249340974,9733,0.03325008599228046,2.452445101642984,7.466132696300456,2.021178191988495
SPX500_USD,1m,Martillo / estrella,Largo,(ninguna),,24,48092,0.14983040350131435,9.70383288781792,19217,0.0755772399642757,2.679601938302397,5.437765761173557,1.6142461032281525
SPX500_USD,1m,Martillo / estrella,Largo,EMAs 9>21>50 alineadas,Bias diario a favor,3,12826,0.10328673426088922,9.689071266768678,6237,0.08180765669896223,4.597250297650604,9.36354888311856,4.4652682204242495
SPX500_USD,1m,Martillo / estrella,Largo,Bias diario a favor,Día a favor (vs apertura),6,15613,0.13182931257218533,9.6807692444955,7684,0.06694457450656602,2.92736945462248,8.256042482485825,2.4823494496787752
SPX500_USD,1m,Martillo / estrella,Corto,Volatilidad alta,,3,26366,0.06751768305869021,9.666667371568964,10004,0.07132744692934934,5.681314076982061,9.190294723684286,5.406604582843931
SPX500_USD,1m,EMA 9 pullback en tendencia,Largo,Sobre/bajo EMA 200,Gap a favor,3,29392,0.06455136148885682,9.65445148550224,10129,0.028241474267228013,2.120259684113024,7.470186544707086,1.768774279906228
SPX500_USD,1m,EMA 9 pullback en tendencia,Largo,Lado del VWAP a favor,Gap a favor,24,28252,0.1731658584518879,9.648612113629602,9733,0.24753420085446112,6.60360777387993,4.209349251013979,3.1855703266183624
SPX500_USD,1m,Martillo / estrella,Largo,Régimen 1h a favor,Hora: mediodía 11:00-14:00,12,13062,0.1961913958362061,9.628471612304557,4878,0.03277877925549057,0.833829210375775,7.025460610449152,0.5618049155229432
SPX500_USD,1m,Martillo / estrella,Largo,Lado del VWAP a favor,Régimen 1h a favor,6,16296,0.12273504199440718,9.628133728442824,6112,0.07601774402663118,3.055672428618307,7.944265582989986,2.7566458247402528
SPX500_USD,1m,EMA 9 pullback en tendencia,Largo,Lado del VWAP a favor,Día a favor (vs apertura),12,41631,0.10726877367879258,9.617683641020458,15064,0.09582782772814172,4.3629909086688965,5.182216810051189,2.520127185281887
SPX500_USD,1m,EMA 9 pullback en tendencia,Largo,Sobre/bajo EMA 200,Bias diario a favor,24,30701,0.1725071413026112,9.612116662506311,13855,0.15533175525844384,4.747441807266199,4.183248506714869,2.2453253029318283
SPX500_USD,1m,Martillo / estrella,Largo,Régimen 15m a favor,Hora: mediodía 11:00-14:00,3,11881,0.10471652963201081,9.60754020929451,4468,0.07867676536285187,4.000815005009346,8.87748775602052,3.7364504660669557
SPX500_USD,1m,Martillo / estrella,Largo,Sobre/bajo EMA 200,Mercado hermano a favor del VWAP,6,21761,0.1061664504606657,9.603767161495867,8641,0.0825237250904694,3.941950045899606,8.048310676204732,3.3913821269173785
SPX500_USD,1m,Martillo / estrella,Largo,RSI(14) a favor de 50,Mercado hermano a favor del VWAP,3,18377,0.08316539560783016,9.602929421185282,7338,0.08678520057384236,5.46773980522097,8.961093243078396,5.474088555970372
SPX500_USD,1m,Martillo / estrella,Largo,Régimen 15m a favor,Bias diario a favor,6,16248,0.131803665160315,9.60173293349941,7393,0.037314319057879436,1.650193886348882,7.932524816441829,1.381065684927719
SPX500_USD,1m,EMA 9 pullback en tendencia,Largo,Sobre/bajo EMA 200,Día a favor (vs apertura),12,41582,0.10723694691891908,9.590862751722224,15107,0.09281155703198553,4.235415738841286,5.157374391426594,2.4646801149981683
SPX500_USD,1m,Martillo / estrella,Largo,Régimen 15m a favor,Gap a favor,12,17009,0.17256002404449963,9.58058369713828,6097,0.08100005733417134,2.3992368499907615,6.974057549749658,1.7366015164073214
SPX500_USD,1m,Martillo / estrella,Largo,Bias diario a favor,Gap a favor,6,16403,0.12632679192452312,9.571222761741858,7811,0.06813599424068377,3.0414622159291684,7.656748228826922,2.447848272265445
SPX500_USD,1m,EMA 9 pullback en tendencia,Largo,RSI(14) a favor de 50,Día a favor (vs apertura),12,42566,0.10586229257268516,9.570228701482543,15510,0.09226703290080439,4.267029475412895,5.155535922389267,2.4608376355382613
SPX500_USD,1m,EMA 9 pullback en tendencia,Largo,Día a favor (vs apertura),,12,42567,0.105854657214591,9.569760981754998,15511,0.0924069649567137,4.273686885511608,5.155290980645221,2.465134987937044
SPX500_USD,1m,EMA 9 pullback en tendencia,Largo,EMAs 9>21>50 alineadas,Día a favor (vs apertura),12,42567,0.105854657214591,9.569760981754998,15511,0.0924069649567137,4.273686885511608,5.155290980645221,2.465134987937044
SPX500_USD,1m,Martillo / estrella,Largo,Régimen 15m a favor,Gap a favor,24,17009,0.2421493299438672,9.568216828149149,6097,0.09778490562929833,2.0345114533590185,5.589637026145172,1.2068007713746025
SPX500_USD,1m,EMA 9 pullback en tendencia,Largo,Hora: mediodía 11:00-14:00,RSI(14) a favor de 50,3,28864,0.06356038037230152,9.548917999165143,9501,0.04467182097828823,3.0871976212676686,7.5571791479763135,2.5700460340727886
SPX500_USD,1m,EMA 9 pullback en tendencia,Largo,EMAs 9>21>50 alineadas,Hora: mediodía 11:00-14:00,3,28865,0.06353161225180429,9.544837581968917,9502,0.04456127138929731,3.07979195801661,7.554433786111918,2.5642525088782966
SPX500_USD,1m,EMA 9 pullback en tendencia,Largo,Hora: mediodía 11:00-14:00,,3,28865,0.06353161225180429,9.544837581968917,9502,0.04456127138929731,3.07979195801661,7.554433786111918,2.5642525088782966
SPX500_USD,1m,Martillo / estrella,Largo,Régimen 15m a favor,Régimen 1h a favor,6,19373,0.11670687728100289,9.540444465648202,7290,0.053271421146913044,2.3600065582490486,7.856147786588387,2.024856551334632
SPX500_USD,1m,EMA 9 pullback en tendencia,Largo,Bias diario a favor,Hora: mediodía 11:00-14:00,3,17245,0.08124643048004947,9.533880575241495,7161,0.056835542640989084,3.342615567661148,7.639774087425564,2.682141886511509
SPX500_USD,1m,EMA 9 pullback en tendencia,Largo,Mercado hermano a favor del VWAP,,24,46693,0.13652785362054032,9.527647438871924,16852,0.14483354329345932,4.994065061443155,4.153051761198369,2.342554754894297
SPX500_USD,1m,EMA 9 pullback en tendencia,Largo,EMAs 9>21>50 alineadas,Mercado hermano a favor del VWAP,24,46693,0.13652785362054032,9.527647438871924,16852,0.14483354329345932,4.994065061443155,4.153051761198369,2.342554754894297
SPX500_USD,1m,Martillo / estrella,Largo,Bias diario a favor,Hora: mediodía 11:00-14:00,6,14700,0.13675410787935122,9.525736391778361,7462,0.06748564417778048,2.8369706861873794,7.791652227265299,2.3146490150278365
SPX500_USD,1m,EMA 9 pullback en tendencia,Largo,RSI(14) a favor de 50,Mercado hermano a favor del VWAP,24,46692,0.13642990461531054,9.520830546266918,16851,0.14472277516427293,4.989985893357087,4.150283034004242,2.3405793320905808
SPX500_USD,1m,Martillo / estrella,Largo,Lado del VWAP a favor,Gap a favor,24,15011,0.25478506692129876,9.516473980522886,5564,0.22518706388062695,4.40817640288642,5.708439950001514,2.807806827071398
SPX500_USD,1m,Martillo / estrella,Largo,EMAs 9>21>50 alineadas,,3,19844,0.08003307831150541,9.505441972076412,7864,0.07845536638560288,5.061275809606339,9.123787684329228,4.919135869787451
SPX500_USD,1m,EMA 9 pullback en tendencia,Largo,Lado del VWAP a favor,Hora: mediodía 11:00-14:00,3,24057,0.0688299007110189,9.491362310163122,8045,0.04471651936770004,2.868017823801154,7.527885613188592,2.3715797700500993
SPX500_USD,1m,Martillo / estrella,Largo,EMAs 9>21>50 alineadas,RSI(14) a favor de 50,3,18438,0.08304886606232734,9.484803490042522,7273,0.07862464675090164,4.8706276615292765,9.074224070684355,4.816108925356877
SPX500_USD,1m,Martillo / estrella,Largo,Régimen 15m a favor,Gap a favor,3,17009,0.08390253587963249,9.476161341811856,6097,0.0669771174334863,3.960181102882352,8.665872015588322,3.660069727248658
SPX500_USD,1m,EMA 9 pullback en tendencia,Largo,Lado del VWAP a favor,Mercado hermano a favor del VWAP,24,44955,0.13731650776572787,9.476058730161572,16166,0.1534742748992118,5.193846582097687,4.119928890926976,2.4377018176401233
SPX500_USD,1m,Martillo / estrella,Corto,Lado del VWAP a favor,,3,21519,0.07791483005750444,9.472777506721298,8233,0.07583161792236369,5.008471816751955,8.983508277767704,4.914959659288964
SPX500_USD,1m,Martillo / estrella,Corto,Sobre/bajo EMA 200,,3,21879,0.07715682669143005,9.469113261531497,8345,0.07024346174086467,4.6869695671003715,9.090705539087717,4.658483712414333
SPX500_USD,1m,Martillo / estrella,Largo,Lado del VWAP a favor,Mercado hermano a favor del VWAP,6,22933,0.10181723318372035,9.4521379459698,9034,0.07621478745046,3.7101186782052658,7.942426931139102,3.2496176736389386
SPX500_USD,1m,Martillo / estrella,Largo,Bias diario a favor,,24,29411,0.19378657538245514,9.444410112606958,15190,0.03508703176181126,1.0836054075614487,5.291979086330187,0.6672940014572392
SPX500_USD,1m,EMA 9 pullback en tendencia,Largo,Sobre/bajo EMA 200,Mercado hermano a favor del VWAP,24,44493,0.13802204800865064,9.438948508088124,16015,0.15230736792947014,5.121970686313479,4.122039795909546,2.4123948195702027
SPX500_USD,1m,Martillo / estrella,Largo,Lado del VWAP a favor,Hora: mediodía 11:00-14:00,3,13272,0.09253355408709986,9.43645677222483,5096,0.08653542700158207,4.581516700040795,8.463015391417354,4.525141968840259
SPX500_USD,1m,Martillo / estrella,Largo,Bias diario a favor,Mercado hermano a favor del VWAP,6,16456,0.12401853139745767,9.433631702969576,8208,0.08342071172127487,3.7911709384409296,7.945639743195906,3.2878564718376864
SPX500_USD,1m,Martillo / estrella,Largo,Régimen 1h a favor,Hora: mediodía 11:00-14:00,6,13062,0.13819864881743762,9.416596868370911,4878,0.06597168370479439,2.367755317386001,7.790676462694146,1.9171503907161251
SPX500_USD,1m,EMA 9 pullback en tendencia,Largo,EMAs 9>21>50 alineadas,RSI(14) a favor de 50,12,58384,0.08856180690401622,9.390701682573326,20632,0.09556705329788254,5.028628473264461,5.102727193026522,2.932801013246712
SPX500_USD,1m,EMA 9 pullback en tendencia,Largo,RSI(14) a favor de 50,,12,58384,0.08856180690401622,9.390701682573326,20632,0.09556705329788254,5.028628473264461,5.102727193026522,2.932801013246712
SPX500_USD,1m,EMA 9 pullback en tendencia,Largo,(ninguna),,12,58385,0.08855653647835338,9.390302197767873,20633,0.0956720882466933,5.034322397319339,5.102519508596664,2.936419621992947
SPX500_USD,1m,EMA 9 pullback en tendencia,Largo,EMAs 9>21>50 alineadas,,12,58385,0.08855653647835338,9.390302197767873,20633,0.0956720882466933,5.034322397319339,5.102519508596664,2.936419621992947
SPX500_USD,1m,Martillo / estrella,Corto,Hora: mediodía 11:00-14:00,,6,24085,0.09705940627763439,9.383081921806292,9125,0.0679714531714109,3.3607785329484026,7.6595577323801445,2.9694783855222546
SPX500_USD,1m,Martillo / estrella,Largo,Gap a favor,Mercado hermano a favor del VWAP,24,14741,0.2520414978698844,9.376319523332986,5500,0.2519285534990825,4.865814889184334,5.716902461127507,3.101130662782916
SPX500_USD,1m,Martillo / estrella,Largo,Mercado hermano a favor del VWAP,,24,25859,0.19395713607385912,9.366518749239177,10319,0.14037171554130276,3.6728318941402973,5.647252489851964,2.247769021843294
SPX500_USD,1m,EMA 9 pullback en tendencia,Largo,Bias diario a favor,Día a favor (vs apertura),3,25396,0.06870265882222792,9.353899574481694,11846,0.0336579580631319,2.6553155891229077,7.183045261675057,2.136774109382048
SPX500_USD,1m,Martillo / estrella,Largo,Régimen 1h a favor,Bias diario a favor,12,18374,0.16979909422294798,9.329575915890855,8317,0.04116252995055161,1.3541490631079365,6.5703632274573405,1.0282129987389332
SPX500_USD,1m,Estocástico cruza en extremo,Corto,(ninguna),,3,28027,0.06296319714755667,9.312613125281521,14252,0.009462588979241213,0.8764804191249415,9.514500180725856,0.8370263160814816
SPX500_USD,1m,Martillo / estrella,Largo,Gap a favor,,6,26286,0.09512059820714508,9.304058679616826,9896,0.06701524356419486,3.432740546958445,7.333501938287845,2.8001983724359727
SPX500_USD,1m,Martillo / estrella,Largo,Régimen 1h a favor,Hora: mediodía 11:00-14:00,24,13062,0.2717770192810462,9.299662627975627,4878,0.004444251174960194,0.08075216288950776,5.254336407528173,0.04606653823707921
SPX500_USD,1m,EMA 9 pullback en tendencia,Largo,Bias diario a favor,,6,34786,0.08188376962158808,9.29005235583574,15738,0.055153612332676544,3.480147562432725,6.102101458706161,2.4194103355990175
SPX500_USD,1m,EMA 9 pullback en tendencia,Largo,EMAs 9>21>50 alineadas,Bias diario a favor,6,34786,0.08188376962158808,9.29005235583574,15738,0.055153612332676544,3.480147562432725,6.102101458706161,2.4194103355990175
SPX500_USD,1m,EMA 9 pullback en tendencia,Largo,Bias diario a favor,RSI(14) a favor de 50,6,34786,0.08188376962158808,9.29005235583574,15738,0.055153612332676544,3.480147562432725,6.102101458706161,2.4194103355990175
SPX500_USD,1m,Martillo / estrella,Largo,Régimen 15m a favor,RSI(14) a favor de 50,3,14343,0.0890740735242334,9.288029478200727,5427,0.054063752393713645,2.983135326790511,8.933403653220685,2.9477052400889696
SPX500_USD,1m,EMA 9 pullback en tendencia,Largo,Régimen 15m a favor,,6,33298,0.08083473424866636,9.283719243600137,11481,0.019047233000096697,1.0896515660448618,6.0417388122915865,0.7329410479194425
SPX500_USD,1m,EMA 9 pullback en tendencia,Largo,Régimen 15m a favor,RSI(14) a favor de 50,6,33298,0.08083473424866636,9.283719243600137,11480,0.019158398807632433,1.0959378220458644,6.0417388122915865,0.7371962778396287
SPX500_USD,1m,EMA 9 pullback en tendencia,Largo,EMAs 9>21>50 alineadas,Régimen 15m a favor,6,33298,0.08083473424866636,9.283719243600137,11481,0.019047233000096697,1.0896515660448618,6.0417388122915865,0.7329410479194425
SPX500_USD,1m,EMA 9 pullback en tendencia,Largo,(ninguna),,24,58385,0.12066465608971211,9.279407269807193,20633,0.1690182669854343,6.35013100752671,4.006800697196864,3.0177836176361743
SPX500_USD,1m,EMA 9 pullback en tendencia,Largo,EMAs 9>21>50 alineadas,,24,58385,0.12066465608971211,9.279407269807193,20633,0.1690182669854343,6.35013100752671,4.006800697196864,3.0177836176361743
SPX500_USD,1m,EMA 9 pullback en tendencia,Largo,RSI(14) a favor de 50,,24,58384,0.12058605068155717,9.273372920013456,20632,0.16892897030933754,6.346504182861594,4.004358911613517,3.016001098980252
SPX500_USD,1m,EMA 9 pullback en tendencia,Largo,EMAs 9>21>50 alineadas,RSI(14) a favor de 50,24,58384,0.12058605068155717,9.273372920013456,20632,0.16892897030933754,6.346504182861594,4.004358911613517,3.016001098980252
SPX500_USD,1m,Martillo / estrella,Corto,Mercado hermano a favor del VWAP,,3,21212,0.07690156080300269,9.272662440668281,8169,0.07379417581465648,4.89372951807661,8.724356029082129,4.699642038087509
SPX500_USD,1m,Martillo / estrella,Largo,Día a favor (vs apertura),Mercado hermano a favor del VWAP,6,20147,0.10714150376669104,9.264998088033995,8032,0.0820135922073031,3.7604405798864144,7.930348925179351,3.1614838425521135
SPX500_USD,1m,Martillo / estrella,Largo,Sobre/bajo EMA 200,,12,26076,0.13800344607441783,9.263274785292472,10238,0.08441334138644474,3.0781356633403267,6.818316055047638,2.223899860339735
SPX500_USD,1m,Martillo / estrella,Largo,Régimen 1h a favor,Gap a favor,3,15611,0.08628998758244881,9.256840917735868,5566,0.08551260138395843,4.839864108886322,8.232053916939789,4.594355330605107
SPX500_USD,1m,Martillo / estrella,Largo,Hora: mediodía 11:00-14:00,Mercado hermano a favor del VWAP,3,12837,0.09219360424078732,9.244244126090663,5077,0.08273714432061521,4.3731223889605575,8.257134416707569,4.275941379499285
SPX500_USD,1m,Martillo / estrella,Largo,RSI(14) a favor de 50,Día a favor (vs apertura),3,16615,0.08506571509041734,9.23953494677023,6621,0.07367297544708057,4.394113326349532,8.756191110644512,4.329605575616842
SPX500_USD,1m,Martillo / estrella,Largo,Sobre/bajo EMA 200,Régimen 1h a favor,6,16014,0.12236693317298249,9.22876838283506,6072,0.06050344996441097,2.452507375540495,7.788878878080788,2.134952501142112
SPX500_USD,1m,Martillo / estrella,Largo,Sobre/bajo EMA 200,Día a favor (vs apertura),24,21023,0.20897754906103763,9.223421809879842,8357,0.09976484526316792,2.3450236605515182,5.571196192127247,1.3988417440282004
SPX500_USD,1m,Martillo / estrella,Largo,Régimen 1h a favor,RSI(14) a favor de 50,6,15179,0.12480668082173688,9.19834269434629,5722,0.06440065688095443,2.5116708519834865,7.957349742956172,2.247232528360563
SPX500_USD,1m,EMA 9 pullback en tendencia,Largo,Gap a favor,,24,32822,0.15533344902306812,9.191555932780814,11196,0.27862428562966285,7.864386538862532,3.983643789717486,3.8521738988987257
SPX500_USD,1m,EMA 9 pullback en tendencia,Largo,EMAs 9>21>50 alineadas,Gap a favor,24,32822,0.15533344902306812,9.191555932780814,11196,0.27862428562966285,7.864386538862532,3.983643789717486,3.8521738988987257
SPX500_USD,1m,Martillo / estrella,Largo,Mercado hermano a favor del VWAP,,12,25859,0.13566728626199276,9.189521787028449,10319,0.09795581076754217,3.5929097992550925,6.734855566581797,2.600206054173633
SPX500_USD,1m,Martillo / estrella,Largo,Régimen 1h a favor,Día a favor (vs apertura),12,15093,0.1744010935808637,9.187378039399565,5763,0.06617865786099464,1.814863942493602,6.78140410176878,1.2691540579755995
SPX500_USD,1m,Martillo / estrella,Largo,Lado del VWAP a favor,Gap a favor,6,15011,0.12076777024026338,9.186235739906222,5564,0.10028552113736444,3.895737803767293,7.493932125550891,3.484494271704447
SPX500_USD,1m,EMA 9 pullback en tendencia,Largo,RSI(14) a favor de 50,Gap a favor,24,32821,0.1551946772197475,9.183374199198083,11195,0.278469505549039,7.8593907100561475,3.98037924900368,3.849555773920545
SPX500_USD,1m,EMA 9 pullback en tendencia,Largo,Gap a favor,Mercado hermano a favor del VWAP,24,26421,0.16958777823890694,9.182362468573356,9224,0.2563794256357734,6.755803111021636,3.9977089921213294,3.2940774143235827
SPX500_USD,1m,Martillo / estrella,Largo,Hora: mediodía 11:00-14:00,,6,23908,0.09856473196127902,9.179324379908111,9429,0.06072125212282873,2.9492623711975074,7.484993415841564,2.422283083236957
SPX500_USD,1m,Martillo / estrella,Largo,Día a favor (vs apertura),,24,24628,0.19580833961977834,9.176822809579901,9703,0.06856356152704861,1.7149154809485492,5.401828358183898,1.0195561526611736
SPX500_USD,1m,Martillo / estrella,Largo,Sobre/bajo EMA 200,Hora: mediodía 11:00-14:00,3,13143,0.09009964800237473,9.147005271177695,5037,0.08513935606063561,4.4439433665155335,8.325877220741257,4.390319833244816
SPX500_USD,1m,Martillo / estrella,Largo,Sobre/bajo EMA 200,Mercado hermano a favor del VWAP,24,21761,0.20323278159515012,9.143523325818894,8641,0.1298273328158695,3.094515569035816,5.580051632496379,1.8935696371468416
SPX500_USD,1m,Martillo / estrella,Largo,Sobre/bajo EMA 200,Lado del VWAP a favor,12,23691,0.13994150680499437,9.130104417361808,9228,0.09118804222434562,3.1481490624795136,6.668455134243497,2.254908001750796
SPX500_USD,1m,Martillo / estrella,Largo,Gap a favor,Mercado hermano a favor del VWAP,6,14741,0.1210291652756764,9.12290043854734,5500,0.11203635958237278,4.3441389918313025,7.609776041753532,3.7944770411728106
SPX500_USD,1m,Martillo / estrella,Largo,EMAs 9>21>50 alineadas,Lado del VWAP a favor,3,16863,0.08272962079235684,9.116802057410942,6651,0.07727739898620999,4.640117977465795,8.622718998883535,4.478435271374813
SPX500_USD,1m,Martillo / estrella,Largo,Lado del VWAP a favor,Día a favor (vs apertura),12,21484,0.1472944643361412,9.10805560368064,8392,0.10482693327316366,3.440271048362818,6.789251917215042,2.454392155227715
SPX500_USD,1m,Martillo / estrella,Corto,RSI(14) a favor de 50,,3,24140,0.07180929697081488,9.094552702233063,9134,0.05982677409540339,4.075015557319622,8.94652160447993,3.8429082833629518
SPX500_USD,1m,Martillo / estrella,Largo,Hora: mediodía 11:00-14:00,Día a favor (vs apertura),3,12331,0.09183785561276439,9.066123365710618,4806,0.07055251569954223,3.634413625302339,8.369942706958083,3.5727770225454196
SPX500_USD,1m,EMA 9 pullback en tendencia,Largo,Lado del VWAP a favor,Régimen 15m a favor,6,30507,0.08266647281579803,9.058481311080614,10572,0.021527081377872095,1.1823948993798388,5.893275960569178,0.7885662491387251
SPX500_USD,3m,EMA 9 pullback en tendencia,Corto,Régimen 1h a favor,Gap a favor,24,3872,0.4900664811058842,9.604127921000272,1826,0.4588485253967444,5.056642844314561,3.9385765489363034,2.194044661012762
SPX500_USD,3m,EMA 9 pullback en tendencia,Largo,(ninguna),,12,21637,0.1449642202767286,9.22310240233292,9166,0.07596579653508732,2.820291630272931,4.847254513427477,1.5030972208843651
SPX500_USD,3m,EMA 9 pullback en tendencia,Largo,RSI(14) a favor de 50,,12,21637,0.1449642202767286,9.22310240233292,9166,0.07596579653508732,2.820291630272931,4.847254513427477,1.5030972208843651
SPX500_USD,3m,EMA 9 pullback en tendencia,Largo,EMAs 9>21>50 alineadas,,12,21637,0.1449642202767286,9.22310240233292,9166,0.07596579653508732,2.820291630272931,4.847254513427477,1.5030972208843651
SPX500_USD,3m,EMA 9 pullback en tendencia,Largo,EMAs 9>21>50 alineadas,RSI(14) a favor de 50,12,21637,0.1449642202767286,9.22310240233292,9166,0.07596579653508732,2.820291630272931,4.847254513427477,1.5030972208843651
US2000_USD,1m,EMA 9 pullback en tendencia,Largo,Lado del VWAP a favor,Gap a favor,24,27854,0.21293126679241375,10.80262629783669,12463,0.03589245779765387,1.1912356767440688,4.553221896322281,0.5172954883108714
US2000_USD,1m,EMA 9 pullback en tendencia,Largo,Día a favor (vs apertura),Gap a favor,24,23375,0.22779534243384433,10.581853258961694,11002,0.08406543084317784,2.655415746768071,4.418335357627921,1.1894086182510506
US2000_USD,1m,EMA 9 pullback en tendencia,Largo,RSI(14) a favor de 50,Gap a favor,24,32592,0.1917799376646305,10.394415304981441,14705,0.07882646669015518,2.795975121232975,4.3639421031469,1.2430238078677973
US2000_USD,1m,EMA 9 pullback en tendencia,Largo,EMAs 9>21>50 alineadas,Gap a favor,24,32592,0.1917799376646305,10.394415304981441,14705,0.07882646669015518,2.795975121232975,4.3639421031469,1.2430238078677973
US2000_USD,1m,EMA 9 pullback en tendencia,Largo,Gap a favor,,24,32592,0.1917799376646305,10.394415304981441,14705,0.07882646669015518,2.795975121232975,4.3639421031469,1.2430238078677973
US2000_USD,1m,EMA 9 pullback en tendencia,Largo,Gap a favor,Mercado hermano a favor del VWAP,24,26045,0.20245285258026918,10.146165888514444,10781,0.0697454013278356,2.163085420991551,4.382901272733686,0.9940252759412034
US2000_USD,1m,EMA 9 pullback en tendencia,Largo,Sobre/bajo EMA 200,Gap a favor,24,29150,0.19239825522646611,9.973729320695448,13070,0.028177808702744063,0.9630371887980772,4.1834394100753265,0.4161339902779907
US2000_USD,1m,EMA 9 pullback en tendencia,Largo,Sobre/bajo EMA 200,Lado del VWAP a favor,24,46878,0.15081328141095887,9.8681948105701,22754,0.04583116065910243,2.061269872328594,4.21547638976984,0.8951323756958404
US2000_USD,1m,RSI(2) extremo,Corto,Bias diario a favor,Mercado hermano a favor del VWAP,6,3249,0.2705311064572149,9.855374652925192,1201,0.17456373058924263,3.895319192072952,7.215987677809384,2.551577920989802
US2000_USD,1m,EMA 9 pullback en tendencia,Largo,Lado del VWAP a favor,,24,48563,0.14653312159678464,9.765595061756153,23571,0.037716206839944255,1.7218969400338706,4.181624558903517,0.7489264583653116
US2000_USD,1m,EMA 9 pullback en tendencia,Largo,EMAs 9>21>50 alineadas,Lado del VWAP a favor,24,48563,0.14653312159678464,9.765595061756153,23571,0.037716206839944255,1.7218969400338706,4.181624558903517,0.7489264583653116
US2000_USD,1m,EMA 9 pullback en tendencia,Largo,Lado del VWAP a favor,RSI(14) a favor de 50,24,48562,0.14646593332862176,9.761014200898064,23569,0.03767957778445033,1.720207819660368,4.179583252913564,0.7480484743265383
US2000_USD,1m,RSI(2) extremo,Corto,Hora: cierre 14:00-15:45,,6,11129,0.1544076044203912,9.532496131355217,5423,0.02161852439313737,0.8954427975048801,6.185421714056558,0.5981498407175567
US2000_USD,1m,EMA 9 pullback en tendencia,Largo,Lado del VWAP a favor,Día a favor (vs apertura),24,40744,0.15598881767159073,9.503598778217789,20139,0.08293363965648161,3.5453518097537473,4.078814739159497,1.582407463510696
US2000_USD,1m,EMA 9 pullback en tendencia,Largo,Lado del VWAP a favor,Mercado hermano a favor del VWAP,24,43299,0.14558927924108783,9.311759933083284,19298,0.04967654242620865,2.068698248331323,4.097925325923335,0.9303441497368369
US2000_USD,1m,EMA 9 pullback en tendencia,Largo,EMAs 9>21>50 alineadas,Día a favor (vs apertura),24,41886,0.15043717925019004,9.239554987993666,20797,0.09283356329259813,4.0208644856661175,3.9378926596730697,1.7746896365573568
US2000_USD,1m,EMA 9 pullback en tendencia,Largo,Día a favor (vs apertura),,24,41886,0.15043717925019004,9.239554987993666,20797,0.09283356329259813,4.0208644856661175,3.9378926596730697,1.7746896365573568
US2000_USD,1m,EMA 9 pullback en tendencia,Largo,RSI(14) a favor de 50,Día a favor (vs apertura),24,41885,0.15035937352926673,9.234661278117482,20795,0.09279734903455387,4.019257415022533,3.9357182771512185,1.773810225515715
US2000_USD,1m,EMA 9 pullback en tendencia,Largo,Sobre/bajo EMA 200,Día a favor (vs apertura),24,41034,0.15145220507573376,9.221713376466706,20421,0.0968171859525924,4.1598548365777255,3.924314642100933,1.8404380903031656
US2000_USD,1m,EMA 9 pullback en tendencia,Largo,EMAs 9>21>50 alineadas,Mercado hermano a favor del VWAP,24,45784,0.13863194257983277,9.051296330282257,20556,0.056952621297884636,2.4359774599843256,3.974930757769374,1.0903428681696248
US2000_USD,1m,EMA 9 pullback en tendencia,Largo,Mercado hermano a favor del VWAP,,24,45784,0.13863194257983277,9.051296330282257,20556,0.056952621297884636,2.4359774599843256,3.974930757769374,1.0903428681696248
US2000_USD,3m,EMA 9 pullback en tendencia,Corto,Régimen 1h a favor,Día a favor (vs apertura),24,6236,0.3870382754741463,9.596297785529496,3322,0.11061787229478408,2.0096534833127957,4.0451361467292495,0.8224932346540356
