inst,tf,trigger,side,f1,f2,h,n_d,gross_atr_d,t_d,n_v,gross_atr_v,t_v,tclu_d,tclu_v,mercados_pos_validacion,cost_nq_2018_19,gross_mean,score
SPX500_USD,1m,EMA 9 pullback en tendencia,Largo,EMAs 9>21>50 alineadas,Gap a favor,24,32822,0.15533344902306812,9.191555932780814,11196,0.27862428562966285,7.864386538862532,3.983643789717486,3.8521738988987257,3,0.200516415,0.21697886732636548,3.8521738988987257
SPX500_USD,1m,EMA 9 pullback en tendencia,Largo,Gap a favor,,24,32822,0.15533344902306812,9.191555932780814,11196,0.27862428562966285,7.864386538862532,3.983643789717486,3.8521738988987257,3,0.200516415,0.21697886732636548,3.8521738988987257
SPX500_USD,1m,EMA 9 pullback en tendencia,Largo,RSI(14) a favor de 50,Gap a favor,24,32821,0.1551946772197475,9.183374199198083,11195,0.278469505549039,7.8593907100561475,3.98037924900368,3.849555773920545,3,0.200516415,0.21683209138439324,3.849555773920545
SPX500_USD,1m,EMA 9 pullback en tendencia,Largo,Gap a favor,Mercado hermano a favor del VWAP,24,26421,0.16958777823890694,9.182362468573356,9224,0.2563794256357734,6.755803111021636,3.9977089921213294,3.2940774143235827,3,0.200516415,0.21298360193734017,3.2940774143235827
SPX500_USD,1m,EMA 9 pullback en tendencia,Largo,Lado del VWAP a favor,Gap a favor,24,28252,0.1731658584518879,9.648612113629602,9733,0.24753420085446112,6.60360777387993,4.209349251013979,3.1855703266183624,3,0.200516415,0.2103500296531745,3.1855703266183624
SPX500_USD,1m,Martillo / estrella,Largo,Gap a favor,Mercado hermano a favor del VWAP,24,14741,0.2520414978698844,9.376319523332986,5500,0.2519285534990825,4.865814889184334,5.716902461127507,3.101130662782916,3,0.200516415,0.25198502568448344,3.101130662782916
SPX500_USD,1m,Martillo / estrella,Largo,Lado del VWAP a favor,Gap a favor,24,15011,0.25478506692129876,9.516473980522886,5564,0.22518706388062695,4.40817640288642,5.708439950001514,2.807806827071398,3,0.200516415,0.23998606540096284,2.807806827071398
SPX500_USD,1m,EMA 9 pullback en tendencia,Largo,Régimen 15m a favor,Gap a favor,24,23162,0.20340219875059384,10.361802659409621,7553,0.22492387102160238,5.439271748261167,4.4953311227471415,2.6828991048571513,3,0.200516415,0.2141630348860981,2.6828991048571513
US2000_USD,1m,RSI(2) extremo,Corto,Bias diario a favor,Mercado hermano a favor del VWAP,6,3249,0.2705311064572149,9.855374652925192,1201,0.17456373058924263,3.895319192072952,7.215987677809384,2.551577920989802,3,0.200516415,0.22254741852322876,2.551577920989802
SPX500_USD,3m,EMA 9 pullback en tendencia,Corto,Régimen 1h a favor,Gap a favor,24,3872,0.4900664811058842,9.604127921000272,1826,0.4588485253967444,5.056642844314561,3.9385765489363034,2.194044661012762,3,0.11331688,0.4744575032513143,2.194044661012762
SPX500_USD,1m,EMA 9 pullback en tendencia,Largo,Bias diario a favor,Hora: mediodía 11:00-14:00,24,17245,0.230562594338571,9.829322831538843,7161,0.2159715052609621,4.487539726508663,4.36437824323244,2.076107185015371,2,0.200516415,0.22326704979976653,2.076107185015371
