inst,period,días,n,net_pts,t,win
NAS100_USD,descubrimiento,días de swing activo,144,-0.0250000000000272,-0.013818004925582723,54.166666666666664
NAS100_USD,descubrimiento,todos los días,1553,-0.4790244687701252,-0.8249795642927118,51.96394075981971
NAS100_USD,validacion,días de swing activo,105,4.931190476190439,1.304824870188028,57.14285714285714
NAS100_USD,validacion,todos los días,774,-0.42241602067183515,-0.3451029934041712,53.229974160206716
SPX500_USD,descubrimiento,días de swing activo,105,-0.06428571428572373,-0.07068090175436022,50.476190476190474
SPX500_USD,descubrimiento,todos los días,1555,-0.43160771704180506,-1.2969020810589231,51.31832797427652
SPX500_USD,validacion,días de swing activo,90,0.9877777777777548,0.6441680860866594,53.333333333333336
SPX500_USD,validacion,todos los días,774,-0.2929715762273945,-0.6332815476779804,50.90439276485789
US2000_USD,descubrimiento,días de swing activo,141,0.11589361702127429,0.16768214428089764,53.90070921985816
US2000_USD,descubrimiento,todos los días,1545,-0.2385546925566334,-0.9327986729909347,51.003236245954696
US2000_USD,validacion,días de swing activo,87,0.10465517241378898,0.08766537348516212,51.724137931034484
US2000_USD,validacion,todos los días,774,-0.03834366925064399,-0.100820689964714,52.19638242894057
