inst,tf,trigger,side,f1,f2,h,n_d,gross_d,net_d,t_d,n_v,gross_v,net_v,t_v,days_d,tclu_d,nov_n_d,nov_net_d,nov_t_d,days_v,tclu_v,nov_n_v,nov_net_v,nov_t_v
NAS100_USD,1m,Barrido del día anterior,Largo,Sobre/bajo EMA 200,EMAs 9>21>50 alineadas,24,961,1.4950041359098596,0.7700041359098596,3.0637024184982464,461,1.657054446007321,0.9320544460073212,1.8129206671951452,233,1.7817840929057016,391,0.31822038343190534,0.8061028735793963,107,1.2970975097066362,183,-0.036460734716530274,-0.047588151815969544
NAS100_USD,1m,Barrido del día anterior,Largo,Sobre/bajo EMA 200,RSI(14) a favor de 50,24,1156,1.4153109751770654,0.6903109751770654,3.012485902753048,554,0.93249159169111,0.2074915916911101,0.4443435085007401,244,1.72959247585189,479,0.2973345348382044,0.8284187057902541,118,0.3136207081800161,219,-0.5478263680793379,-0.7621484638371366
NAS100_USD,1m,Barrido del día anterior,Largo,EMAs 9>21>50 alineadas,ADX > 25,24,475,1.9397892680921047,1.214789268092105,3.2532698837447973,277,1.750913103564982,1.025913103564982,1.6865946704003605,176,1.8837727496055732,214,0.5320064936842872,1.0563612088185785,89,0.9785551955780463,106,0.8608684035966979,0.8563636187707515
NAS100_USD,1m,Barrido del día anterior,Largo,EMAs 9>21>50 alineadas,Volatilidad alta,24,887,1.5953759985819476,0.8703759985819476,3.1946201735158057,433,1.9014027091151848,1.1764027091151847,2.166710851748495,248,1.8759496285300366,376,0.36967753958194777,0.9123963556931646,123,1.5958944298485054,183,0.33951449368169395,0.43124493114217843
NAS100_USD,3m,EMA 9 pullback en tendencia,Corto,Régimen 1h a favor,Hora: apertura 9:35-11:00,24,1538,1.9052644687449205,1.1802644687449204,3.6293801322372192,745,0.6493930893456376,-0.0756069106543624,-0.1023596900016508,328,1.7466367094986253,368,0.40787817913552954,0.5766215436259219,162,-0.047461195832711175,184,-0.05652837338654925,-0.03509309599249702
NAS100_USD,3m,EMA 9 pullback en tendencia,Corto,Bias diario a favor,Hora: mediodía 11:00-14:00,24,1669,1.8294787444062688,1.104478744406269,3.9527013164661375,232,-5.112945556640625,-5.837945556640625,-4.395649781176759,195,1.6752116705240445,345,0.4767394134963765,0.7662906980996292,28,-2.384933712408474,47,-5.363303066821808,-1.6511275657633626
NAS100_USD,3m,Control: cualquier vela,Corto,Hora: mediodía 11:00-14:00,Volatilidad baja,24,465,2.415702704973118,1.690702704973118,3.501377911011964,383,2.605200386545365,1.8802003865453651,3.4465198679687035,40,0.7972593332374364,46,0.525013268512228,0.4204754385241985,20,0.8509825481593021,28,2.1570975167410715,1.0702136197039112
NAS100_USD,3m,Control: cualquier vela,Corto,Volatilidad baja,RSI(14) a favor de 50,24,427,2.827404585040984,2.102404585040984,4.559809497396932,301,2.107633571688123,1.3826335716881228,2.2830821971662045,43,1.1827971215947763,53,-0.15329635908018857,-0.20271642636721587,22,0.6506665468175991,33,1.014346590909091,0.5103210883722246
NAS100_USD,5m,Control: cualquier vela,Largo,Sobre/bajo EMA 200,Volatilidad baja,24,304,2.5717090807462992,1.8467090807462991,5.321458299543741,290,0.1220972521551724,-0.6029027478448276,-1.8235897728517505,29,1.786500576527713,31,2.6427348475302432,2.1117437935461307,15,-0.3865620362989026,21,0.7797781808035718,0.5803122185072183
NAS100_USD,5m,Control: cualquier vela,Largo,Volatilidad baja,Gap a favor,24,300,2.197330322265625,1.4723303222656248,4.24862320759045,292,-0.8557898116438356,-1.5807898116438357,-5.016374295961917,23,1.388697868013649,27,2.986100260416667,2.233135840473932,13,-1.2188156976400628,19,0.31712068256578974,0.22251672643409381
NAS100_USD,5m,Control: cualquier vela,Largo,Volatilidad baja,,24,424,1.7169773893536262,0.9919773893536262,3.432174420962419,398,0.1394717729271356,-0.5855282270728643,-2.2542324500968567,34,1.0345329415567233,38,2.098672645970396,1.7904190196947716,18,-0.5117078877350736,27,0.997231264467593,0.9029544126117947
NAS100_USD,5m,EMA 9 pullback en tendencia,Corto,Régimen 1h a favor,Gap a favor,24,2477,1.848002206234861,1.1230022062348608,3.795372518239788,1247,1.071057060382418,0.3460570603824179,0.5732633718139221,247,1.4847155135500696,479,0.4493243064163619,0.6323465965270312,116,0.26195179876549846,231,0.05985715131223011,0.037680244301337526
NAS100_USD,5m,EMA 9 pullback en tendencia,Corto,Bias diario a favor,Hora: mediodía 11:00-14:00,12,1106,1.7082264574268196,0.9832264574268196,3.203616925821429,153,-4.848388671875,-5.573388671875,-3.5694675455289366,164,1.6390945722579477,316,-0.024052178105221637,-0.03815472093194871,24,-2.494736197039214,43,-6.115676099200582,-2.1224352790609613
NAS100_USD,5m,EMA 9 pullback en tendencia,Corto,Bias diario a favor,Hora: mediodía 11:00-14:00,24,1106,2.286166144538314,1.5611661445383138,3.439153196573699,153,-7.451005923202614,-8.176005923202615,-4.312055174020106,164,1.5618789915919473,236,0.9631372484110167,1.0223241947253627,24,-2.195027685143176,32,-10.112519836425783,-2.6581774582303197
SPX500_USD,3m,EMA 9 pullback en tendencia,Corto,Régimen 1h a favor,Hora: apertura 9:35-11:00,24,1632,1.1558213701435165,0.5658213701435165,3.411269794450257,758,0.7655679909094657,0.1755679909094657,0.6431322041811377,340,1.6289978382203119,388,0.6218541284934762,1.6794918065878424,162,0.30969632349802706,177,-0.4787008408368646,-0.7525750519233596
SPX500_USD,3m,Control: cualquier vela,Corto,Régimen 1h a favor,Volatilidad baja,12,314,1.2853449924736269,0.6953449924736267,4.410946132664027,351,0.7031274344506766,0.1131274344506766,0.5652412484204139,28,1.140502184842288,44,0.45544899680397744,1.21822576633389,17,0.16806772097623718,43,-0.4295399936409882,-0.9571204175417388
SPX500_USD,3m,Control: cualquier vela,Corto,Régimen 1h a favor,Volatilidad baja,24,314,2.6936243142292,2.1036243142292,6.3916754233864,351,1.417659574764067,0.827659574764067,2.8329207382341703,28,1.3879282683117553,32,2.41,1.7888060727552435,17,0.7080803600898319,27,-0.19002079716435172,-0.18269295086439427
SPX500_USD,5m,Control: cualquier vela,Largo,Sobre/bajo EMA 200,Volatilidad baja,24,514,2.1239335472017875,1.5339335472017877,5.191919553546323,486,0.123646928449717,-0.4663530715502829,-3.5974852352404625,51,1.536032850572821,56,0.7850087193080358,1.296302206563354,39,-0.9288363686879304,53,-0.22019374631485836,-0.5141600241920248
SPX500_USD,5m,Control: cualquier vela,Largo,EMAs 9>21>50 alineadas,Volatilidad baja,24,408,1.9066202500287224,1.3166202500287223,4.957325285089402,278,0.0291203560589028,-0.5608796439410971,-2.7632733131811658,51,1.6724905340899385,55,0.6572756125710224,1.0317780730872612,33,-0.8054350453494007,39,-0.49257224058493576,-0.9473752822685854
SPX500_USD,5m,Control: cualquier vela,Largo,Lado del VWAP a favor,Volatilidad baja,24,454,2.025993985751652,1.4359939857516522,4.36243282771829,431,0.3656453356112239,-0.224354664388776,-1.763569136062522,52,1.281378700679994,56,0.3350041416713171,0.7069008102507421,39,-0.6040384098850538,52,-0.3707664137620191,-0.791034459063608
SPX500_USD,5m,Control: cualquier vela,Largo,Régimen 15m a favor,Volatilidad baja,24,505,1.939803986502166,1.3498039865021658,4.45931258410533,507,0.3009685689410749,-0.289031431058925,-2.31286612886492,48,1.3247773519403454,51,0.5766738472732844,0.9018777120254436,39,-0.6114284056544742,53,-0.3598191516804244,-0.7814283793041262
SPX500_USD,5m,Control: cualquier vela,Largo,Régimen 1h a favor,Volatilidad baja,24,343,1.0714314185495626,0.4814314185495626,3.101531759361816,421,0.7137514961586995,0.1237514961586995,1.0355454121747094,36,0.8098623382157693,39,0.31513728215144243,0.5854829465127164,32,0.3304264671584707,43,-0.15512593114098824,-0.3150504445433842
SPX500_USD,5m,Control: cualquier vela,Largo,Volatilidad baja,RSI(14) a favor de 50,24,420,1.460956101190476,0.8709561011904762,4.865235144206135,369,0.0100137353912601,-0.5799862646087398,-3.71989822751943,56,1.6276394021267941,60,0.5733433024088541,0.9765175282189664,39,-1.1220317188490019,50,-0.65001220703125,-1.2863422586740998
SPX500_USD,5m,Control: cualquier vela,Largo,Volatilidad baja,Día a favor (vs apertura),24,455,2.173411878648695,1.583411878648695,4.824525586910881,415,0.4342070430158132,-0.1557929569841867,-1.1369533961351097,47,1.4068800704490971,51,0.26687136182598054,0.5459348189882209,36,-0.3523630021248759,46,0.005644743546195794,0.01222929261470969
SPX500_USD,5m,Control: cualquier vela,Largo,Volatilidad baja,Gap a favor,24,470,2.091280803274601,1.501280803274601,4.674760605901558,460,0.3571541164232337,-0.2328458835767662,-1.830569080636025,43,1.3713447079470904,48,0.8412527974446616,1.2090518242350603,33,-0.4489319401024544,43,0.09602663971656991,0.21517236578673568
SPX500_USD,5m,Control: cualquier vela,Largo,Volatilidad baja,Mercado hermano a favor del VWAP,24,481,2.056345473703872,1.466345473703872,4.686288674663494,442,0.2357263349300056,-0.3542736650699943,-2.615883930009984,52,1.3659165204098485,57,0.38369384765625014,0.835986446604967,42,-0.8324544579001105,56,-0.5614290073939731,-1.2183131734276598
SPX500_USD,5m,Control: cualquier vela,Largo,Volatilidad baja,,24,657,1.4544950859731736,0.8644950859731736,3.5777364831491645,632,0.2521997765649723,-0.3378002234350276,-3.15450174858292,61,1.0275545363927783,68,0.3923608398437501,0.7229983302060081,46,-0.849838304346289,62,-0.5093607453377015,-1.1740808600993564
US2000_USD,3m,EMA 9 pullback en tendencia,Largo,Hora: cierre 14:00-15:45,Gap a favor,24,3638,0.4983615969615431,0.208361596961543,3.550286946271711,1589,0.5596068414072333,0.2696068414072332,3.729380885370086,557,1.3232644740171937,738,0.1434441807858021,1.141677826679557,253,1.5119229502882607,337,0.07792698529070853,0.5038790302174699
US2000_USD,3m,Ruptura rango apertura 15m,Largo,Hora: cierre 14:00-15:45,Gap a favor,24,333,1.2912261321379974,1.0012261321379974,3.846220556378437,168,-0.0818899245489211,-0.3718899245489211,-1.514159643904533,174,2.691374820844794,185,1.162596798458615,3.251530930460166,90,-1.1029589196088734,95,-0.2158050215871709,-0.6838294697907169
US2000_USD,3m,Ruptura Donchian 20,Largo,Hora: cierre 14:00-15:45,Gap a favor,24,1546,0.6362708364390464,0.3462708364390463,3.1153345919657767,822,0.2455419090252433,-0.0444580909747567,-0.4013831028537616,529,1.4671912375136618,576,0.21457021925184477,1.255670501991403,263,-0.21360443662968845,304,0.023723112407483576,0.13385901506557235
US2000_USD,3m,EMA 9 pullback en tendencia,Corto,Sobre/bajo EMA 200,Régimen 1h a favor,24,6613,0.4996443753809967,0.2096443753809966,3.5325112494471416,3552,0.1618867307095914,-0.1281132692904086,-1.5840203277132627,480,1.375240210192563,1221,0.19167745604269065,1.4255049552086612,263,-0.6729739427451201,676,-0.15399949655024936,-0.7997450546477365
US2000_USD,3m,EMA 9 pullback en tendencia,Corto,EMAs 9>21>50 alineadas,Régimen 1h a favor,24,6983,0.4852288890905816,0.1952288890905815,3.387004334650485,3766,0.2075872598527532,-0.0824127401472467,-1.0583074980301177,503,1.318261142637878,1280,0.15349222183227562,1.1852094736979268,276,-0.45569209202564664,709,-0.1561690134928153,-0.8426813467361681
US2000_USD,3m,EMA 9 pullback en tendencia,Corto,Lado del VWAP a favor,Régimen 1h a favor,24,6673,0.4799653768860988,0.1899653768860987,3.235519412083052,3559,0.1963843624053895,-0.0936156375946105,-1.174450937226446,491,1.2652471826787879,1231,0.21273230248210317,1.6047807614125735,270,-0.516522743551851,682,-0.17236422273070903,-0.9174052268823703
US2000_USD,3m,EMA 9 pullback en tendencia,Corto,Régimen 15m a favor,Régimen 1h a favor,24,5632,0.5367455699227073,0.2467455699227072,3.778581999718429,2965,0.2218086332736087,-0.0681913667263912,-0.762356161708139,410,1.43170606195356,1026,0.2503872781794441,1.7393543514345922,224,-0.32652371815839737,558,-0.21157769972278195,-0.978919584387541
US2000_USD,3m,EMA 9 pullback en tendencia,Corto,Régimen 1h a favor,Hora: apertura 9:35-11:00,12,1621,0.5888905510499403,0.2988905510499402,3.0261616856620592,885,0.4076240841278248,0.1176240841278248,0.7903330947940527,334,1.6657385184847062,525,-0.029679827008928315,-0.15941339709656333,187,0.4425977717521693,285,-0.4574785413240129,-1.5416445092174706
US2000_USD,3m,EMA 9 pullback en tendencia,Corto,Régimen 1h a favor,Hora: apertura 9:35-11:00,24,1621,1.0004034307104508,0.7104034307104508,5.629205055025135,885,0.8243035095559675,0.5343035095559675,2.853621958054682,334,2.6050677461353517,379,0.17946116424802133,0.655218516114422,187,1.3447116149634581,203,-0.2953127645858986,-0.6844948712980237
US2000_USD,3m,EMA 9 pullback en tendencia,Corto,Régimen 1h a favor,Hora: cierre 14:00-15:45,24,2012,0.6983553391564674,0.4083553391564674,3.2057306973316253,1043,-0.1335735375906339,-0.423573537590634,-3.367941578465389,320,1.260949162053548,420,0.03769092378162223,0.15735119165671607,184,-1.3427973556238548,235,-0.30394458527260615,-1.1210147028579303
US2000_USD,3m,EMA 9 pullback en tendencia,Corto,Régimen 1h a favor,RSI(14) a favor de 50,24,6981,0.4846016807758335,0.1946016807758334,3.375345565986773,3766,0.2075872598527532,-0.0824127401472467,-1.0583074980301177,503,1.313820349831165,1280,0.15341411590576196,1.184606828485227,276,-0.45569209202564664,709,-0.1561690134928153,-0.8426813467361681
US2000_USD,3m,EMA 9 pullback en tendencia,Corto,Régimen 1h a favor,Día a favor (vs apertura),24,6236,0.5937481256843454,0.3037481256843454,5.0998177510697245,3322,0.1539540345377408,-0.1360459654622592,-1.632304458719492,444,1.985158769837825,1142,0.22504332213393458,1.636428570624292,245,-0.6798933665863245,633,-0.24502422507528607,-1.2433975642148607
US2000_USD,3m,EMA 9 pullback en tendencia,Corto,Régimen 1h a favor,Gap a favor,24,3928,0.5556653910401882,0.2656653910401881,3.456958127695424,2034,0.2924927417976432,0.0024927417976431,0.0242829548115574,278,1.3380201828641733,715,0.27901343285620644,1.6060769525386722,142,0.010886036280099804,370,-0.05902911211993213,-0.22184682632753386
US2000_USD,3m,EMA 9 pullback en tendencia,Corto,Régimen 1h a favor,,24,6983,0.4852288890905816,0.1952288890905815,3.387004334650485,3766,0.2075872598527532,-0.0824127401472467,-1.0583074980301177,503,1.318261142637878,1280,0.15349222183227562,1.1852094736979268,276,-0.45569209202564664,709,-0.1561690134928153,-0.8426813467361681
US2000_USD,3m,Ruptura squeeze Bollinger,Corto,Lado del VWAP a favor,Bias diario a favor,12,321,0.847879855432243,0.5578798554322429,3.0998605293086707,121,0.5503545083290289,0.2603545083290288,0.8915358211434669,179,2.7445705507285725,225,0.5374159071180555,2.451601458800714,62,0.6889260918932562,72,0.4061195203993057,0.9940397925505491
US2000_USD,3m,Control: cualquier vela,Corto,Sobre/bajo EMA 200,Volatilidad baja,24,431,1.0275211909530888,0.7375211909530888,4.637868724011844,75,-0.2232023111979166,-0.5132023111979167,-2.009032013241088,34,1.3657050606750551,51,0.13160871917126232,0.29980719081504764,8,-0.8620111302433171,11,1.1614215642755683,1.1475482081979622
US2000_USD,3m,Control: cualquier vela,Corto,EMAs 9>21>50 alineadas,Volatilidad baja,12,372,0.8368624615412886,0.5468624615412886,3.364760998460436,58,0.5220505286907328,0.2320505286907327,0.731534198310505,34,1.2605918218860865,60,0.42764933268229177,1.2477880249212125,7,0.34424700770863215,12,0.8659956868489586,1.0737349660255584
US2000_USD,3m,Control: cualquier vela,Corto,EMAs 9>21>50 alineadas,Volatilidad baja,24,372,1.2473685972152218,0.9573685972152216,5.105423408742626,58,0.3328015557650862,0.0428015557650861,0.1478516609149987,34,1.6494290931466857,45,0.5509566243489586,0.9570570117209676,7,0.05484988321398468,10,0.608291015625,0.7632654376139675
US2000_USD,3m,Control: cualquier vela,Corto,Lado del VWAP a favor,Volatilidad baja,24,476,1.052566207757517,0.762566207757517,4.8555259588726685,112,0.1650363377162388,-0.1249636622837611,-0.7133663668771503,42,1.5688299068932903,59,-0.03383493197166307,-0.07023505317865654,12,-0.24288891318122502,17,-0.0666508214613971,-0.12609175327933808
US2000_USD,3m,Control: cualquier vela,Corto,Régimen 15m a favor,Volatilidad baja,12,319,1.0711431712566124,0.7811431712566124,3.916625062041072,53,-0.1309664744251179,-0.4209664744251179,-1.17386306036837,21,0.960899857126091,44,0.45393116344105117,0.6912360905653039,4,-0.4665082351638114,6,1.2653181966145832,0.7816490107756452
US2000_USD,3m,Control: cualquier vela,Corto,Régimen 15m a favor,Volatilidad baja,24,319,1.980454400041634,1.690454400041634,5.546559923382166,53,-0.260597085053066,-0.5505970850530661,-1.6516681722105695,21,1.1810105250903578,32,0.5237769699096679,0.4515668940596782,4,-0.5956875972222091,5,1.4851708984375,0.7238540249486234
US2000_USD,3m,Control: cualquier vela,Corto,Régimen 1h a favor,Volatilidad baja,12,426,1.1484410818753668,0.8584410818753667,5.3322768124376,84,0.7212241036551339,0.4312241036551338,1.4289347533156596,22,1.377400541946903,53,0.7282057506633255,1.3133506025764505,8,0.44565488563348254,13,1.3354319411057696,1.7035685218112087
US2000_USD,3m,Control: cualquier vela,Corto,Régimen 1h a favor,Volatilidad baja,24,426,1.9026891144228653,1.6126891144228652,6.671479261354289,84,0.8418782552083334,0.5518782552083333,1.7827284436957391,22,1.4604445659320966,36,1.33005360921224,1.2971187296002957,8,0.4977235807367403,10,1.9658471679687501,1.7903948854703318
US2000_USD,3m,Control: cualquier vela,Corto,Hora: mediodía 11:00-14:00,Volatilidad baja,24,626,1.3700230997591354,1.0800230997591354,5.919442537720277,193,-0.3492175482715349,-0.639217548271535,-7.282853605476449,64,1.3650263841413908,73,0.05107615849743167,0.09077294318342072,17,-2.7255417904996886,20,0.013982543945312464,0.026134839205610355
US2000_USD,3m,Control: cualquier vela,Corto,Volatilidad baja,RSI(14) a favor de 50,12,587,0.6914178955494037,0.4014178955494036,3.346002447930021,146,0.1900852151113013,-0.0999147848886986,-0.6370763135451992,66,0.9863344560861315,119,-0.05412015001313003,-0.2423011806108476,24,-0.3324258793911063,37,-0.053249577702702736,-0.1456554226593043
US2000_USD,3m,Control: cualquier vela,Corto,Volatilidad baja,RSI(14) a favor de 50,24,587,1.1867239593037957,0.8967239593037957,4.889466666624581,146,0.1991276153146404,-0.0908723846853596,-0.4865285687352867,66,1.2813223282337003,92,0.025941520359205474,0.08507171895435445,24,-0.20251592108259484,29,0.035750942887931,0.06601453591731941
US2000_USD,3m,Control: cualquier vela,Corto,Volatilidad baja,Día a favor (vs apertura),24,560,0.7458839416503906,0.4558839416503906,3.6303325598172265,89,0.2284100136060393,-0.0615899863939607,-0.3060835543954419,47,1.1248659695494805,65,0.051827862079327186,0.10351683692118918,8,-0.10863290268069178,12,0.6856368001302086,0.750222636220199
US2000_USD,3m,Control: cualquier vela,Corto,Volatilidad baja,Mercado hermano a favor del VWAP,24,530,1.0362463033424234,0.7462463033424234,4.760709567685593,66,0.7399523185961174,0.4499523185961174,1.5149602994221032,42,1.492150600766893,60,0.27164499918619806,0.5242236953872296,10,0.5737358520584368,13,0.9988183593750001,1.142423218426904
US2000_USD,3m,Control: cualquier vela,Corto,Volatilidad baja,,24,1417,0.6993795864667872,0.4093795864667872,4.311663099885278,431,0.0985134328324391,-0.1914865671675609,-2.06159316275428,99,0.9917978393103205,141,0.0941176134474736,0.2776159733306129,31,-0.6768464273611394,41,0.2513148461318597,0.5910100464317297
US2000_USD,5m,EMA 9 pullback en tendencia,Largo,Hora: cierre 14:00-15:45,Gap a favor,24,2346,0.5562060031744526,0.2662060031744525,3.454690445294633,954,0.6298076381723337,0.3398076381723336,3.395602062376881,485,1.5036070296225357,485,0.4586278415955221,2.330895553043087,210,1.5239109339564794,210,0.2553703380766371,1.0180508282710725
US2000_USD,5m,Falsa ruptura rango apertura,Largo,Hora: cierre 14:00-15:45,Gap a favor,24,538,1.0833779374019807,0.7933779374019807,3.10751832336406,245,0.8567073899872449,0.5667073899872449,2.250544992623525,193,1.9419719426433966,193,1.045498552865933,2.0030996975316717,84,1.1970289822923097,84,0.6894754754929315,1.4892982729193462
US2000_USD,5m,Control: cualquier vela,Largo,Hora: cierre 14:00-15:45,Gap a favor,24,17097,0.4691678232537826,0.1791678232537826,5.111722671300535,8064,0.4507823520236545,0.1607823520236544,4.020798260652167,815,1.2239012786757866,815,0.2648296782136698,1.3642456129077236,384,0.9982269543207811,384,0.42551227569580097,1.8047689813665702
US2000_USD,5m,Control: cualquier vela,Largo,Volatilidad baja,Día a favor (vs apertura),24,308,0.9779481763963576,0.6879481763963575,3.146735975761947,85,0.3554572610294118,0.0654572610294117,0.3473496499904497,32,0.9982507635843049,33,0.24291274562026524,0.38151078462434423,10,0.18319752870878142,11,-0.71999267578125,-0.7348419830900975
US2000_USD,5m,Control: cualquier vela,Largo,Volatilidad baja,Gap a favor,24,352,0.9936556382612748,0.7036556382612749,3.395294256966562,137,-0.2051106473825273,-0.4951106473825274,-3.2894246581920874,29,1.0092451048121527,32,0.47950073242187513,0.6754256582668456,11,-0.987878813474369,13,-0.9786033278245192,-1.3002222535013064
US2000_USD,5m,EMA 9 pullback en tendencia,Corto,Sobre/bajo EMA 200,Bias diario a favor,24,3311,0.7342046324632853,0.4442046324632852,3.609597596920065,1307,0.0440510382794567,-0.2459489617205432,-1.5986716352298307,324,1.3303701769107747,632,0.27821161584009135,0.9890451126043219,136,-0.6606277809781077,246,-0.3056195415713918,-0.817916569421467
US2000_USD,5m,EMA 9 pullback en tendencia,Corto,Régimen 1h a favor,Gap a favor,24,2705,0.74776611328125,0.4577661132812499,3.59662255828847,1298,0.1334395915591294,-0.1565604084408706,-1.0192983815853454,263,1.3141771953739196,497,0.4757998773893364,1.5617199117475948,133,-0.4325375686633547,253,0.0796223926167247,0.20621136737691312
US2000_USD,5m,EMA 9 pullback en tendencia,Corto,Bias diario a favor,ADX > 25,24,1684,0.8724140701837607,0.5824140701837607,4.006146953465906,655,0.1615771111641221,-0.1284228888358779,-0.5773132488933942,263,1.737663982887711,381,0.049063509242741415,0.15144492890928637,104,-0.2739813752704846,148,-0.650063707506334,-1.3164218208216945
US2000_USD,5m,EMA 9 pullback en tendencia,Corto,Bias diario a favor,Día a favor (vs apertura),24,3278,0.7486903415793977,0.4586903415793977,3.839079146904344,1278,0.1070010762819102,-0.1829989237180898,-1.2028373803745105,322,1.4011924142472258,634,0.24805286876786808,0.9369557579975588,133,-0.49923931775394415,245,-0.40359938018175984,-1.1270775818198357
US2000_USD,5m,EMA 9 pullback en tendencia,Corto,Bias diario a favor,Gap a favor,24,1915,0.9555370360690684,0.6655370360690682,3.970155304068149,767,-0.3747266548087108,-0.664726654808711,-3.4459651618354594,173,1.4752589730752521,356,0.49959278578168925,1.2841505939202855,80,-1.4287575778072783,138,-0.19447998046874973,-0.40828034055453244
US2000_USD,5m,EMA 9 pullback en tendencia,Corto,ADX > 25,Gap a favor,24,3031,0.6855497243812634,0.3955497243812633,4.633298363625867,1598,0.1381641144448138,-0.1518358855551862,-1.2473239199228467,437,1.838689410340157,659,0.21152323929782368,1.1230109047894274,239,-0.5878678199592067,363,-0.0529271788373792,-0.18647213079203454
US2000_USD,5m,Barrido de la noche (ON),Corto,Lado del VWAP a favor,Hora: mediodía 11:00-14:00,12,316,0.9194295376161986,0.6294295376161986,3.001907378351636,205,0.1732028868140244,-0.1167971131859756,-0.4751034751230613,137,2.137089326578019,165,0.7392093912760419,2.4447334610553195,97,-0.3179907515031171,119,-0.32581840451024147,-1.070945277862501
US2000_USD,5m,Barrido de la noche (ON),Corto,Hora: mediodía 11:00-14:00,RSI(14) a favor de 50,12,456,0.9235681232653166,0.6335681232653165,3.510275438346996,271,0.1989651500518911,-0.0910348499481089,-0.4000216363293788,202,2.499746711084364,241,0.5784536629198006,2.1655424339530582,125,-0.2896108652370488,152,-0.20441545988384038,-0.6475459001483831
