inst,period,días,n,noche_pct,noche_t,intradia_pct,intradia_t
NAS100_USD,descubrimiento,swing activo,144,0.10549239644230263,1.5990164440013717,0.02660774526141113,0.31288336346055123
NAS100_USD,descubrimiento,todos los días,1553,0.028597768103194473,1.426289819060433,0.017706085526235885,0.5459001951175728
NAS100_USD,validacion,swing activo,105,0.017179094256728474,0.25159996944807217,0.14743372374919567,1.668720236157364
NAS100_USD,validacion,todos los días,774,0.03480814262258654,1.5209019852750814,0.009812063519513062,0.3393560263999474
NAS100_USD,todo 2008-2016,swing activo,249,0.06825184732790389,1.4282870091039028,0.07755845908156124,1.2571230617471716
NAS100_USD,todo 2008-2016,todos los días,2327,0.03066344488789986,1.9921209903210648,0.015080398790866966,0.6367627961912798
SPX500_USD,descubrimiento,swing activo,105,0.1868336088892735,2.4866904263870917,0.051178027385571916,0.6954083884229734
SPX500_USD,descubrimiento,todos los días,1555,0.0062487415008756425,0.2985293142509879,0.019327655195353597,0.6309408308143513
SPX500_USD,validacion,swing activo,90,0.022206361209106084,0.45303213161310085,0.0807055270281368,1.0525315811719744
SPX500_USD,validacion,todos los días,774,0.012300994221463675,0.6248895784958624,0.016259384652687597,0.7009553447069872
SPX500_USD,todo 2008-2016,swing activo,195,0.11085180226765774,2.3780332510961157,0.06480610414367878,1.2226645240735887
SPX500_USD,todo 2008-2016,todos los días,2329,0.008260095560873554,0.535382031160476,0.018307972327159742,0.8377379202605797
US2000_USD,descubrimiento,swing activo,141,0.04530433268603703,0.6638918264321665,0.03946557692720416,0.4196910422455398
US2000_USD,descubrimiento,todos los días,1545,0.026914487054401883,1.105933199418849,0.01803002009549056,0.4362663763819491
US2000_USD,validacion,swing activo,87,0.0810147416704885,1.347120490892013,0.03662914693537155,0.360566857443351
US2000_USD,validacion,todos los días,774,-0.000891127170891211,-0.04312935136807553,0.026612441104694965,0.8059607014494341
US2000_USD,todo 2008-2016,swing activo,228,0.05893067295641983,1.2287131994487723,0.03838325495663647,0.5503294298121384
US2000_USD,todo 2008-2016,todos los días,2319,0.017633958632505872,1.0008624551952847,0.020894528013181028,0.7046239783019901
