inst,tf,a,b,rho
NAS100_USD,5m,rsi2,rsi2,1.0
NAS100_USD,5m,rsi2,rsi14,0.5820996101700375
NAS100_USD,5m,rsi2,d21,0.6398366829799073
NAS100_USD,5m,rsi2,d50,0.4506869666700372
NAS100_USD,5m,rsi2,d200,0.2869633323297474
NAS100_USD,5m,rsi2,slope21,0.28717266473499475
NAS100_USD,5m,rsi2,gap_9_21,0.26946100068818774
NAS100_USD,5m,rsi14,rsi2,0.5820996101700375
NAS100_USD,5m,rsi14,rsi14,1.0
NAS100_USD,5m,rsi14,d21,0.9880839733096437
NAS100_USD,5m,rsi14,d50,0.9535582118889325
NAS100_USD,5m,rsi14,d200,0.7516526690908314
NAS100_USD,5m,rsi14,slope21,0.9176283065299278
NAS100_USD,5m,rsi14,gap_9_21,0.9146994594464078
NAS100_USD,5m,d21,rsi2,0.6398366829799073
NAS100_USD,5m,d21,rsi14,0.9880839733096437
NAS100_USD,5m,d21,d21,1.0
NAS100_USD,5m,d21,d50,0.9107829467838899
NAS100_USD,5m,d21,d200,0.6836521908890018
NAS100_USD,5m,d21,slope21,0.8892000237911544
NAS100_USD,5m,d21,gap_9_21,0.8677731585386298
NAS100_USD,5m,d50,rsi2,0.4506869666700372
NAS100_USD,5m,d50,rsi14,0.9535582118889325
NAS100_USD,5m,d50,d21,0.9107829467838899
NAS100_USD,5m,d50,d50,1.0
NAS100_USD,5m,d50,d200,0.8873227252231998
NAS100_USD,5m,d50,slope21,0.9023218694690139
NAS100_USD,5m,d50,gap_9_21,0.9374761515340116
NAS100_USD,5m,d200,rsi2,0.2869633323297474
NAS100_USD,5m,d200,rsi14,0.7516526690908314
NAS100_USD,5m,d200,d21,0.6836521908890018
NAS100_USD,5m,d200,d50,0.8873227252231998
NAS100_USD,5m,d200,d200,1.0
NAS100_USD,5m,d200,slope21,0.717169788385794
NAS100_USD,5m,d200,gap_9_21,0.7767946976626244
NAS100_USD,5m,slope21,rsi2,0.28717266473499475
NAS100_USD,5m,slope21,rsi14,0.9176283065299278
NAS100_USD,5m,slope21,d21,0.8892000237911544
NAS100_USD,5m,slope21,d50,0.9023218694690139
NAS100_USD,5m,slope21,d200,0.717169788385794
NAS100_USD,5m,slope21,slope21,1.0
NAS100_USD,5m,slope21,gap_9_21,0.9768132288756459
NAS100_USD,5m,gap_9_21,rsi2,0.26946100068818774
NAS100_USD,5m,gap_9_21,rsi14,0.9146994594464078
NAS100_USD,5m,gap_9_21,d21,0.8677731585386298
NAS100_USD,5m,gap_9_21,d50,0.9374761515340116
NAS100_USD,5m,gap_9_21,d200,0.7767946976626244
NAS100_USD,5m,gap_9_21,slope21,0.9768132288756459
NAS100_USD,5m,gap_9_21,gap_9_21,1.0
NAS100_USD,15m,rsi2,rsi2,1.0
NAS100_USD,15m,rsi2,rsi14,0.6436929240110628
NAS100_USD,15m,rsi2,d21,0.6822007193091046
NAS100_USD,15m,rsi2,d50,0.5578735851112245
NAS100_USD,15m,rsi2,d200,0.3769560606958811
NAS100_USD,15m,rsi2,slope21,0.33429845571498695
NAS100_USD,15m,rsi2,gap_9_21,0.3356721665593791
NAS100_USD,15m,rsi14,rsi2,0.6436929240110628
NAS100_USD,15m,rsi14,rsi14,1.0
NAS100_USD,15m,rsi14,d21,0.9920898718692501
NAS100_USD,15m,rsi14,d50,0.9790240150491075
NAS100_USD,15m,rsi14,d200,0.7318309849222785
NAS100_USD,15m,rsi14,slope21,0.9085118079049487
NAS100_USD,15m,rsi14,gap_9_21,0.9111581794598202
NAS100_USD,15m,d21,rsi2,0.6822007193091046
NAS100_USD,15m,d21,rsi14,0.9920898718692501
NAS100_USD,15m,d21,d21,1.0
NAS100_USD,15m,d21,d50,0.9625404578098976
NAS100_USD,15m,d21,d200,0.7030018353010756
NAS100_USD,15m,d21,slope21,0.8833308979692803
NAS100_USD,15m,d21,gap_9_21,0.8774836220688923
NAS100_USD,15m,d50,rsi2,0.5578735851112245
NAS100_USD,15m,d50,rsi14,0.9790240150491075
NAS100_USD,15m,d50,d21,0.9625404578098976
NAS100_USD,15m,d50,d50,1.0
NAS100_USD,15m,d50,d200,0.8071146471839359
NAS100_USD,15m,d50,slope21,0.9242290361322726
NAS100_USD,15m,d50,gap_9_21,0.9442972463715487
NAS100_USD,15m,d200,rsi2,0.3769560606958811
NAS100_USD,15m,d200,rsi14,0.7318309849222785
NAS100_USD,15m,d200,d21,0.7030018353010756
NAS100_USD,15m,d200,d50,0.8071146471839359
NAS100_USD,15m,d200,d200,1.0
NAS100_USD,15m,d200,slope21,0.7078521607099167
NAS100_USD,15m,d200,gap_9_21,0.7372990356282045
NAS100_USD,15m,slope21,rsi2,0.33429845571498695
NAS100_USD,15m,slope21,rsi14,0.9085118079049487
NAS100_USD,15m,slope21,d21,0.8833308979692803
NAS100_USD,15m,slope21,d50,0.9242290361322726
NAS100_USD,15m,slope21,d200,0.7078521607099167
NAS100_USD,15m,slope21,slope21,1.0
NAS100_USD,15m,slope21,gap_9_21,0.9834761001870592
NAS100_USD,15m,gap_9_21,rsi2,0.3356721665593791
NAS100_USD,15m,gap_9_21,rsi14,0.9111581794598202
NAS100_USD,15m,gap_9_21,d21,0.8774836220688923
NAS100_USD,15m,gap_9_21,d50,0.9442972463715487
NAS100_USD,15m,gap_9_21,d200,0.7372990356282045
NAS100_USD,15m,gap_9_21,slope21,0.9834761001870592
NAS100_USD,15m,gap_9_21,gap_9_21,1.0
NAS100_USD,1h,rsi2,rsi2,1.0
NAS100_USD,1h,rsi2,rsi14,0.5334337381174619
NAS100_USD,1h,rsi2,d21,0.595381207693323
NAS100_USD,1h,rsi2,d50,0.3952726776690197
NAS100_USD,1h,rsi2,d200,0.20042538104402674
NAS100_USD,1h,rsi2,slope21,0.27671961713914794
NAS100_USD,1h,rsi2,gap_9_21,0.24995011171575668
NAS100_USD,1h,rsi14,rsi2,0.5334337381174619
NAS100_USD,1h,rsi14,rsi14,1.0
NAS100_USD,1h,rsi14,d21,0.9867588639990081
NAS100_USD,1h,rsi14,d50,0.9482835953899599
NAS100_USD,1h,rsi14,d200,0.6370739566299557
NAS100_USD,1h,rsi14,slope21,0.9292100569290472
NAS100_USD,1h,rsi14,gap_9_21,0.9267207727990924
NAS100_USD,1h,d21,rsi2,0.595381207693323
NAS100_USD,1h,d21,rsi14,0.9867588639990081
NAS100_USD,1h,d21,d21,1.0
NAS100_USD,1h,d21,d50,0.901604277518992
NAS100_USD,1h,d21,d200,0.568862821602328
NAS100_USD,1h,d21,slope21,0.9030814133769612
NAS100_USD,1h,d21,gap_9_21,0.88205642820273
NAS100_USD,1h,d50,rsi2,0.3952726776690197
NAS100_USD,1h,d50,rsi14,0.9482835953899599
NAS100_USD,1h,d50,d21,0.901604277518992
NAS100_USD,1h,d50,d50,1.0
NAS100_USD,1h,d50,d200,0.7928193331155293
NAS100_USD,1h,d50,slope21,0.9033865718804442
NAS100_USD,1h,d50,gap_9_21,0.9373888488677427
NAS100_USD,1h,d200,rsi2,0.20042538104402674
NAS100_USD,1h,d200,rsi14,0.6370739566299557
NAS100_USD,1h,d200,d21,0.568862821602328
NAS100_USD,1h,d200,d50,0.7928193331155293
NAS100_USD,1h,d200,d200,1.0
NAS100_USD,1h,d200,slope21,0.6033289962399623
NAS100_USD,1h,d200,gap_9_21,0.6536880456596389
NAS100_USD,1h,slope21,rsi2,0.27671961713914794
NAS100_USD,1h,slope21,rsi14,0.9292100569290472
NAS100_USD,1h,slope21,d21,0.9030814133769612
NAS100_USD,1h,slope21,d50,0.9033865718804442
NAS100_USD,1h,slope21,d200,0.6033289962399623
NAS100_USD,1h,slope21,slope21,1.0
NAS100_USD,1h,slope21,gap_9_21,0.9794784682755804
NAS100_USD,1h,gap_9_21,rsi2,0.24995011171575668
NAS100_USD,1h,gap_9_21,rsi14,0.9267207727990924
NAS100_USD,1h,gap_9_21,d21,0.88205642820273
NAS100_USD,1h,gap_9_21,d50,0.9373888488677427
NAS100_USD,1h,gap_9_21,d200,0.6536880456596389
NAS100_USD,1h,gap_9_21,slope21,0.9794784682755804
NAS100_USD,1h,gap_9_21,gap_9_21,1.0
NAS100_USD,1d,rsi2,rsi2,1.0
NAS100_USD,1d,rsi2,rsi14,0.6328908774792084
NAS100_USD,1d,rsi2,d21,0.7025785481834804
NAS100_USD,1d,rsi2,d50,0.5169397535487739
NAS100_USD,1d,rsi2,d200,0.3169204948449273
NAS100_USD,1d,rsi2,slope21,0.3636626257188778
NAS100_USD,1d,rsi2,gap_9_21,0.34160832996356527
NAS100_USD,1d,rsi14,rsi2,0.6328908774792084
NAS100_USD,1d,rsi14,rsi14,1.0
NAS100_USD,1d,rsi14,d21,0.9835989668836589
NAS100_USD,1d,rsi14,d50,0.9599811748534539
NAS100_USD,1d,rsi14,d200,0.7136260208389005
NAS100_USD,1d,rsi14,slope21,0.9208437395213913
NAS100_USD,1d,rsi14,gap_9_21,0.9213793662957978
NAS100_USD,1d,d21,rsi2,0.7025785481834804
NAS100_USD,1d,d21,rsi14,0.9835989668836589
NAS100_USD,1d,d21,d21,1.0
NAS100_USD,1d,d21,d50,0.916944968852736
NAS100_USD,1d,d21,d200,0.649725261736123
NAS100_USD,1d,d21,slope21,0.89145763898564
NAS100_USD,1d,d21,gap_9_21,0.8707662303213621
NAS100_USD,1d,d50,rsi2,0.5169397535487739
NAS100_USD,1d,d50,rsi14,0.9599811748534539
NAS100_USD,1d,d50,d21,0.916944968852736
NAS100_USD,1d,d50,d50,1.0
NAS100_USD,1d,d50,d200,0.8433028449014252
NAS100_USD,1d,d50,slope21,0.9085493057189227
NAS100_USD,1d,d50,gap_9_21,0.9411217269277985
NAS100_USD,1d,d200,rsi2,0.3169204948449273
NAS100_USD,1d,d200,rsi14,0.7136260208389005
NAS100_USD,1d,d200,d21,0.649725261736123
NAS100_USD,1d,d200,d50,0.8433028449014252
NAS100_USD,1d,d200,d200,1.0
NAS100_USD,1d,d200,slope21,0.6869159080694139
NAS100_USD,1d,d200,gap_9_21,0.7410418050752222
NAS100_USD,1d,slope21,rsi2,0.3636626257188778
NAS100_USD,1d,slope21,rsi14,0.9208437395213913
NAS100_USD,1d,slope21,d21,0.89145763898564
NAS100_USD,1d,slope21,d50,0.9085493057189227
NAS100_USD,1d,slope21,d200,0.6869159080694139
NAS100_USD,1d,slope21,slope21,1.0
NAS100_USD,1d,slope21,gap_9_21,0.9775390253901036
NAS100_USD,1d,gap_9_21,rsi2,0.34160832996356527
NAS100_USD,1d,gap_9_21,rsi14,0.9213793662957978
NAS100_USD,1d,gap_9_21,d21,0.8707662303213621
NAS100_USD,1d,gap_9_21,d50,0.9411217269277985
NAS100_USD,1d,gap_9_21,d200,0.7410418050752222
NAS100_USD,1d,gap_9_21,slope21,0.9775390253901036
NAS100_USD,1d,gap_9_21,gap_9_21,1.0
SPX500_USD,5m,rsi2,rsi2,1.0
SPX500_USD,5m,rsi2,rsi14,0.5821175207157279
SPX500_USD,5m,rsi2,d21,0.6390950612299556
SPX500_USD,5m,rsi2,d50,0.44878850057030434
SPX500_USD,5m,rsi2,d200,0.281017590541211
SPX500_USD,5m,rsi2,slope21,0.2798263715243556
SPX500_USD,5m,rsi2,gap_9_21,0.2628630101213751
SPX500_USD,5m,rsi14,rsi2,0.5821175207157279
SPX500_USD,5m,rsi14,rsi14,1.0
SPX500_USD,5m,rsi14,d21,0.9871812209834377
SPX500_USD,5m,rsi14,d50,0.9519992295515992
SPX500_USD,5m,rsi14,d200,0.7391628020618507
SPX500_USD,5m,rsi14,slope21,0.9147428538840255
SPX500_USD,5m,rsi14,gap_9_21,0.9114661062195399
SPX500_USD,5m,d21,rsi2,0.6390950612299556
SPX500_USD,5m,d21,rsi14,0.9871812209834377
SPX500_USD,5m,d21,d21,1.0
SPX500_USD,5m,d21,d50,0.9105465489785823
SPX500_USD,5m,d21,d200,0.6731719259274174
SPX500_USD,5m,d21,slope21,0.8866017219771278
SPX500_USD,5m,d21,gap_9_21,0.8647390607229133
SPX500_USD,5m,d50,rsi2,0.44878850057030434
SPX500_USD,5m,d50,rsi14,0.9519992295515992
SPX500_USD,5m,d50,d21,0.9105465489785823
SPX500_USD,5m,d50,d50,1.0
SPX500_USD,5m,d50,d200,0.8769926889424624
SPX500_USD,5m,d50,slope21,0.9016719026523635
SPX500_USD,5m,d50,gap_9_21,0.9371332966931629
SPX500_USD,5m,d200,rsi2,0.281017590541211
SPX500_USD,5m,d200,rsi14,0.7391628020618507
SPX500_USD,5m,d200,d21,0.6731719259274174
SPX500_USD,5m,d200,d50,0.8769926889424624
SPX500_USD,5m,d200,d200,1.0
SPX500_USD,5m,d200,slope21,0.7066075607039629
SPX500_USD,5m,d200,gap_9_21,0.7662723376830396
SPX500_USD,5m,slope21,rsi2,0.2798263715243556
SPX500_USD,5m,slope21,rsi14,0.9147428538840255
SPX500_USD,5m,slope21,d21,0.8866017219771278
SPX500_USD,5m,slope21,d50,0.9016719026523635
SPX500_USD,5m,slope21,d200,0.7066075607039629
SPX500_USD,5m,slope21,slope21,1.0
SPX500_USD,5m,slope21,gap_9_21,0.9762931212939383
SPX500_USD,5m,gap_9_21,rsi2,0.2628630101213751
SPX500_USD,5m,gap_9_21,rsi14,0.9114661062195399
SPX500_USD,5m,gap_9_21,d21,0.8647390607229133
SPX500_USD,5m,gap_9_21,d50,0.9371332966931629
SPX500_USD,5m,gap_9_21,d200,0.7662723376830396
SPX500_USD,5m,gap_9_21,slope21,0.9762931212939383
SPX500_USD,5m,gap_9_21,gap_9_21,1.0
SPX500_USD,15m,rsi2,rsi2,1.0
SPX500_USD,15m,rsi2,rsi14,0.6353671979362024
SPX500_USD,15m,rsi2,d21,0.6773788758289812
SPX500_USD,15m,rsi2,d50,0.5435529947698248
SPX500_USD,15m,rsi2,d200,0.3543949776058912
SPX500_USD,15m,rsi2,slope21,0.3244198333839621
SPX500_USD,15m,rsi2,gap_9_21,0.3235629856308828
SPX500_USD,15m,rsi14,rsi2,0.6353671979362024
SPX500_USD,15m,rsi14,rsi14,1.0
SPX500_USD,15m,rsi14,d21,0.9913795429714903
SPX500_USD,15m,rsi14,d50,0.9757054843177891
SPX500_USD,15m,rsi14,d200,0.7110253990506881
SPX500_USD,15m,rsi14,slope21,0.9096942654177507
SPX500_USD,15m,rsi14,gap_9_21,0.9110655751490966
SPX500_USD,15m,d21,rsi2,0.6773788758289812
SPX500_USD,15m,d21,rsi14,0.9913795429714903
SPX500_USD,15m,d21,d21,1.0
SPX500_USD,15m,d21,d50,0.9563431640322676
SPX500_USD,15m,d21,d200,0.6793772150068843
SPX500_USD,15m,d21,slope21,0.8841105001859613
SPX500_USD,15m,d21,gap_9_21,0.8755611899338936
SPX500_USD,15m,d50,rsi2,0.5435529947698248
SPX500_USD,15m,d50,rsi14,0.9757054843177891
SPX500_USD,15m,d50,d21,0.9563431640322676
SPX500_USD,15m,d50,d50,1.0
SPX500_USD,15m,d50,d200,0.7968110590081205
SPX500_USD,15m,d50,slope21,0.9223656707323484
SPX500_USD,15m,d50,gap_9_21,0.9441166260772984
SPX500_USD,15m,d200,rsi2,0.3543949776058912
SPX500_USD,15m,d200,rsi14,0.7110253990506881
SPX500_USD,15m,d200,d21,0.6793772150068843
SPX500_USD,15m,d200,d50,0.7968110590081205
SPX500_USD,15m,d200,d200,1.0
SPX500_USD,15m,d200,slope21,0.6877048788981942
SPX500_USD,15m,d200,gap_9_21,0.7207164331882626
SPX500_USD,15m,slope21,rsi2,0.3244198333839621
SPX500_USD,15m,slope21,rsi14,0.9096942654177507
SPX500_USD,15m,slope21,d21,0.8841105001859613
SPX500_USD,15m,slope21,d50,0.9223656707323484
SPX500_USD,15m,slope21,d200,0.6877048788981942
SPX500_USD,15m,slope21,slope21,1.0
SPX500_USD,15m,slope21,gap_9_21,0.9821449435839619
SPX500_USD,15m,gap_9_21,rsi2,0.3235629856308828
SPX500_USD,15m,gap_9_21,rsi14,0.9110655751490966
SPX500_USD,15m,gap_9_21,d21,0.8755611899338936
SPX500_USD,15m,gap_9_21,d50,0.9441166260772984
SPX500_USD,15m,gap_9_21,d200,0.7207164331882626
SPX500_USD,15m,gap_9_21,slope21,0.9821449435839619
SPX500_USD,15m,gap_9_21,gap_9_21,1.0
SPX500_USD,1h,rsi2,rsi2,1.0
SPX500_USD,1h,rsi2,rsi14,0.5339004189706646
SPX500_USD,1h,rsi2,d21,0.5971169148797494
SPX500_USD,1h,rsi2,d50,0.39194261290630555
SPX500_USD,1h,rsi2,d200,0.1903180246795071
SPX500_USD,1h,rsi2,slope21,0.26875403411720383
SPX500_USD,1h,rsi2,gap_9_21,0.24066017450656918
SPX500_USD,1h,rsi14,rsi2,0.5339004189706646
SPX500_USD,1h,rsi14,rsi14,1.0
SPX500_USD,1h,rsi14,d21,0.9867399713071868
SPX500_USD,1h,rsi14,d50,0.9467827573112964
SPX500_USD,1h,rsi14,d200,0.6275565094048122
SPX500_USD,1h,rsi14,slope21,0.9275223432994861
SPX500_USD,1h,rsi14,gap_9_21,0.9239553445477292
SPX500_USD,1h,d21,rsi2,0.5971169148797494
SPX500_USD,1h,d21,rsi14,0.9867399713071868
SPX500_USD,1h,d21,d21,1.0
SPX500_USD,1h,d21,d50,0.8994674089429582
SPX500_USD,1h,d21,d200,0.5591681766224683
SPX500_USD,1h,d21,slope21,0.9007047096574536
SPX500_USD,1h,d21,gap_9_21,0.8779077463557791
SPX500_USD,1h,d50,rsi2,0.39194261290630555
SPX500_USD,1h,d50,rsi14,0.9467827573112964
SPX500_USD,1h,d50,d21,0.8994674089429582
SPX500_USD,1h,d50,d50,1.0
SPX500_USD,1h,d50,d200,0.7879797450968326
SPX500_USD,1h,d50,slope21,0.9013018857905466
SPX500_USD,1h,d50,gap_9_21,0.9363477253549044
SPX500_USD,1h,d200,rsi2,0.1903180246795071
SPX500_USD,1h,d200,rsi14,0.6275565094048122
SPX500_USD,1h,d200,d21,0.5591681766224683
SPX500_USD,1h,d200,d50,0.7879797450968326
SPX500_USD,1h,d200,d200,1.0
SPX500_USD,1h,d200,slope21,0.5945123445744308
SPX500_USD,1h,d200,gap_9_21,0.647616728073791
SPX500_USD,1h,slope21,rsi2,0.26875403411720383
SPX500_USD,1h,slope21,rsi14,0.9275223432994861
SPX500_USD,1h,slope21,d21,0.9007047096574536
SPX500_USD,1h,slope21,d50,0.9013018857905466
SPX500_USD,1h,slope21,d200,0.5945123445744308
SPX500_USD,1h,slope21,slope21,1.0
SPX500_USD,1h,slope21,gap_9_21,0.9784715047166713
SPX500_USD,1h,gap_9_21,rsi2,0.24066017450656918
SPX500_USD,1h,gap_9_21,rsi14,0.9239553445477292
SPX500_USD,1h,gap_9_21,d21,0.8779077463557791
SPX500_USD,1h,gap_9_21,d50,0.9363477253549044
SPX500_USD,1h,gap_9_21,d200,0.647616728073791
SPX500_USD,1h,gap_9_21,slope21,0.9784715047166713
SPX500_USD,1h,gap_9_21,gap_9_21,1.0
SPX500_USD,1d,rsi2,rsi2,1.0
SPX500_USD,1d,rsi2,rsi14,0.6137982522098521
SPX500_USD,1d,rsi2,d21,0.6917613869850371
SPX500_USD,1d,rsi2,d50,0.4923166689713633
SPX500_USD,1d,rsi2,d200,0.2866862809234123
SPX500_USD,1d,rsi2,slope21,0.33217070871572474
SPX500_USD,1d,rsi2,gap_9_21,0.3124086876216461
SPX500_USD,1d,rsi14,rsi2,0.6137982522098521
SPX500_USD,1d,rsi14,rsi14,1.0
SPX500_USD,1d,rsi14,d21,0.9799004127473827
SPX500_USD,1d,rsi14,d50,0.9577258689700842
SPX500_USD,1d,rsi14,d200,0.7063888753845283
SPX500_USD,1d,rsi14,slope21,0.9156036803329081
SPX500_USD,1d,rsi14,gap_9_21,0.9191261600926944
SPX500_USD,1d,d21,rsi2,0.6917613869850371
SPX500_USD,1d,d21,rsi14,0.9799004127473827
SPX500_USD,1d,d21,d21,1.0
SPX500_USD,1d,d21,d50,0.9101759800648819
SPX500_USD,1d,d21,d200,0.633613250124537
SPX500_USD,1d,d21,slope21,0.8832638781118589
SPX500_USD,1d,d21,gap_9_21,0.863798615110763
SPX500_USD,1d,d50,rsi2,0.4923166689713633
SPX500_USD,1d,d50,rsi14,0.9577258689700842
SPX500_USD,1d,d50,d21,0.9101759800648819
SPX500_USD,1d,d50,d50,1.0
SPX500_USD,1d,d50,d200,0.8343100589031903
SPX500_USD,1d,d50,slope21,0.9014500091340703
SPX500_USD,1d,d50,gap_9_21,0.937920372870562
SPX500_USD,1d,d200,rsi2,0.2866862809234123
SPX500_USD,1d,d200,rsi14,0.7063888753845283
SPX500_USD,1d,d200,d21,0.633613250124537
SPX500_USD,1d,d200,d50,0.8343100589031903
SPX500_USD,1d,d200,d200,1.0
SPX500_USD,1d,d200,slope21,0.6732921160114301
SPX500_USD,1d,d200,gap_9_21,0.7283815744720115
SPX500_USD,1d,slope21,rsi2,0.33217070871572474
SPX500_USD,1d,slope21,rsi14,0.9156036803329081
SPX500_USD,1d,slope21,d21,0.8832638781118589
SPX500_USD,1d,slope21,d50,0.9014500091340703
SPX500_USD,1d,slope21,d200,0.6732921160114301
SPX500_USD,1d,slope21,slope21,1.0
SPX500_USD,1d,slope21,gap_9_21,0.9754584243335543
SPX500_USD,1d,gap_9_21,rsi2,0.3124086876216461
SPX500_USD,1d,gap_9_21,rsi14,0.9191261600926944
SPX500_USD,1d,gap_9_21,d21,0.863798615110763
SPX500_USD,1d,gap_9_21,d50,0.937920372870562
SPX500_USD,1d,gap_9_21,d200,0.7283815744720115
SPX500_USD,1d,gap_9_21,slope21,0.9754584243335543
SPX500_USD,1d,gap_9_21,gap_9_21,1.0
US2000_USD,5m,rsi2,rsi2,1.0
US2000_USD,5m,rsi2,rsi14,0.5881411232838315
US2000_USD,5m,rsi2,d21,0.6452957106103038
US2000_USD,5m,rsi2,d50,0.45862985318062444
US2000_USD,5m,rsi2,d200,0.29117458019037007
US2000_USD,5m,rsi2,slope21,0.29689034905600514
US2000_USD,5m,rsi2,gap_9_21,0.27831830930158213
US2000_USD,5m,rsi14,rsi2,0.5881411232838315
US2000_USD,5m,rsi14,rsi14,1.0
US2000_USD,5m,rsi14,d21,0.9881935481002627
US2000_USD,5m,rsi14,d50,0.9543416411506099
US2000_USD,5m,rsi14,d200,0.7439911703443292
US2000_USD,5m,rsi14,slope21,0.9186424104899155
US2000_USD,5m,rsi14,gap_9_21,0.9155695633322462
US2000_USD,5m,d21,rsi2,0.6452957106103038
US2000_USD,5m,d21,rsi14,0.9881935481002627
US2000_USD,5m,d21,d21,1.0
US2000_USD,5m,d21,d50,0.9126612873083192
US2000_USD,5m,d21,d200,0.6778690783477376
US2000_USD,5m,d21,slope21,0.8903378462964955
US2000_USD,5m,d21,gap_9_21,0.8690424925178567
US2000_USD,5m,d50,rsi2,0.45862985318062444
US2000_USD,5m,d50,rsi14,0.9543416411506099
US2000_USD,5m,d50,d21,0.9126612873083192
US2000_USD,5m,d50,d50,1.0
US2000_USD,5m,d50,d200,0.8788777449533163
US2000_USD,5m,d50,slope21,0.9037715370710646
US2000_USD,5m,d50,gap_9_21,0.9381490420737121
US2000_USD,5m,d200,rsi2,0.29117458019037007
US2000_USD,5m,d200,rsi14,0.7439911703443292
US2000_USD,5m,d200,d21,0.6778690783477376
US2000_USD,5m,d200,d50,0.8788777449533163
US2000_USD,5m,d200,d200,1.0
US2000_USD,5m,d200,slope21,0.7099938120157955
US2000_USD,5m,d200,gap_9_21,0.7683880432982356
US2000_USD,5m,slope21,rsi2,0.29689034905600514
US2000_USD,5m,slope21,rsi14,0.9186424104899155
US2000_USD,5m,slope21,d21,0.8903378462964955
US2000_USD,5m,slope21,d50,0.9037715370710646
US2000_USD,5m,slope21,d200,0.7099938120157955
US2000_USD,5m,slope21,slope21,1.0
US2000_USD,5m,slope21,gap_9_21,0.9771386608640438
US2000_USD,5m,gap_9_21,rsi2,0.27831830930158213
US2000_USD,5m,gap_9_21,rsi14,0.9155695633322462
US2000_USD,5m,gap_9_21,d21,0.8690424925178567
US2000_USD,5m,gap_9_21,d50,0.9381490420737121
US2000_USD,5m,gap_9_21,d200,0.7683880432982356
US2000_USD,5m,gap_9_21,slope21,0.9771386608640438
US2000_USD,5m,gap_9_21,gap_9_21,1.0
US2000_USD,15m,rsi2,rsi2,1.0
US2000_USD,15m,rsi2,rsi14,0.6527807743922607
US2000_USD,15m,rsi2,d21,0.691598945287381
US2000_USD,15m,rsi2,d50,0.5672856017311809
US2000_USD,15m,rsi2,d200,0.3784593162196664
US2000_USD,15m,rsi2,slope21,0.3458340373934388
US2000_USD,15m,rsi2,gap_9_21,0.34621131937984273
US2000_USD,15m,rsi14,rsi2,0.6527807743922607
US2000_USD,15m,rsi14,rsi14,1.0
US2000_USD,15m,rsi14,d21,0.991856181966838
US2000_USD,15m,rsi14,d50,0.978476858469343
US2000_USD,15m,rsi14,d200,0.7212452055025725
US2000_USD,15m,rsi14,slope21,0.9090177221701168
US2000_USD,15m,rsi14,gap_9_21,0.9118887304678517
US2000_USD,15m,d21,rsi2,0.691598945287381
US2000_USD,15m,d21,rsi14,0.991856181966838
US2000_USD,15m,d21,d21,1.0
US2000_USD,15m,d21,d50,0.9623805482210348
US2000_USD,15m,d21,d200,0.6936792614188663
US2000_USD,15m,d21,slope21,0.8833531537728576
US2000_USD,15m,d21,gap_9_21,0.8778817726950716
US2000_USD,15m,d50,rsi2,0.5672856017311809
US2000_USD,15m,d50,rsi14,0.978476858469343
US2000_USD,15m,d50,d21,0.9623805482210348
US2000_USD,15m,d50,d50,1.0
US2000_USD,15m,d50,d200,0.8019377656109158
US2000_USD,15m,d50,slope21,0.9238104201406683
US2000_USD,15m,d50,gap_9_21,0.9441200685716362
US2000_USD,15m,d200,rsi2,0.3784593162196664
US2000_USD,15m,d200,rsi14,0.7212452055025725
US2000_USD,15m,d200,d21,0.6936792614188663
US2000_USD,15m,d200,d50,0.8019377656109158
US2000_USD,15m,d200,d200,1.0
US2000_USD,15m,d200,slope21,0.6985513791287095
US2000_USD,15m,d200,gap_9_21,0.7284961658810862
US2000_USD,15m,slope21,rsi2,0.3458340373934388
US2000_USD,15m,slope21,rsi14,0.9090177221701168
US2000_USD,15m,slope21,d21,0.8833531537728576
US2000_USD,15m,slope21,d50,0.9238104201406683
US2000_USD,15m,slope21,d200,0.6985513791287095
US2000_USD,15m,slope21,slope21,1.0
US2000_USD,15m,slope21,gap_9_21,0.9834760183888946
US2000_USD,15m,gap_9_21,rsi2,0.34621131937984273
US2000_USD,15m,gap_9_21,rsi14,0.9118887304678517
US2000_USD,15m,gap_9_21,d21,0.8778817726950716
US2000_USD,15m,gap_9_21,d50,0.9441200685716362
US2000_USD,15m,gap_9_21,d200,0.7284961658810862
US2000_USD,15m,gap_9_21,slope21,0.9834760183888946
US2000_USD,15m,gap_9_21,gap_9_21,1.0
US2000_USD,1h,rsi2,rsi2,1.0
US2000_USD,1h,rsi2,rsi14,0.537572934437027
US2000_USD,1h,rsi2,d21,0.5989547933768301
US2000_USD,1h,rsi2,d50,0.39973685033783957
US2000_USD,1h,rsi2,d200,0.19988248127802818
US2000_USD,1h,rsi2,slope21,0.28311555160816965
US2000_USD,1h,rsi2,gap_9_21,0.25512005758619183
US2000_USD,1h,rsi14,rsi2,0.537572934437027
US2000_USD,1h,rsi14,rsi14,1.0
US2000_USD,1h,rsi14,d21,0.9875560743411803
US2000_USD,1h,rsi14,d50,0.9483400063867009
US2000_USD,1h,rsi14,d200,0.6342193302931795
US2000_USD,1h,rsi14,slope21,0.9313045558357308
US2000_USD,1h,rsi14,gap_9_21,0.9272343980872075
US2000_USD,1h,d21,rsi2,0.5989547933768301
US2000_USD,1h,d21,rsi14,0.9875560743411803
US2000_USD,1h,d21,d21,1.0
US2000_USD,1h,d21,d50,0.9035534869205116
US2000_USD,1h,d21,d200,0.5697060344144936
US2000_USD,1h,d21,slope21,0.9052932791568582
US2000_USD,1h,d21,gap_9_21,0.8834694532103127
US2000_USD,1h,d50,rsi2,0.39973685033783957
US2000_USD,1h,d50,rsi14,0.9483400063867009
US2000_USD,1h,d50,d21,0.9035534869205116
US2000_USD,1h,d50,d50,1.0
US2000_USD,1h,d50,d200,0.7912224444786846
US2000_USD,1h,d50,slope21,0.9059097760631792
US2000_USD,1h,d50,gap_9_21,0.9383502055056845
US2000_USD,1h,d200,rsi2,0.19988248127802818
US2000_USD,1h,d200,rsi14,0.6342193302931795
US2000_USD,1h,d200,d21,0.5697060344144936
US2000_USD,1h,d200,d50,0.7912224444786846
US2000_USD,1h,d200,d200,1.0
US2000_USD,1h,d200,slope21,0.6041759634126687
US2000_USD,1h,d200,gap_9_21,0.6532519381738003
US2000_USD,1h,slope21,rsi2,0.28311555160816965
US2000_USD,1h,slope21,rsi14,0.9313045558357308
US2000_USD,1h,slope21,d21,0.9052932791568582
US2000_USD,1h,slope21,d50,0.9059097760631792
US2000_USD,1h,slope21,d200,0.6041759634126687
US2000_USD,1h,slope21,slope21,1.0
US2000_USD,1h,slope21,gap_9_21,0.9800124629243449
US2000_USD,1h,gap_9_21,rsi2,0.25512005758619183
US2000_USD,1h,gap_9_21,rsi14,0.9272343980872075
US2000_USD,1h,gap_9_21,d21,0.8834694532103127
US2000_USD,1h,gap_9_21,d50,0.9383502055056845
US2000_USD,1h,gap_9_21,d200,0.6532519381738003
US2000_USD,1h,gap_9_21,slope21,0.9800124629243449
US2000_USD,1h,gap_9_21,gap_9_21,1.0
US2000_USD,1d,rsi2,rsi2,1.0
US2000_USD,1d,rsi2,rsi14,0.6116460531550638
US2000_USD,1d,rsi2,d21,0.6819706005810154
US2000_USD,1d,rsi2,d50,0.4856736551773762
US2000_USD,1d,rsi2,d200,0.2763939588228894
US2000_USD,1d,rsi2,slope21,0.30226938283530114
US2000_USD,1d,rsi2,gap_9_21,0.280589155354417
US2000_USD,1d,rsi14,rsi2,0.6116460531550638
US2000_USD,1d,rsi14,rsi14,1.0
US2000_USD,1d,rsi14,d21,0.9854587484874143
US2000_USD,1d,rsi14,d50,0.9532536316662141
US2000_USD,1d,rsi14,d200,0.6577376423059954
US2000_USD,1d,rsi14,slope21,0.9067903594436033
US2000_USD,1d,rsi14,gap_9_21,0.9054789199708981
US2000_USD,1d,d21,rsi2,0.6819706005810154
US2000_USD,1d,d21,rsi14,0.9854587484874143
US2000_USD,1d,d21,d21,1.0
US2000_USD,1d,d21,d50,0.9063527713793915
US2000_USD,1d,d21,d200,0.5888215215793623
US2000_USD,1d,d21,slope21,0.8731990815437951
US2000_USD,1d,d21,gap_9_21,0.8501075730507209
US2000_USD,1d,d50,rsi2,0.4856736551773762
US2000_USD,1d,d50,rsi14,0.9532536316662141
US2000_USD,1d,d50,d21,0.9063527713793915
US2000_USD,1d,d50,d50,1.0
US2000_USD,1d,d50,d200,0.8004199940910118
US2000_USD,1d,d50,slope21,0.8889589280286297
US2000_USD,1d,d50,gap_9_21,0.9265117132856361
US2000_USD,1d,d200,rsi2,0.2763939588228894
US2000_USD,1d,d200,rsi14,0.6577376423059954
US2000_USD,1d,d200,d21,0.5888215215793623
US2000_USD,1d,d200,d50,0.8004199940910118
US2000_USD,1d,d200,d200,1.0
US2000_USD,1d,d200,slope21,0.6171689120862731
US2000_USD,1d,d200,gap_9_21,0.6726864815386459
US2000_USD,1d,slope21,rsi2,0.30226938283530114
US2000_USD,1d,slope21,rsi14,0.9067903594436033
US2000_USD,1d,slope21,d21,0.8731990815437951
US2000_USD,1d,slope21,d50,0.8889589280286297
US2000_USD,1d,slope21,d200,0.6171689120862731
US2000_USD,1d,slope21,slope21,1.0
US2000_USD,1d,slope21,gap_9_21,0.97315727819041
US2000_USD,1d,gap_9_21,rsi2,0.280589155354417
US2000_USD,1d,gap_9_21,rsi14,0.9054789199708981
US2000_USD,1d,gap_9_21,d21,0.8501075730507209
US2000_USD,1d,gap_9_21,d50,0.9265117132856361
US2000_USD,1d,gap_9_21,d200,0.6726864815386459
US2000_USD,1d,gap_9_21,slope21,0.97315727819041
US2000_USD,1d,gap_9_21,gap_9_21,1.0
XAU_USD,5m,rsi2,rsi2,1.0
XAU_USD,5m,rsi2,rsi14,0.5336682241838672
XAU_USD,5m,rsi2,d21,0.5995289032669459
XAU_USD,5m,rsi2,d50,0.38294304353735215
XAU_USD,5m,rsi2,d200,0.20095467074519735
XAU_USD,5m,rsi2,slope21,0.23442774455640816
XAU_USD,5m,rsi2,gap_9_21,0.21433865282252343
XAU_USD,5m,rsi14,rsi2,0.5336682241838672
XAU_USD,5m,rsi14,rsi14,1.0
XAU_USD,5m,rsi14,d21,0.9856317142196793
XAU_USD,5m,rsi14,d50,0.9349711056151684
XAU_USD,5m,rsi14,d200,0.6523649019473193
XAU_USD,5m,rsi14,slope21,0.9170541207352522
XAU_USD,5m,rsi14,gap_9_21,0.9136307442147227
XAU_USD,5m,d21,rsi2,0.5995289032669459
XAU_USD,5m,d21,rsi14,0.9856317142196793
XAU_USD,5m,d21,d21,1.0
XAU_USD,5m,d21,d50,0.8791502926890412
XAU_USD,5m,d21,d200,0.5751640735888521
XAU_USD,5m,d21,slope21,0.8878799643410379
XAU_USD,5m,d21,gap_9_21,0.8614564460882627
XAU_USD,5m,d50,rsi2,0.38294304353735215
XAU_USD,5m,d50,rsi14,0.9349711056151684
XAU_USD,5m,d50,d21,0.8791502926890412
XAU_USD,5m,d50,d50,1.0
XAU_USD,5m,d50,d200,0.8341127982407359
XAU_USD,5m,d50,slope21,0.8786538772788506
XAU_USD,5m,d50,gap_9_21,0.9218110498740941
XAU_USD,5m,d200,rsi2,0.20095467074519735
XAU_USD,5m,d200,rsi14,0.6523649019473193
XAU_USD,5m,d200,d21,0.5751640735888521
XAU_USD,5m,d200,d50,0.8341127982407359
XAU_USD,5m,d200,d200,1.0
XAU_USD,5m,d200,slope21,0.6098166518633826
XAU_USD,5m,d200,gap_9_21,0.6721907456792822
XAU_USD,5m,slope21,rsi2,0.23442774455640816
XAU_USD,5m,slope21,rsi14,0.9170541207352522
XAU_USD,5m,slope21,d21,0.8878799643410379
XAU_USD,5m,slope21,d50,0.8786538772788506
XAU_USD,5m,slope21,d200,0.6098166518633826
XAU_USD,5m,slope21,slope21,1.0
XAU_USD,5m,slope21,gap_9_21,0.9729313011750088
XAU_USD,5m,gap_9_21,rsi2,0.21433865282252343
XAU_USD,5m,gap_9_21,rsi14,0.9136307442147227
XAU_USD,5m,gap_9_21,d21,0.8614564460882627
XAU_USD,5m,gap_9_21,d50,0.9218110498740941
XAU_USD,5m,gap_9_21,d200,0.6721907456792822
XAU_USD,5m,gap_9_21,slope21,0.9729313011750088
XAU_USD,5m,gap_9_21,gap_9_21,1.0
XAU_USD,15m,rsi2,rsi2,1.0
XAU_USD,15m,rsi2,rsi14,0.5475592121950709
XAU_USD,15m,rsi2,d21,0.5984280122594072
XAU_USD,15m,rsi2,d50,0.43916060970866333
XAU_USD,15m,rsi2,d200,0.2717034498453264
XAU_USD,15m,rsi2,slope21,0.26204001797206167
XAU_USD,15m,rsi2,gap_9_21,0.25075272057569303
XAU_USD,15m,rsi14,rsi2,0.5475592121950709
XAU_USD,15m,rsi14,rsi14,1.0
XAU_USD,15m,rsi14,d21,0.990555534609168
XAU_USD,15m,rsi14,d50,0.96853626978825
XAU_USD,15m,rsi14,d200,0.7203423186296628
XAU_USD,15m,rsi14,slope21,0.9248308871663681
XAU_USD,15m,rsi14,gap_9_21,0.9229120661172822
XAU_USD,15m,d21,rsi2,0.5984280122594072
XAU_USD,15m,d21,rsi14,0.990555534609168
XAU_USD,15m,d21,d21,1.0
XAU_USD,15m,d21,d50,0.9404149416316834
XAU_USD,15m,d21,d200,0.6776768745330511
XAU_USD,15m,d21,slope21,0.9007821298109304
XAU_USD,15m,d21,gap_9_21,0.8846690870349709
XAU_USD,15m,d50,rsi2,0.43916060970866333
XAU_USD,15m,d50,rsi14,0.96853626978825
XAU_USD,15m,d50,d21,0.9404149416316834
XAU_USD,15m,d50,d50,1.0
XAU_USD,15m,d50,d200,0.8188176309796419
XAU_USD,15m,d50,slope21,0.923827752101796
XAU_USD,15m,d50,gap_9_21,0.9501723215792063
XAU_USD,15m,d200,rsi2,0.2717034498453264
XAU_USD,15m,d200,rsi14,0.7203423186296628
XAU_USD,15m,d200,d21,0.6776768745330511
XAU_USD,15m,d200,d50,0.8188176309796419
XAU_USD,15m,d200,d200,1.0
XAU_USD,15m,d200,slope21,0.697229529276943
XAU_USD,15m,d200,gap_9_21,0.7395152993906126
XAU_USD,15m,slope21,rsi2,0.26204001797206167
XAU_USD,15m,slope21,rsi14,0.9248308871663681
XAU_USD,15m,slope21,d21,0.9007821298109304
XAU_USD,15m,slope21,d50,0.923827752101796
XAU_USD,15m,slope21,d200,0.697229529276943
XAU_USD,15m,slope21,slope21,1.0
XAU_USD,15m,slope21,gap_9_21,0.9797990028175145
XAU_USD,15m,gap_9_21,rsi2,0.25075272057569303
XAU_USD,15m,gap_9_21,rsi14,0.9229120661172822
XAU_USD,15m,gap_9_21,d21,0.8846690870349709
XAU_USD,15m,gap_9_21,d50,0.9501723215792063
XAU_USD,15m,gap_9_21,d200,0.7395152993906126
XAU_USD,15m,gap_9_21,slope21,0.9797990028175145
XAU_USD,15m,gap_9_21,gap_9_21,1.0
XAU_USD,1h,rsi2,rsi2,1.0
XAU_USD,1h,rsi2,rsi14,0.5358501323676931
XAU_USD,1h,rsi2,d21,0.5958935815613913
XAU_USD,1h,rsi2,d50,0.39513804559322707
XAU_USD,1h,rsi2,d200,0.20085657820757027
XAU_USD,1h,rsi2,slope21,0.2699611791060145
XAU_USD,1h,rsi2,gap_9_21,0.245829395526495
XAU_USD,1h,rsi14,rsi2,0.5358501323676931
XAU_USD,1h,rsi14,rsi14,1.0
XAU_USD,1h,rsi14,d21,0.987291013460995
XAU_USD,1h,rsi14,d50,0.9446204261405262
XAU_USD,1h,rsi14,d200,0.6225812633152223
XAU_USD,1h,rsi14,slope21,0.9293490626873989
XAU_USD,1h,rsi14,gap_9_21,0.9261158093061296
XAU_USD,1h,d21,rsi2,0.5958935815613913
XAU_USD,1h,d21,rsi14,0.987291013460995
XAU_USD,1h,d21,d21,1.0
XAU_USD,1h,d21,d50,0.897684896193779
XAU_USD,1h,d21,d200,0.5576153160103204
XAU_USD,1h,d21,slope21,0.9039984452885338
XAU_USD,1h,d21,gap_9_21,0.8819388804132676
XAU_USD,1h,d50,rsi2,0.39513804559322707
XAU_USD,1h,d50,rsi14,0.9446204261405262
XAU_USD,1h,d50,d21,0.897684896193779
XAU_USD,1h,d50,d50,1.0
XAU_USD,1h,d50,d200,0.7838412864663338
XAU_USD,1h,d50,slope21,0.8993616549684177
XAU_USD,1h,d50,gap_9_21,0.9351996791307842
XAU_USD,1h,d200,rsi2,0.20085657820757027
XAU_USD,1h,d200,rsi14,0.6225812633152223
XAU_USD,1h,d200,d21,0.5576153160103204
XAU_USD,1h,d200,d50,0.7838412864663338
XAU_USD,1h,d200,d200,1.0
XAU_USD,1h,d200,slope21,0.5887170472161908
XAU_USD,1h,d200,gap_9_21,0.6401844543156279
XAU_USD,1h,slope21,rsi2,0.2699611791060145
XAU_USD,1h,slope21,rsi14,0.9293490626873989
XAU_USD,1h,slope21,d21,0.9039984452885338
XAU_USD,1h,slope21,d50,0.8993616549684177
XAU_USD,1h,slope21,d200,0.5887170472161908
XAU_USD,1h,slope21,slope21,1.0
XAU_USD,1h,slope21,gap_9_21,0.9786639220086029
XAU_USD,1h,gap_9_21,rsi2,0.245829395526495
XAU_USD,1h,gap_9_21,rsi14,0.9261158093061296
XAU_USD,1h,gap_9_21,d21,0.8819388804132676
XAU_USD,1h,gap_9_21,d50,0.9351996791307842
XAU_USD,1h,gap_9_21,d200,0.6401844543156279
XAU_USD,1h,gap_9_21,slope21,0.9786639220086029
XAU_USD,1h,gap_9_21,gap_9_21,1.0
XAU_USD,1d,rsi2,rsi2,1.0
XAU_USD,1d,rsi2,rsi14,0.6072672658552121
XAU_USD,1d,rsi2,d21,0.6670085957707179
XAU_USD,1d,rsi2,d50,0.48409732191164495
XAU_USD,1d,rsi2,d200,0.29983791517641323
XAU_USD,1d,rsi2,slope21,0.3230614649624935
XAU_USD,1d,rsi2,gap_9_21,0.2991566936179535
XAU_USD,1d,rsi14,rsi2,0.6072672658552121
XAU_USD,1d,rsi14,rsi14,1.0
XAU_USD,1d,rsi14,d21,0.9895246810525734
XAU_USD,1d,rsi14,d50,0.9539802468988119
XAU_USD,1d,rsi14,d200,0.6639439779269328
XAU_USD,1d,rsi14,slope21,0.924854405232615
XAU_USD,1d,rsi14,gap_9_21,0.9187088304753767
XAU_USD,1d,d21,rsi2,0.6670085957707179
XAU_USD,1d,d21,rsi14,0.9895246810525734
XAU_USD,1d,d21,d21,1.0
XAU_USD,1d,d21,d50,0.9134270362308871
XAU_USD,1d,d21,d200,0.6074470142768852
XAU_USD,1d,d21,slope21,0.8966032872795444
XAU_USD,1d,d21,gap_9_21,0.8717624664448103
XAU_USD,1d,d50,rsi2,0.48409732191164495
XAU_USD,1d,d50,rsi14,0.9539802468988119
XAU_USD,1d,d50,d21,0.9134270362308871
XAU_USD,1d,d50,d50,1.0
XAU_USD,1d,d50,d200,0.8009974844217898
XAU_USD,1d,d50,slope21,0.9053223139713845
XAU_USD,1d,d50,gap_9_21,0.9370620136118989
XAU_USD,1d,d200,rsi2,0.29983791517641323
XAU_USD,1d,d200,rsi14,0.6639439779269328
XAU_USD,1d,d200,d21,0.6074470142768852
XAU_USD,1d,d200,d50,0.8009974844217898
XAU_USD,1d,d200,d200,1.0
XAU_USD,1d,d200,slope21,0.6305465310666662
XAU_USD,1d,d200,gap_9_21,0.6784475034130537
XAU_USD,1d,slope21,rsi2,0.3230614649624935
XAU_USD,1d,slope21,rsi14,0.924854405232615
XAU_USD,1d,slope21,d21,0.8966032872795444
XAU_USD,1d,slope21,d50,0.9053223139713845
XAU_USD,1d,slope21,d200,0.6305465310666662
XAU_USD,1d,slope21,slope21,1.0
XAU_USD,1d,slope21,gap_9_21,0.9765694163778356
XAU_USD,1d,gap_9_21,rsi2,0.2991566936179535
XAU_USD,1d,gap_9_21,rsi14,0.9187088304753767
XAU_USD,1d,gap_9_21,d21,0.8717624664448103
XAU_USD,1d,gap_9_21,d50,0.9370620136118989
XAU_USD,1d,gap_9_21,d200,0.6784475034130537
XAU_USD,1d,gap_9_21,slope21,0.9765694163778356
XAU_USD,1d,gap_9_21,gap_9_21,1.0
EUR_USD,5m,rsi2,rsi2,1.0
EUR_USD,5m,rsi2,rsi14,0.5307007865997385
EUR_USD,5m,rsi2,d21,0.6002969322417118
EUR_USD,5m,rsi2,d50,0.37255071659687866
EUR_USD,5m,rsi2,d200,0.17327685068922344
EUR_USD,5m,rsi2,slope21,0.2389626389505035
EUR_USD,5m,rsi2,gap_9_21,0.21499260208470686
EUR_USD,5m,rsi14,rsi2,0.5307007865997385
EUR_USD,5m,rsi14,rsi14,1.0
EUR_USD,5m,rsi14,d21,0.9858805900265523
EUR_USD,5m,rsi14,d50,0.9301282898331612
EUR_USD,5m,rsi14,d200,0.6103011491524474
EUR_USD,5m,rsi14,slope21,0.9203144849105404
EUR_USD,5m,rsi14,gap_9_21,0.9169698303469845
EUR_USD,5m,d21,rsi2,0.6002969322417118
EUR_USD,5m,d21,rsi14,0.9858805900265523
EUR_USD,5m,d21,d21,1.0
EUR_USD,5m,d21,d50,0.8716683858028407
EUR_USD,5m,d21,d200,0.5317086343337015
EUR_USD,5m,d21,slope21,0.8909056292755579
EUR_USD,5m,d21,gap_9_21,0.8641417430354195
EUR_USD,5m,d50,rsi2,0.37255071659687866
EUR_USD,5m,d50,rsi14,0.9301282898331612
EUR_USD,5m,d50,d21,0.8716683858028407
EUR_USD,5m,d50,d50,1.0
EUR_USD,5m,d50,d200,0.8085528520632639
EUR_USD,5m,d50,slope21,0.8742159376029224
EUR_USD,5m,d50,gap_9_21,0.9184886402852683
EUR_USD,5m,d200,rsi2,0.17327685068922344
EUR_USD,5m,d200,rsi14,0.6103011491524474
EUR_USD,5m,d200,d21,0.5317086343337015
EUR_USD,5m,d200,d50,0.8085528520632639
EUR_USD,5m,d200,d200,1.0
EUR_USD,5m,d200,slope21,0.5679530588453641
EUR_USD,5m,d200,gap_9_21,0.6300564190660701
EUR_USD,5m,slope21,rsi2,0.2389626389505035
EUR_USD,5m,slope21,rsi14,0.9203144849105404
EUR_USD,5m,slope21,d21,0.8909056292755579
EUR_USD,5m,slope21,d50,0.8742159376029224
EUR_USD,5m,slope21,d200,0.5679530588453641
EUR_USD,5m,slope21,slope21,1.0
EUR_USD,5m,slope21,gap_9_21,0.973629210823975
EUR_USD,5m,gap_9_21,rsi2,0.21499260208470686
EUR_USD,5m,gap_9_21,rsi14,0.9169698303469845
EUR_USD,5m,gap_9_21,d21,0.8641417430354195
EUR_USD,5m,gap_9_21,d50,0.9184886402852683
EUR_USD,5m,gap_9_21,d200,0.6300564190660701
EUR_USD,5m,gap_9_21,slope21,0.973629210823975
EUR_USD,5m,gap_9_21,gap_9_21,1.0
EUR_USD,15m,rsi2,rsi2,1.0
EUR_USD,15m,rsi2,rsi14,0.5242615553864686
EUR_USD,15m,rsi2,d21,0.5819274996396675
EUR_USD,15m,rsi2,d50,0.4054373329349058
EUR_USD,15m,rsi2,d200,0.24666112326611558
EUR_USD,15m,rsi2,slope21,0.2538472541005659
EUR_USD,15m,rsi2,gap_9_21,0.23544006379904792
EUR_USD,15m,rsi14,rsi2,0.5242615553864686
EUR_USD,15m,rsi14,rsi14,1.0
EUR_USD,15m,rsi14,d21,0.9894957550950295
EUR_USD,15m,rsi14,d50,0.9632424691760729
EUR_USD,15m,rsi14,d200,0.7264234521238095
EUR_USD,15m,rsi14,slope21,0.9329268913131616
EUR_USD,15m,rsi14,gap_9_21,0.9295546925718485
EUR_USD,15m,d21,rsi2,0.5819274996396675
EUR_USD,15m,d21,rsi14,0.9894957550950295
EUR_USD,15m,d21,d21,1.0
EUR_USD,15m,d21,d50,0.9273377135696992
EUR_USD,15m,d21,d200,0.673367017160411
EUR_USD,15m,d21,slope21,0.9092497081194676
EUR_USD,15m,d21,gap_9_21,0.8888682868845824
EUR_USD,15m,d50,rsi2,0.4054373329349058
EUR_USD,15m,d50,rsi14,0.9632424691760729
EUR_USD,15m,d50,d21,0.9273377135696992
EUR_USD,15m,d50,d50,1.0
EUR_USD,15m,d50,d200,0.8333861705827631
EUR_USD,15m,d50,slope21,0.9216362360421748
EUR_USD,15m,d50,gap_9_21,0.9525683646552809
EUR_USD,15m,d200,rsi2,0.24666112326611558
EUR_USD,15m,d200,rsi14,0.7264234521238095
EUR_USD,15m,d200,d21,0.673367017160411
EUR_USD,15m,d200,d50,0.8333861705827631
EUR_USD,15m,d200,d200,1.0
EUR_USD,15m,d200,slope21,0.6997267184845742
EUR_USD,15m,d200,gap_9_21,0.7508986908927539
EUR_USD,15m,slope21,rsi2,0.2538472541005659
EUR_USD,15m,slope21,rsi14,0.9329268913131616
EUR_USD,15m,slope21,d21,0.9092497081194676
EUR_USD,15m,slope21,d50,0.9216362360421748
EUR_USD,15m,slope21,d200,0.6997267184845742
EUR_USD,15m,slope21,slope21,1.0
EUR_USD,15m,slope21,gap_9_21,0.9789073629253693
EUR_USD,15m,gap_9_21,rsi2,0.23544006379904792
EUR_USD,15m,gap_9_21,rsi14,0.9295546925718485
EUR_USD,15m,gap_9_21,d21,0.8888682868845824
EUR_USD,15m,gap_9_21,d50,0.9525683646552809
EUR_USD,15m,gap_9_21,d200,0.7508986908927539
EUR_USD,15m,gap_9_21,slope21,0.9789073629253693
EUR_USD,15m,gap_9_21,gap_9_21,1.0
EUR_USD,1h,rsi2,rsi2,1.0
EUR_USD,1h,rsi2,rsi14,0.5398101738810096
EUR_USD,1h,rsi2,d21,0.6013322763654726
EUR_USD,1h,rsi2,d50,0.4004740416420548
EUR_USD,1h,rsi2,d200,0.19867440107644646
EUR_USD,1h,rsi2,slope21,0.2724159198084547
EUR_USD,1h,rsi2,gap_9_21,0.24776825963275856
EUR_USD,1h,rsi14,rsi2,0.5398101738810096
EUR_USD,1h,rsi14,rsi14,1.0
EUR_USD,1h,rsi14,d21,0.9875899428360584
EUR_USD,1h,rsi14,d50,0.9461033057716455
EUR_USD,1h,rsi14,d200,0.6224825268891949
EUR_USD,1h,rsi14,slope21,0.9294630772441187
EUR_USD,1h,rsi14,gap_9_21,0.9256869027861604
EUR_USD,1h,d21,rsi2,0.6013322763654726
EUR_USD,1h,d21,rsi14,0.9875899428360584
EUR_USD,1h,d21,d21,1.0
EUR_USD,1h,d21,d50,0.8998358922724764
EUR_USD,1h,d21,d200,0.5574902254576143
EUR_USD,1h,d21,slope21,0.9031843087828036
EUR_USD,1h,d21,gap_9_21,0.8803966869873188
EUR_USD,1h,d50,rsi2,0.4004740416420548
EUR_USD,1h,d50,rsi14,0.9461033057716455
EUR_USD,1h,d50,d21,0.8998358922724764
EUR_USD,1h,d50,d50,1.0
EUR_USD,1h,d50,d200,0.7852230789876531
EUR_USD,1h,d50,slope21,0.9009253970045605
EUR_USD,1h,d50,gap_9_21,0.9356012712447301
EUR_USD,1h,d200,rsi2,0.19867440107644646
EUR_USD,1h,d200,rsi14,0.6224825268891949
EUR_USD,1h,d200,d21,0.5574902254576143
EUR_USD,1h,d200,d50,0.7852230789876531
EUR_USD,1h,d200,d200,1.0
EUR_USD,1h,d200,slope21,0.5896346847392954
EUR_USD,1h,d200,gap_9_21,0.6406955967889387
EUR_USD,1h,slope21,rsi2,0.2724159198084547
EUR_USD,1h,slope21,rsi14,0.9294630772441187
EUR_USD,1h,slope21,d21,0.9031843087828036
EUR_USD,1h,slope21,d50,0.9009253970045605
EUR_USD,1h,slope21,d200,0.5896346847392954
EUR_USD,1h,slope21,slope21,1.0
EUR_USD,1h,slope21,gap_9_21,0.9788138956699852
EUR_USD,1h,gap_9_21,rsi2,0.24776825963275856
EUR_USD,1h,gap_9_21,rsi14,0.9256869027861604
EUR_USD,1h,gap_9_21,d21,0.8803966869873188
EUR_USD,1h,gap_9_21,d50,0.9356012712447301
EUR_USD,1h,gap_9_21,d200,0.6406955967889387
EUR_USD,1h,gap_9_21,slope21,0.9788138956699852
EUR_USD,1h,gap_9_21,gap_9_21,1.0
EUR_USD,1d,rsi2,rsi2,1.0
EUR_USD,1d,rsi2,rsi14,0.6144815754849404
EUR_USD,1d,rsi2,d21,0.6715479193426455
EUR_USD,1d,rsi2,d50,0.4867284556270845
EUR_USD,1d,rsi2,d200,0.2819254980280754
EUR_USD,1d,rsi2,slope21,0.3153424904006567
EUR_USD,1d,rsi2,gap_9_21,0.29840821202030726
EUR_USD,1d,rsi14,rsi2,0.6144815754849404
EUR_USD,1d,rsi14,rsi14,1.0
EUR_USD,1d,rsi14,d21,0.9900901892879659
EUR_USD,1d,rsi14,d50,0.9536717830015258
EUR_USD,1d,rsi14,d200,0.6503133775192368
EUR_USD,1d,rsi14,slope21,0.9194138199034293
EUR_USD,1d,rsi14,gap_9_21,0.914297118081578
EUR_USD,1d,d21,rsi2,0.6715479193426455
EUR_USD,1d,d21,rsi14,0.9900901892879659
EUR_USD,1d,d21,d21,1.0
EUR_USD,1d,d21,d50,0.9135195952431096
EUR_USD,1d,d21,d200,0.5967766800115173
EUR_USD,1d,d21,slope21,0.889915927318846
EUR_USD,1d,d21,gap_9_21,0.8664166186203037
EUR_USD,1d,d50,rsi2,0.4867284556270845
EUR_USD,1d,d50,rsi14,0.9536717830015258
EUR_USD,1d,d50,d21,0.9135195952431096
EUR_USD,1d,d50,d50,1.0
EUR_USD,1d,d50,d200,0.7922984762265848
EUR_USD,1d,d50,slope21,0.9041612635904791
EUR_USD,1d,d50,gap_9_21,0.9360953103315054
EUR_USD,1d,d200,rsi2,0.2819254980280754
EUR_USD,1d,d200,rsi14,0.6503133775192368
EUR_USD,1d,d200,d21,0.5967766800115173
EUR_USD,1d,d200,d50,0.7922984762265848
EUR_USD,1d,d200,d200,1.0
EUR_USD,1d,d200,slope21,0.62437357023896
EUR_USD,1d,d200,gap_9_21,0.6715064030436547
EUR_USD,1d,slope21,rsi2,0.3153424904006567
EUR_USD,1d,slope21,rsi14,0.9194138199034293
EUR_USD,1d,slope21,d21,0.889915927318846
EUR_USD,1d,slope21,d50,0.9041612635904791
EUR_USD,1d,slope21,d200,0.62437357023896
EUR_USD,1d,slope21,slope21,1.0
EUR_USD,1d,slope21,gap_9_21,0.9759957515967258
EUR_USD,1d,gap_9_21,rsi2,0.29840821202030726
EUR_USD,1d,gap_9_21,rsi14,0.914297118081578
EUR_USD,1d,gap_9_21,d21,0.8664166186203037
EUR_USD,1d,gap_9_21,d50,0.9360953103315054
EUR_USD,1d,gap_9_21,d200,0.6715064030436547
EUR_USD,1d,gap_9_21,slope21,0.9759957515967258
EUR_USD,1d,gap_9_21,gap_9_21,1.0
WTICO_USD,5m,rsi2,rsi2,1.0
WTICO_USD,5m,rsi2,rsi14,0.5633215876124019
WTICO_USD,5m,rsi2,d21,0.6223019162081452
WTICO_USD,5m,rsi2,d50,0.42935464117924355
WTICO_USD,5m,rsi2,d200,0.25589880587961394
WTICO_USD,5m,rsi2,slope21,0.2697609404447857
WTICO_USD,5m,rsi2,gap_9_21,0.25248219076810413
WTICO_USD,5m,rsi14,rsi2,0.5633215876124019
WTICO_USD,5m,rsi14,rsi14,1.0
WTICO_USD,5m,rsi14,d21,0.988303223308123
WTICO_USD,5m,rsi14,d50,0.9519686708154992
WTICO_USD,5m,rsi14,d200,0.7271784255179498
WTICO_USD,5m,rsi14,slope21,0.9207674930351611
WTICO_USD,5m,rsi14,gap_9_21,0.9176453973761671
WTICO_USD,5m,d21,rsi2,0.6223019162081452
WTICO_USD,5m,d21,rsi14,0.988303223308123
WTICO_USD,5m,d21,d21,1.0
WTICO_USD,5m,d21,d50,0.9083395076071035
WTICO_USD,5m,d21,d200,0.6588699994630302
WTICO_USD,5m,d21,slope21,0.8928637829933189
WTICO_USD,5m,d21,gap_9_21,0.8707540659692778
WTICO_USD,5m,d50,rsi2,0.42935464117924355
WTICO_USD,5m,d50,rsi14,0.9519686708154992
WTICO_USD,5m,d50,d21,0.9083395076071035
WTICO_USD,5m,d50,d50,1.0
WTICO_USD,5m,d50,d200,0.8728928610570442
WTICO_USD,5m,d50,slope21,0.9026056058635744
WTICO_USD,5m,d50,gap_9_21,0.9386610605578012
WTICO_USD,5m,d200,rsi2,0.25589880587961394
WTICO_USD,5m,d200,rsi14,0.7271784255179498
WTICO_USD,5m,d200,d21,0.6588699994630302
WTICO_USD,5m,d200,d50,0.8728928610570442
WTICO_USD,5m,d200,d200,1.0
WTICO_USD,5m,d200,slope21,0.6941190745860791
WTICO_USD,5m,d200,gap_9_21,0.7550043826079212
WTICO_USD,5m,slope21,rsi2,0.2697609404447857
WTICO_USD,5m,slope21,rsi14,0.9207674930351611
WTICO_USD,5m,slope21,d21,0.8928637829933189
WTICO_USD,5m,slope21,d50,0.9026056058635744
WTICO_USD,5m,slope21,d200,0.6941190745860791
WTICO_USD,5m,slope21,slope21,1.0
WTICO_USD,5m,slope21,gap_9_21,0.976349582053427
WTICO_USD,5m,gap_9_21,rsi2,0.25248219076810413
WTICO_USD,5m,gap_9_21,rsi14,0.9176453973761671
WTICO_USD,5m,gap_9_21,d21,0.8707540659692778
WTICO_USD,5m,gap_9_21,d50,0.9386610605578012
WTICO_USD,5m,gap_9_21,d200,0.7550043826079212
WTICO_USD,5m,gap_9_21,slope21,0.976349582053427
WTICO_USD,5m,gap_9_21,gap_9_21,1.0
WTICO_USD,15m,rsi2,rsi2,1.0
WTICO_USD,15m,rsi2,rsi14,0.6144566505099321
WTICO_USD,15m,rsi2,d21,0.6585182015372771
WTICO_USD,15m,rsi2,d50,0.5197602799359633
WTICO_USD,15m,rsi2,d200,0.3453194181564295
WTICO_USD,15m,rsi2,slope21,0.31898789078437617
WTICO_USD,15m,rsi2,gap_9_21,0.314937822721641
WTICO_USD,15m,rsi14,rsi2,0.6144566505099321
WTICO_USD,15m,rsi14,rsi14,1.0
WTICO_USD,15m,rsi14,d21,0.9916034656920696
WTICO_USD,15m,rsi14,d50,0.9760470561088849
WTICO_USD,15m,rsi14,d200,0.7458025636290593
WTICO_USD,15m,rsi14,slope21,0.9196014659276401
WTICO_USD,15m,rsi14,gap_9_21,0.9195199686247377
WTICO_USD,15m,d21,rsi2,0.6585182015372771
WTICO_USD,15m,d21,rsi14,0.9916034656920696
WTICO_USD,15m,d21,d21,1.0
WTICO_USD,15m,d21,d50,0.9547065734735919
WTICO_USD,15m,d21,d200,0.7104780437978561
WTICO_USD,15m,d21,slope21,0.894945136257276
WTICO_USD,15m,d21,gap_9_21,0.8837965260597336
WTICO_USD,15m,d50,rsi2,0.5197602799359633
WTICO_USD,15m,d50,rsi14,0.9760470561088849
WTICO_USD,15m,d50,d21,0.9547065734735919
WTICO_USD,15m,d50,d50,1.0
WTICO_USD,15m,d50,d200,0.8263253179495373
WTICO_USD,15m,d50,slope21,0.9296820432091009
WTICO_USD,15m,d50,gap_9_21,0.9517841448306469
WTICO_USD,15m,d200,rsi2,0.3453194181564295
WTICO_USD,15m,d200,rsi14,0.7458025636290593
WTICO_USD,15m,d200,d21,0.7104780437978561
WTICO_USD,15m,d200,d50,0.8263253179495373
WTICO_USD,15m,d200,d200,1.0
WTICO_USD,15m,d200,slope21,0.7263815589068467
WTICO_USD,15m,d200,gap_9_21,0.7632377907378292
WTICO_USD,15m,slope21,rsi2,0.31898789078437617
WTICO_USD,15m,slope21,rsi14,0.9196014659276401
WTICO_USD,15m,slope21,d21,0.894945136257276
WTICO_USD,15m,slope21,d50,0.9296820432091009
WTICO_USD,15m,slope21,d200,0.7263815589068467
WTICO_USD,15m,slope21,slope21,1.0
WTICO_USD,15m,slope21,gap_9_21,0.9821848772858218
WTICO_USD,15m,gap_9_21,rsi2,0.314937822721641
WTICO_USD,15m,gap_9_21,rsi14,0.9195199686247377
WTICO_USD,15m,gap_9_21,d21,0.8837965260597336
WTICO_USD,15m,gap_9_21,d50,0.9517841448306469
WTICO_USD,15m,gap_9_21,d200,0.7632377907378292
WTICO_USD,15m,gap_9_21,slope21,0.9821848772858218
WTICO_USD,15m,gap_9_21,gap_9_21,1.0
WTICO_USD,1h,rsi2,rsi2,1.0
WTICO_USD,1h,rsi2,rsi14,0.5339553119749597
WTICO_USD,1h,rsi2,d21,0.5947647329099632
WTICO_USD,1h,rsi2,d50,0.3956424453952169
WTICO_USD,1h,rsi2,d200,0.20099203109880545
WTICO_USD,1h,rsi2,slope21,0.27793642743461805
WTICO_USD,1h,rsi2,gap_9_21,0.2486532901234591
WTICO_USD,1h,rsi14,rsi2,0.5339553119749597
WTICO_USD,1h,rsi14,rsi14,1.0
WTICO_USD,1h,rsi14,d21,0.9881078287626551
WTICO_USD,1h,rsi14,d50,0.9477692494917704
WTICO_USD,1h,rsi14,d200,0.6359059997977914
WTICO_USD,1h,rsi14,slope21,0.9333136149870687
WTICO_USD,1h,rsi14,gap_9_21,0.9282967191239869
WTICO_USD,1h,d21,rsi2,0.5947647329099632
WTICO_USD,1h,d21,rsi14,0.9881078287626551
WTICO_USD,1h,d21,d21,1.0
WTICO_USD,1h,d21,d50,0.903715347330779
WTICO_USD,1h,d21,d200,0.5728266545281805
WTICO_USD,1h,d21,slope21,0.9072290542208037
WTICO_USD,1h,d21,gap_9_21,0.8845094526120694
WTICO_USD,1h,d50,rsi2,0.3956424453952169
WTICO_USD,1h,d50,rsi14,0.9477692494917704
WTICO_USD,1h,d50,d21,0.903715347330779
WTICO_USD,1h,d50,d50,1.0
WTICO_USD,1h,d50,d200,0.7951747066219033
WTICO_USD,1h,d50,slope21,0.9070940823192343
WTICO_USD,1h,d50,gap_9_21,0.9395347080796262
WTICO_USD,1h,d200,rsi2,0.20099203109880545
WTICO_USD,1h,d200,rsi14,0.6359059997977914
WTICO_USD,1h,d200,d21,0.5728266545281805
WTICO_USD,1h,d200,d50,0.7951747066219033
WTICO_USD,1h,d200,d200,1.0
WTICO_USD,1h,d200,slope21,0.6066997587967041
WTICO_USD,1h,d200,gap_9_21,0.6564322894512152
WTICO_USD,1h,slope21,rsi2,0.27793642743461805
WTICO_USD,1h,slope21,rsi14,0.9333136149870687
WTICO_USD,1h,slope21,d21,0.9072290542208037
WTICO_USD,1h,slope21,d50,0.9070940823192343
WTICO_USD,1h,slope21,d200,0.6066997587967041
WTICO_USD,1h,slope21,slope21,1.0
WTICO_USD,1h,slope21,gap_9_21,0.9798069060942328
WTICO_USD,1h,gap_9_21,rsi2,0.2486532901234591
WTICO_USD,1h,gap_9_21,rsi14,0.9282967191239869
WTICO_USD,1h,gap_9_21,d21,0.8845094526120694
WTICO_USD,1h,gap_9_21,d50,0.9395347080796262
WTICO_USD,1h,gap_9_21,d200,0.6564322894512152
WTICO_USD,1h,gap_9_21,slope21,0.9798069060942328
WTICO_USD,1h,gap_9_21,gap_9_21,1.0
WTICO_USD,1d,rsi2,rsi2,1.0
WTICO_USD,1d,rsi2,rsi14,0.6304030221202709
WTICO_USD,1d,rsi2,d21,0.6880938790725787
WTICO_USD,1d,rsi2,d50,0.5081862036913307
WTICO_USD,1d,rsi2,d200,0.2966701126237513
WTICO_USD,1d,rsi2,slope21,0.36434593777886176
WTICO_USD,1d,rsi2,gap_9_21,0.3390679280783896
WTICO_USD,1d,rsi14,rsi2,0.6304030221202709
WTICO_USD,1d,rsi14,rsi14,1.0
WTICO_USD,1d,rsi14,d21,0.9888940763227332
WTICO_USD,1d,rsi14,d50,0.9572383438426452
WTICO_USD,1d,rsi14,d200,0.6533594848223137
WTICO_USD,1d,rsi14,slope21,0.9320784097251973
WTICO_USD,1d,rsi14,gap_9_21,0.9259954504743255
WTICO_USD,1d,d21,rsi2,0.6880938790725787
WTICO_USD,1d,d21,rsi14,0.9888940763227332
WTICO_USD,1d,d21,d21,1.0
WTICO_USD,1d,d21,d50,0.9178719276083428
WTICO_USD,1d,d21,d200,0.6007990076312284
WTICO_USD,1d,d21,slope21,0.9046974326535862
WTICO_USD,1d,d21,gap_9_21,0.8817919403417535
WTICO_USD,1d,d50,rsi2,0.5081862036913307
WTICO_USD,1d,d50,rsi14,0.9572383438426452
WTICO_USD,1d,d50,d21,0.9178719276083428
WTICO_USD,1d,d50,d50,1.0
WTICO_USD,1d,d50,d200,0.7837534138134438
WTICO_USD,1d,d50,slope21,0.914477640361037
WTICO_USD,1d,d50,gap_9_21,0.9424758972756201
WTICO_USD,1d,d200,rsi2,0.2966701126237513
WTICO_USD,1d,d200,rsi14,0.6533594848223137
WTICO_USD,1d,d200,d21,0.6007990076312284
WTICO_USD,1d,d200,d50,0.7837534138134438
WTICO_USD,1d,d200,d200,1.0
WTICO_USD,1d,d200,slope21,0.6287414904366987
WTICO_USD,1d,d200,gap_9_21,0.6712280206970033
WTICO_USD,1d,slope21,rsi2,0.36434593777886176
WTICO_USD,1d,slope21,rsi14,0.9320784097251973
WTICO_USD,1d,slope21,d21,0.9046974326535862
WTICO_USD,1d,slope21,d50,0.914477640361037
WTICO_USD,1d,slope21,d200,0.6287414904366987
WTICO_USD,1d,slope21,slope21,1.0
WTICO_USD,1d,slope21,gap_9_21,0.9792897978789541
WTICO_USD,1d,gap_9_21,rsi2,0.3390679280783896
WTICO_USD,1d,gap_9_21,rsi14,0.9259954504743255
WTICO_USD,1d,gap_9_21,d21,0.8817919403417535
WTICO_USD,1d,gap_9_21,d50,0.9424758972756201
WTICO_USD,1d,gap_9_21,d200,0.6712280206970033
WTICO_USD,1d,gap_9_21,slope21,0.9792897978789541
WTICO_USD,1d,gap_9_21,gap_9_21,1.0
