inst,version,trades,avgR,totR
NAS100_USD,correcto,564,-0.07734442073767962,-43.622253296051305
NAS100_USD,con look-ahead de 1h,598,0.04921000980613718,29.427585864070032
SPX500_USD,correcto,509,-0.10636151165942787,-54.13800943464879
SPX500_USD,con look-ahead de 1h,530,-0.002537692625553537,-1.3449770915433747
US2000_USD,correcto,573,-0.04514700193040947,-25.869232106124628
US2000_USD,con look-ahead de 1h,610,0.07159953392108276,43.67571569186048
XAU_USD,correcto,236,0.04159205419301579,9.815724789551727
XAU_USD,con look-ahead de 1h,243,0.11841818976857395,28.77562011376347
EUR_USD,correcto,259,-0.07176629362269082,-18.587470048276924
EUR_USD,con look-ahead de 1h,266,0.023711407696876824,6.307234447369235
WTICO_USD,correcto,374,0.018550400359118976,6.937849734310497
WTICO_USD,con look-ahead de 1h,386,0.1069487403506283,41.28221377534253
