inst,align,n,f8,f8_up,fclose,fclose_up,t8,rsi_bin
NAS100_USD,-3,2278,-0.15956910610853825,44.38103599648815,-0.1248962740941845,48.15627743634767,-3.210731294629512,
NAS100_USD,-2,3050,-0.05036762850673869,48.622950819672134,-0.06937766992652301,49.40983606557377,-1.1527836050913538,
NAS100_USD,-1,10852,-0.06713531976854462,49.741983044600076,-0.08647428168457924,50.84776999631404,-2.9108573772366686,
NAS100_USD,0,7612,0.03801740927145924,52.82448765107725,-0.09799834251928133,53.28428796636889,1.3181785315811863,
NAS100_USD,1,9320,0.0909203445096392,56.33047210300429,0.18977561147471397,58.26180257510729,3.4984952531857965,
NAS100_USD,2,9978,-0.055333878153645516,54.21928242132692,-0.05108205415332469,55.32170775706554,-2.3292611899017532,
NAS100_USD,3,21943,0.030124754445697448,54.787403727840314,0.041994528148284645,54.44560907806589,1.923796112889145,
NAS100_USD,3,237,0.31301068651634056,56.540084388185655,0.20763617756521552,54.008438818565395,2.1140798050601566,"(0, 30]"
NAS100_USD,3,1503,0.06319522060355529,57.152361942781106,0.0031802730144465385,53.35994677312043,1.0019688920801826,"(30, 40]"
NAS100_USD,3,4782,0.09250496637305089,56.92179004600586,0.07602331868535364,57.23546633207863,2.8589044053051915,"(40, 50]"
NAS100_USD,3,7016,-0.002639136325336241,53.99087799315849,0.058511162026278575,54.247434435575826,-0.0965124908978206,"(50, 60]"
NAS100_USD,3,5172,-0.08062624542262306,52.03016241299304,-0.005617579468763852,52.82289249806651,-2.4727161851055586,"(60, 70]"
NAS100_USD,3,3233,0.1500210052950383,56.541911537271886,0.03788818590066672,53.88184348901949,3.563068039345243,"(70, 100]"
NAS100_USD,-3,264,-0.28383822945625503,36.74242424242424,-1.0110053770557916,35.22727272727273,-2.1874291847575487,"(0, 30]"
NAS100_USD,-3,530,-0.24173812253342966,41.132075471698116,-0.3201193773129894,44.716981132075475,-2.516835359359264,"(30, 40]"
NAS100_USD,-3,689,-0.015942745005534914,47.314949201741655,0.16735932311551316,52.83018867924528,-0.1652909363483747,"(40, 50]"
NAS100_USD,-3,585,-0.14890436935527168,47.179487179487175,-0.03416575701390953,48.717948717948715,-1.4787325989570497,"(50, 60]"
NAS100_USD,-3,198,-0.28773330486246645,44.94949494949495,0.2237054644490904,56.060606060606055,-1.7245520638483691,"(60, 70]"
NAS100_USD,-3,12,-0.4482603709720982,41.66666666666667,1.0364741164741476,58.333333333333336,-0.6157820528790164,"(70, 100]"
SPX500_USD,-3,3315,-0.09650562018214369,47.33031674208144,0.12329673340057265,51.31221719457013,-2.582718199842124,
SPX500_USD,-2,3663,-0.18023520221814177,45.78214578214578,-0.2756428470183587,47.611247611247606,-5.029624328699516,
SPX500_USD,-1,9917,-0.06666411745957213,49.93445598467278,-0.2125885453237459,49.63194514470102,-2.8173529684547525,
SPX500_USD,0,8041,0.06190696138513574,54.63250839447829,0.13827949864670283,56.12486009202835,2.433166250840862,
SPX500_USD,1,9835,0.11379035488923435,56.532791052364004,0.1183408760743351,57.35638027452974,4.799635783584978,
SPX500_USD,2,9553,-0.015676081674118464,53.66900450120381,0.009482942486117113,56.79891133675285,-0.6539613760802598,
SPX500_USD,3,20695,0.008410597771190811,52.655230732060886,0.016565023773947238,53.06112587581542,0.5284754836057344,
SPX500_USD,3,192,-0.023396582733295753,48.95833333333333,-1.358547819795252,44.79166666666667,-0.13130498274307614,"(0, 30]"
SPX500_USD,3,1401,0.1697985273224102,57.958600999286226,-0.15899694530240538,56.81655960028551,2.8073618725024434,"(30, 40]"
SPX500_USD,3,4888,-0.06636829870198269,53.743862520458265,-0.12881695119174896,53.51882160392799,-2.0881156585195613,"(40, 50]"
SPX500_USD,3,6777,-0.012596057282260993,51.98465397668585,0.13084800166067828,53.20938468348827,-0.4460997460121523,"(50, 60]"
SPX500_USD,3,4751,0.01803152338595855,51.35760892443696,0.13010176804390705,52.725741949063355,0.5263084962268406,"(60, 70]"
SPX500_USD,3,2686,0.09857248124771974,52.15934475055845,-0.018169799342722906,51.07967237527923,2.3388342944096414,"(70, 100]"
SPX500_USD,-3,336,-0.10117284982553465,42.857142857142854,-0.8528260009797926,35.41666666666667,-0.925588211925513,"(0, 30]"
SPX500_USD,-3,840,-0.03079388523403688,46.904761904761905,-0.1228762256299739,50.11904761904762,-0.41594389015623373,"(30, 40]"
SPX500_USD,-3,1010,-0.049614166983358333,49.10891089108911,0.3819973037674067,53.76237623762377,-0.7001548363392834,"(40, 50]"
SPX500_USD,-3,890,-0.14940790815372385,46.51685393258427,0.4653140977497137,55.50561797752809,-2.1051625884989433,"(50, 60]"
SPX500_USD,-3,226,-0.27889463678106274,50.88495575221239,-0.03866899924193657,51.32743362831859,-2.052605765944765,"(60, 70]"
SPX500_USD,-3,13,-1.0724349956391834,46.15384615384615,0.5605082390491063,61.53846153846154,-1.7095723568730852,"(70, 100]"
US2000_USD,-3,4494,-0.10617557640405939,47.41878059635069,-0.036804253486261596,49.31019136626613,-3.023246584181009,
US2000_USD,-2,4616,-0.02788484054951933,49.78336221837088,0.08910002625198474,51.34315424610052,-0.7967249403007719,
US2000_USD,-1,10354,0.036941717582254965,52.549739231214986,0.02433766848941444,52.85879853196832,1.6114979514324212,
US2000_USD,0,8713,0.048555658058710593,52.78319752094571,0.032796417735131096,54.36703775966946,1.9165960367301424,
US2000_USD,1,10821,0.012516079994111896,53.38693281582108,-0.07600772578171165,53.41465668607338,0.5401306288648642,
US2000_USD,2,9912,-0.01186701568594438,53.55125100887813,0.04521413180469123,54.94350282485876,-0.4748157179626579,
US2000_USD,3,16058,-0.013544723521795568,52.3726491468427,-0.02548995435556691,53.85477643542159,-0.7197815622230717,
US2000_USD,3,263,0.06894361672697355,54.372623574144484,-0.19824474139304094,59.6958174904943,0.39844424097326564,"(0, 30]"
US2000_USD,3,1206,-0.17115979514313978,50.0,-0.20162576180046554,53.64842454394692,-2.197930722304996,"(30, 40]"
US2000_USD,3,3537,-0.03166813811317185,51.85185185185185,-0.004061676864815268,54.566016398077466,-0.7763179154773382,"(40, 50]"
US2000_USD,3,4939,0.02711926100405701,53.73557400283458,0.11847391161304363,55.942498481473976,0.8421968259805716,"(50, 60]"
US2000_USD,3,3652,-0.06547798001721983,51.150054764512596,-0.17420523332268287,52.05366922234392,-1.6667236006010648,"(60, 70]"
US2000_USD,3,2461,0.076383229931157,53.14912637139374,-0.019747109961599035,50.79236082893133,1.6068557643533916,"(70, 100]"
US2000_USD,-3,563,0.16540044584231936,48.49023090586146,-0.2635152211031977,44.93783303730018,1.8033853116981111,"(0, 30]"
US2000_USD,-3,1090,-0.06359617323589702,48.34862385321101,-0.1201249927145078,46.23853211009175,-0.9009411014227097,"(30, 40]"
US2000_USD,-3,1389,-0.15858801711438036,45.5003599712023,0.13414707626417566,51.83585313174947,-2.5020765852246822,"(40, 50]"
US2000_USD,-3,1091,-0.11504673457374162,49.679193400549956,0.11119780685352465,52.887259395050414,-1.566555127963689,"(50, 60]"
US2000_USD,-3,330,-0.43998351436021704,43.03030303030303,-0.5147405177784262,44.84848484848485,-3.3059289205660933,"(60, 70]"
US2000_USD,-3,31,-0.3214309552013835,48.38709677419355,-0.77050738608389,45.16129032258064,-0.7739145351408633,"(70, 100]"
XAU_USD,-3,6410,-0.05591344703352973,49.032761310452415,-0.06846884947290746,49.0795631825273,-2.3463830302869346,
XAU_USD,-2,4553,0.027511594198502083,50.6479244454206,0.021781005033018566,52.514825389852845,1.0102261449946193,
XAU_USD,-1,10837,0.05305452417557058,52.48685060441082,0.06292463891907674,53.990956906893054,2.9004633348310014,
XAU_USD,0,7860,0.0033743223415831636,50.445292620865146,-0.005745221140518543,49.55470737913486,0.1649948780800378,
XAU_USD,1,9598,-0.018090698175470033,49.48947697436966,-0.002081502657219514,49.71869139404043,-0.9374660876135128,
XAU_USD,2,7390,-0.02350787127519613,51.258457374830854,-0.027991652903329525,50.63599458728011,-1.0278760996977239,
XAU_USD,3,13736,-0.0015267512510552875,50.96097845078626,-0.005110941113567052,51.274024461269654,-0.09502887683746274,
XAU_USD,3,37,-0.1473768918502234,56.75675675675676,-0.12575491414943474,51.35135135135135,-0.5550876505529663,"(0, 30]"
XAU_USD,3,764,0.08514561629394961,59.16230366492147,-0.1595488620530358,56.02094240837696,1.1578775475861869,"(30, 40]"
XAU_USD,3,3418,-0.04705616224139365,51.316559391457,-0.1610687092603641,49.356348741954356,-1.4308112079303228,"(40, 50]"
XAU_USD,3,4788,-0.058810675605030206,48.83040935672515,-0.011719764794735844,50.39682539682539,-2.1367764067055206,"(50, 60]"
XAU_USD,3,3200,0.05391003191650527,51.46875,0.06113915882043337,51.71875,1.654413578139133,"(60, 70]"
XAU_USD,3,1529,0.12383362601081521,51.53695225637671,0.3056547738128347,55.00327011118378,2.813950838201375,"(70, 100]"
XAU_USD,-3,771,-0.21732915136782702,51.36186770428015,-0.32344458751537075,48.63813229571984,-3.3485190533309304,"(0, 30]"
XAU_USD,-3,1528,0.06134693644075981,55.10471204188482,-0.012364595391323684,55.824607329842934,1.4324147169215031,"(30, 40]"
XAU_USD,-3,2334,-0.1569462320752132,46.82947729220223,-0.12705372092190695,47.17223650385604,-4.068088224150809,"(40, 50]"
XAU_USD,-3,1424,-0.021062377921830827,45.29494382022472,0.08458020508118709,46.98033707865169,-0.38159062284094714,"(50, 60]"
XAU_USD,-3,338,0.35760269796432964,48.5207100591716,0.07099867536057321,42.89940828402367,2.6259423749965514,"(60, 70]"
XAU_USD,-3,15,-0.6097945833013809,20.0,-1.2341884043197937,20.0,-1.6655733285186463,"(70, 100]"
EUR_USD,-3,11136,-0.02306127988218339,51.23024425287356,-0.04373164595082949,50.924928160919535,-1.5025698278491046,
EUR_USD,-2,6968,0.04518377443107997,50.71756601607348,0.1001107585404581,51.92307692307693,2.267276311609651,
EUR_USD,-1,11607,0.04949580538280958,53.1575773240286,0.07847030480248625,52.76988024467993,3.014645229917181,
EUR_USD,0,8984,0.03603889126318542,51.54719501335708,0.042580130032526045,52.77159394479074,1.9436085830402032,
EUR_USD,1,11804,-0.03827168337166832,50.00847170450695,-0.04616119027943072,49.35615045747204,-2.1876045251941054,
EUR_USD,2,6245,0.024508474724623433,52.249799839871905,0.017620147136530984,52.634107285828655,1.0925929718575906,
EUR_USD,3,10330,-0.06365903328079378,49.07066795740562,-0.10349196525318324,49.380445304937076,-3.4868577106668157,
EUR_USD,3,21,-0.826007857926579,66.66666666666666,-1.683143169968441,23.809523809523807,-1.0822008969171042,"(0, 30]"
EUR_USD,3,496,-0.3068134137020517,47.983870967741936,-0.5369384112070391,40.524193548387096,-3.72210815810703,"(30, 40]"
EUR_USD,3,2609,-0.03282957712987438,52.357224990417784,-0.14455078546288247,49.29091605979302,-0.961031920960733,"(40, 50]"
EUR_USD,3,3918,-0.07448865667967698,49.846860643185295,-0.06646126312610953,52.19499744767738,-2.4942739008499584,"(50, 60]"
EUR_USD,3,2345,0.0061767551120609915,47.24946695095949,0.012654882422938385,49.424307036247335,0.1584182618214574,"(60, 70]"
EUR_USD,3,941,-0.13289879140583455,41.445270988310305,-0.16955580618319605,43.03931987247609,-2.0811521601881955,"(70, 100]"
EUR_USD,-3,1084,-0.201263269801157,46.309963099631,-0.25173007140190795,49.07749077490775,-4.689712424755738,"(0, 30]"
EUR_USD,-3,2625,-0.03479772144323494,52.83809523809524,-0.06690455914327954,51.96190476190476,-1.2016131571110038,"(30, 40]"
EUR_USD,-3,3918,0.008561192252146625,52.65441551812149,0.013769865595138084,53.49668198060235,0.318135070829912,"(40, 50]"
EUR_USD,-3,2856,0.00018348382431611354,50.070028011204485,-0.05321611591585736,47.864145658263304,0.005664725472793022,"(50, 60]"
EUR_USD,-3,625,0.030880003164855188,49.6,0.09338202173557085,47.839999999999996,0.4997278325174853,"(60, 70]"
EUR_USD,-3,28,-0.02370687640143052,46.42857142857143,0.041978068269485844,46.42857142857143,-0.07758565877390473,"(70, 100]"
WTICO_USD,-3,7957,-0.0916290804413219,48.83750157094383,-0.13789917587850603,50.05655397762976,-3.754544783183695,
WTICO_USD,-2,6624,-0.01403087355762294,51.690821256038646,-0.004017415464759283,54.181763285024154,-0.49631074975418005,
WTICO_USD,-1,11058,-0.015354525977946135,51.01284138180503,0.050000285503903494,51.83577500452161,-0.6920316833686229,
WTICO_USD,0,8596,0.0992620495817008,54.57189390414147,0.1583916608184997,55.85155886458818,3.9897216045891892,
WTICO_USD,1,10497,-0.004774950105634647,52.7102981804325,-0.03566416395314717,54.05353910641135,-0.21681091999273652,
WTICO_USD,2,7998,-0.057419462857807524,52.58814703675919,-0.18142202350644182,51.41285321330332,-2.276265420479822,
WTICO_USD,3,12158,0.053292513963868485,53.166639249876624,0.08511410610516183,52.88698799144596,2.6486105964109132,
WTICO_USD,3,64,0.37833284282253593,60.9375,0.0983078974292305,50.0,1.3095368033582402,"(0, 30]"
WTICO_USD,3,804,0.3838801713275483,61.56716417910447,0.24862825615237555,55.09950248756219,4.778556485092823,"(30, 40]"
WTICO_USD,3,3051,-0.0050489172286821045,53.03179285480171,-0.031083509949964686,52.37627007538512,-0.12723752697653112,"(40, 50]"
WTICO_USD,3,4089,0.0009773316574437363,51.91978478845684,0.08690424925520653,51.50403521643434,0.027610331484656983,"(50, 60]"
WTICO_USD,3,2816,0.02799388525015522,51.63352272727273,0.09957616952722571,53.08948863636363,0.6600280913549563,"(60, 70]"
WTICO_USD,3,1334,0.18564811209723114,55.09745127436282,0.2156718882374154,56.67166416791605,3.3883726116483293,"(70, 100]"
WTICO_USD,-3,968,-0.053086091230097165,51.34297520661158,0.06016303363819374,53.82231404958677,-0.8455793577250346,"(0, 30]"
WTICO_USD,-3,1973,-0.2198260849521178,46.68018246325393,-0.32193799444085314,46.98428788646731,-4.589255354350577,"(30, 40]"
WTICO_USD,-3,2763,-0.14332681050844243,48.31704668838219,-0.24080901259371834,48.24466159971046,-3.431458164446178,"(40, 50]"
WTICO_USD,-3,1754,0.025067840662384898,50.7411630558723,-0.03570900148676445,52.79361459521095,0.47126228320211166,"(50, 60]"
WTICO_USD,-3,446,0.19630532389452243,47.75784753363229,0.2674067394645076,54.932735426008975,1.6775785125359475,"(60, 70]"
WTICO_USD,-3,53,0.38683810010774894,56.60377358490566,1.6680677095814613,58.490566037735846,1.303796647915933,"(70, 100]"
