inst,setup,side,filter,trades,per_year,win,avgR,avgR_gross,PF,t,totR,maxDD_R,bars,IS_avgR,OOS_avgR
NAS100_USD,S1 Cruce EMA 9/21,Largo,sin filtro,2386,155.428303905832,35.4149203688181,-0.1138554298552177,-0.0014970015173293562,0.7919881128612583,-4.557113016154015,-271.6590556345494,303.78610706815726,9.63160100586756,-0.15336763665811304,-0.06964105989815901
NAS100_USD,S1 Cruce EMA 9/21,Largo,con semáforo 1h+1d,1094,71.26511503477796,33.912248628884825,-0.18078434989429729,-0.05762986488270429,0.6752279311246066,-5.300208836311083,-197.77807878436124,219.86424740084016,9.504570383912249,-0.18702206443256242,-0.17617300289860052
NAS100_USD,S1 Cruce EMA 9/21,Corto,sin filtro,2356,153.474050294275,30.135823429541595,-0.12465909156125984,-0.00877938903882052,0.7956368029040201,-4.119359815207716,-293.6968197183282,315.91360377843046,9.261460101867572,-0.1541551277947949,-0.09115180833313705
NAS100_USD,S1 Cruce EMA 9/21,Corto,con semáforo 1h+1d,126,8.207865168539326,34.12698412698413,0.0315523465103545,0.11874161044008488,1.0522758468353506,0.22836312511743198,3.9755956603046663,13.52395487865572,9.714285714285714,0.04634273270632423,-0.04239958446949416
NAS100_USD,S2 Cruce 9/21 + RSI>50 + EMA200,Largo,sin filtro,1673,108.98220973782772,35.6246264196055,-0.12410352078106307,-0.0028444784839419795,0.7799405195490992,-4.0836008574488645,-207.6251902667185,237.7965652598444,9.796174536760311,-0.1372473126704861,-0.1102331064898906
NAS100_USD,S2 Cruce 9/21 + RSI>50 + EMA200,Largo,con semáforo 1h+1d,988,64.36008560727662,33.80566801619433,-0.19097443997647132,-0.06554435626786613,0.6645009227979558,-5.262743276864368,-188.68274669675367,208.94514576618508,9.619433198380566,-0.20116251807443197,-0.1834097470677563
NAS100_USD,S2 Cruce 9/21 + RSI>50 + EMA200,Corto,sin filtro,1324,86.24772605671482,32.55287009063444,-0.04528456097463388,0.06248747126488135,0.9251720089484172,-1.0424066376839354,-59.95675873041526,92.36241132625258,9.705438066465257,-0.06310907586403373,-0.023841758536969834
NAS100_USD,S2 Cruce 9/21 + RSI>50 + EMA200,Corto,con semáforo 1h+1d,112,7.295880149812734,33.92857142857143,-0.0037945165394550778,0.08331127206938348,0.9936663103468077,-0.02736339158762313,-0.4249858524189687,13.932061901718129,9.544642857142858,0.0004874218212856952,-0.027722995614183194
NAS100_USD,S3 RSI 30/70 contra-tendencia,Largo,sin filtro,1885,122.7922685928304,48.59416445623342,-0.12282388319221803,-0.022122128750234022,0.7550877139985784,-5.62575880893098,-231.52301981733098,234.17303783968828,6.378779840848806,-0.17657468795595074,-0.06474216369586668
NAS100_USD,S3 RSI 30/70 contra-tendencia,Largo,con semáforo 1h+1d,524,34.134296415195294,53.81679389312977,-0.07711981273428067,0.03423280507085154,0.8343153427846615,-1.9003943065890745,-40.410781872763074,42.70034749823222,6.650763358778626,-0.18577494829911806,-0.012191743921146135
NAS100_USD,S3 RSI 30/70 contra-tendencia,Corto,sin filtro,1694,110.3501872659176,47.992916174734354,-0.07114280437278721,0.0482720121738218,0.8514106270016673,-2.979177315215328,-120.51591060750152,126.5531266455784,6.824675324675325,-0.08489290012882345,-0.05722940581679802
NAS100_USD,S3 RSI 30/70 contra-tendencia,Corto,con semáforo 1h+1d,40,2.6056714820759765,52.5,-0.08028678558220564,0.01676608851833966,0.8367496514144259,-0.5310797939905577,-3.2114714232882258,8.666218186437485,6.075,-0.11905839887834943,0.1911145074908009
NAS100_USD,S4 RSI 30/70 a favor de tendencia,Largo,sin filtro,278,18.109416800428036,49.280575539568346,-0.1645112668326398,-0.042447063667387264,0.6705113231631877,-2.9940178896158347,-45.73413217947387,48.54100718345319,5.611510791366906,-0.26577099335847254,-0.096191451345331
NAS100_USD,S4 RSI 30/70 a favor de tendencia,Largo,con semáforo 1h+1d,190,12.376939539860889,50.0,-0.20595900331147893,-0.08984958372761537,0.5983557764636648,-3.227180971733488,-39.132210629180996,40.54328799399043,5.9526315789473685,-0.496073056094937,-0.0752969490044253
NAS100_USD,S4 RSI 30/70 a favor de tendencia,Corto,sin filtro,128,8.338148742643124,53.125,-0.00915016245219892,0.09696483448012613,0.9798705607697277,-0.10470356192926156,-1.1712207938814618,15.042069719512883,5.0390625,-0.06644314108015935,0.05377819112277402
NAS100_USD,S4 RSI 30/70 a favor de tendencia,Corto,con semáforo 1h+1d,14,0.9119850187265918,64.28571428571429,0.17916290708622734,0.2928495873038987,1.518792380323974,0.718212537272869,2.508280699207183,3.9371403700895025,5.214285714285714,0.023302079670534104,1.1143278715803868
NAS100_USD,S5 RSI(2) extremo + EMA200,Largo,sin filtro,2263,147.41586409844837,56.65046398585948,-0.11981631291730742,0.007804921610258136,0.6841582171889796,-7.416101788746866,-271.1443161318667,280.19837180871986,3.4622182942996025,-0.18346660575380813,-0.054397956390903876
NAS100_USD,S5 RSI(2) extremo + EMA200,Largo,con semáforo 1h+1d,1431,93.21789727126806,58.63032844164919,-0.09207797752997682,0.038005961011929865,0.7433135439782605,-4.629699961010751,-131.76358584539682,141.01196947166085,3.4472396925227113,-0.1406520001391761,-0.056804682462741646
NAS100_USD,S5 RSI(2) extremo + EMA200,Corto,sin filtro,1437,93.60874799357946,58.455114822546975,-0.07006168878548999,0.025949279418158663,0.7832264352980839,-3.734303595753886,-100.6786467847491,113.42921562625955,3.917884481558803,-0.1079417407537284,-0.023548508694257706
NAS100_USD,S5 RSI(2) extremo + EMA200,Corto,con semáforo 1h+1d,146,9.510700909577315,54.794520547945204,-0.09192338058855133,-0.012010148455117471,0.7620320839564347,-1.420976280541733,-13.420813565928494,18.650188443664184,3.5684931506849313,-0.10282981489377778,-0.019022477600985205
NAS100_USD,S6 Retroceso a EMA21 en tendencia,Largo,sin filtro,2342,152.56206527554843,30.486763450042698,-0.1087589837063348,0.0206881308792827,0.7836463398702058,-4.460233872482056,-254.7135398402361,267.579664321207,8.323228010247652,-0.1259390910553481,-0.09073715631222548
NAS100_USD,S6 Retroceso a EMA21 en tendencia,Largo,con semáforo 1h+1d,1479,96.34470304975923,29.88505747126437,-0.12536511651324483,0.007085478049225327,0.7469938600490739,-4.278040139484395,-185.41500732308913,192.91277311010816,8.378634212305611,-0.15062658854746183,-0.10598893366262681
NAS100_USD,S6 Retroceso a EMA21 en tendencia,Corto,sin filtro,1539,100.25321027287319,26.705653021442494,-0.10238754156407784,0.0030256830331501705,0.8017345984701119,-3.007270062001945,-157.57442646711579,176.6064063083034,7.677063027940221,-0.10617364136986557,-0.09725050568669968
NAS100_USD,S6 Retroceso a EMA21 en tendencia,Corto,con semáforo 1h+1d,168,10.9438202247191,26.785714285714285,-0.09880749923528194,-0.00229225253569382,0.8245480475320123,-0.864094537393349,-16.599659871527365,38.64627230956748,7.523809523809524,-0.11561378614783926,0.0071451791264925905
NAS100_USD,S7 Impulso RSI 70/30 en tendencia,Largo,sin filtro,1047,68.20345104333869,38.68194842406877,0.00419809327003682,0.13552911875444795,1.007384158099392,0.0946351394532584,4.39540365372855,65.38614673346942,11.13658070678128,-0.07983590241851148,0.08523650562259559
NAS100_USD,S7 Impulso RSI 70/30 en tendencia,Largo,con semáforo 1h+1d,615,40.06219903691814,37.886178861788615,-0.057746761792049156,0.07909533549343933,0.9017370756751799,-1.0361950031937477,-35.51425850211023,69.92475985041833,11.03089430894309,-0.15800188898674075,0.004681232978260125
NAS100_USD,S7 Impulso RSI 70/30 en tendencia,Corto,sin filtro,817,53.22084002140182,33.414932680538556,-0.0256340688440395,0.08086919068930691,0.9586262918279129,-0.4444097490487614,-20.94303424558027,55.189970822788986,10.089351285189718,-0.08146626749691688,0.04775443023509676
NAS100_USD,S7 Impulso RSI 70/30 en tendencia,Corto,con semáforo 1h+1d,74,4.820492241840556,39.189189189189186,0.18777058352035647,0.27271989253989615,1.3293961747189973,0.9066677167548376,13.895023180506378,8.915738013246141,10.324324324324325,0.1890704656078455,0.1816711368021388
SPX500_USD,S1 Cruce EMA 9/21,Largo,sin filtro,2327,151.58493846976992,37.21529866781263,-0.06969380685337144,0.05037437493226775,0.8636599054720799,-2.7812663829816557,-162.17748854779535,198.8717573818898,9.870648904168457,-0.08173775956880186,-0.055835469394304074
SPX500_USD,S1 Cruce EMA 9/21,Largo,con semáforo 1h+1d,1011,65.85834670947031,35.70722057368942,-0.14000830632275424,0.008616915555319692,0.7372476470493674,-3.8010636421246597,-141.54839769230455,153.47895702716903,9.687438180019782,-0.1933398253134627,-0.09494901199301334
SPX500_USD,S1 Cruce EMA 9/21,Corto,sin filtro,2247,146.37359550561797,30.08455718736093,-0.1271871236973768,-0.005805749226412281,0.786025996657905,-4.2130224830301,-285.78946694800567,300.2487489815881,9.395193591455273,-0.15053367498414677,-0.10047670862787567
SPX500_USD,S1 Cruce EMA 9/21,Corto,con semáforo 1h+1d,185,12.051230604601392,37.83783783783784,0.03323788556175409,0.09658181351945502,1.0646864799510833,0.31192680376799886,6.149008828924507,16.11731921915517,10.227027027027027,0.01232787576778755,0.1115163837648084
SPX500_USD,S2 Cruce 9/21 + RSI>50 + EMA200,Largo,sin filtro,1524,99.27608346709471,37.53280839895013,-0.06543825446492274,0.06588050893521222,0.8749437697040278,-2.0324331163249436,-99.72789980454226,144.89791744112674,10.087270341207349,-0.04528361018614807,-0.08818260163985281
SPX500_USD,S2 Cruce 9/21 + RSI>50 + EMA200,Largo,con semáforo 1h+1d,879,57.259630818619584,34.470989761092156,-0.16389279800929737,-0.013714875537109384,0.7031014606731779,-4.093224149490559,-144.0617694501724,154.29155503045754,9.687144482366325,-0.22058527218145485,-0.11500755015322094
SPX500_USD,S2 Cruce 9/21 + RSI>50 + EMA200,Corto,sin filtro,1220,79.47298020331728,32.213114754098356,-0.10256711940595023,0.008690916400022196,0.8307080683429093,-2.405435766989697,-125.13188567525928,153.9185320988638,9.551639344262295,-0.11725221067189569,-0.08587600866759888
SPX500_USD,S2 Cruce 9/21 + RSI>50 + EMA200,Corto,con semáforo 1h+1d,159,10.357544141252006,36.477987421383645,-0.044017990469355776,0.019698712593332127,0.9169668905273011,-0.4214424432074314,-6.998860484627569,18.6561412504416,10.320754716981131,-0.034393239883513005,-0.0871634241300303
SPX500_USD,S3 RSI 30/70 contra-tendencia,Largo,sin filtro,1738,113.21642589620117,48.61910241657077,-0.11796071963370879,-0.011811234705311207,0.7669321633426127,-5.116454995504616,-205.01573072338587,211.49012820708066,6.485615650172612,-0.15776221934533272,-0.07541102113247282
SPX500_USD,S3 RSI 30/70 contra-tendencia,Largo,con semáforo 1h+1d,457,29.76979668271803,51.42231947483589,-0.12657503496910893,0.010145895677646517,0.7469180440980236,-2.882761779575933,-57.844790980882784,59.26385765189227,6.49234135667396,-0.13827592303295763,-0.11904100992080345
SPX500_USD,S3 RSI 30/70 contra-tendencia,Corto,sin filtro,1605,104.55256821829856,46.292834890965736,-0.12754090853184072,0.0029506822396204776,0.7496880837706253,-5.264861108909077,-204.70315819360434,212.9863693803971,7.049221183800623,-0.1280036681889324,-0.12706587873232608
SPX500_USD,S3 RSI 30/70 contra-tendencia,Corto,con semáforo 1h+1d,52,3.3873729266987693,59.61538461538461,0.0712842605044999,0.138803413541124,1.1778684737295888,0.548617474657103,3.7067815462339953,7.583713930795552,7.461538461538462,0.0708925511692593,0.07343866184832326
SPX500_USD,S4 RSI 30/70 a favor de tendencia,Largo,sin filtro,224,14.591760299625468,54.46428571428571,-0.08326729608905001,0.05411417713673564,0.8172758593799876,-1.3616558784215034,-18.6518743239472,27.63537253659538,6.071428571428571,-0.056373435781795905,-0.10495589311102914
SPX500_USD,S4 RSI 30/70 a favor de tendencia,Largo,con semáforo 1h+1d,152,9.90155163188871,54.60526315789473,-0.11228724780916888,0.03427961318961321,0.7558732374066196,-1.550644184702749,-17.06766166699367,23.779244007380555,6.217105263157895,-0.04591284350915847,-0.1468019380451743
SPX500_USD,S4 RSI 30/70 a favor de tendencia,Corto,sin filtro,89,5.7976190476190474,50.56179775280899,-0.14808332687234657,-0.032948029263117504,0.7207288763636225,-1.4738566369930253,-13.179416091638846,14.866875084019323,5.01123595505618,0.01134501636678806,-0.3721447822354548
SPX500_USD,S4 RSI 30/70 a favor de tendencia,Corto,con semáforo 1h+1d,14,0.9119850187265918,57.14285714285714,-0.03711245075098852,0.02028910899568149,0.9090245714356747,-0.16505994323722933,-0.5195743105138393,2.5532495166669102,5.571428571428571,0.11702864329218755,-0.961959015010045
SPX500_USD,S5 RSI(2) extremo + EMA200,Largo,sin filtro,2260,147.22043873729268,56.10619469026549,-0.12651593809818354,0.01178770261315399,0.655231413297167,-8.140733694646611,-285.9260201018948,288.151282936478,3.529646017699115,-0.1393821101903679,-0.11342001293292449
SPX500_USD,S5 RSI(2) extremo + EMA200,Largo,con semáforo 1h+1d,1382,90.02594970572498,56.150506512301014,-0.13263518544389244,0.022431280261258166,0.6395556381032097,-6.656958651647055,-183.30182628345935,187.69708599945082,3.5057887120115776,-0.16363401261232235,-0.11195683631947538
SPX500_USD,S5 RSI(2) extremo + EMA200,Corto,sin filtro,1541,100.38349384697699,56.26216742375081,-0.08422532277729608,0.01591234535335184,0.7328316430753619,-4.862257774837327,-129.79122239981325,142.86398018975262,4.029201817001947,-0.10034695083380103,-0.06495745106873817
SPX500_USD,S5 RSI(2) extremo + EMA200,Corto,con semáforo 1h+1d,208,13.549491706795077,60.09615384615385,-0.060313850506169046,0.004287743701026253,0.809532338314411,-1.2686600348109744,-12.545280905283162,13.320032517401948,3.75,-0.04881790896266065,-0.11523890454737581
SPX500_USD,S6 Retroceso a EMA21 en tendencia,Largo,sin filtro,2214,144.2239165329053,31.07497741644083,-0.059934694289749305,0.07623560101256346,0.8786992492188659,-2.2519556294490224,-132.69541315750496,149.44370891402872,8.713188798554652,-0.07837981217052672,-0.03911299391279477
SPX500_USD,S6 Retroceso a EMA21 en tendencia,Largo,con semáforo 1h+1d,1313,85.53116639914393,29.62680883472963,-0.09722931362130219,0.05559045612381329,0.806227167400594,-2.871016003356822,-127.66208878476978,131.883716611986,8.794364051789794,-0.14036992005619503,-0.06433822039308859
SPX500_USD,S6 Retroceso a EMA21 en tendencia,Corto,sin filtro,1656,107.87479935794542,24.396135265700483,-0.11603189272913032,-0.011374349513643602,0.7770405459699007,-3.599127638233634,-192.14881435943983,227.13632812976059,7.548309178743962,-0.15263336211266376,-0.06629143433612335
SPX500_USD,S6 Retroceso a EMA21 en tendencia,Corto,con semáforo 1h+1d,240,15.63402889245586,23.75,-0.13363158957481736,-0.06937853135185972,0.7079237160194533,-1.9614383692271564,-32.07158149795617,45.74160016566463,7.258333333333334,-0.182879177013367,0.1201828995315539
SPX500_USD,S7 Impulso RSI 70/30 en tendencia,Largo,sin filtro,947,61.68927233814874,38.54276663146779,-0.03535028037166886,0.10746283423313692,0.9382831517484798,-0.7731740666456507,-33.47671551197041,57.47255540574558,11.317845828933475,-0.059196612972155525,-0.012730610970795739
SPX500_USD,S7 Impulso RSI 70/30 en tendencia,Largo,con semáforo 1h+1d,537,34.981139646869984,38.17504655493482,-0.07504356946964046,0.08538236395787653,0.8686938587182377,-1.2789089294171196,-40.29839680519692,63.482268120273034,11.165735567970206,-0.12106720419597006,-0.047071120818607766
SPX500_USD,S7 Impulso RSI 70/30 en tendencia,Corto,sin filtro,766,49.89860888175495,33.02872062663185,-0.0810967837274894,0.022655800979121857,0.8688049135909273,-1.4768950691664209,-62.12013633525687,71.12988657203499,10.12532637075718,-0.09460547673246036,-0.063153626149458
SPX500_USD,S7 Impulso RSI 70/30 en tendencia,Corto,con semáforo 1h+1d,96,6.253611556982343,39.58333333333333,0.1218542574785673,0.18770065363568564,1.2132605339500329,0.7438030045653181,11.69800871794246,17.230137452430537,11.114583333333334,0.2509884073632464,-0.4014788762646063
US2000_USD,S1 Cruce EMA 9/21,Largo,sin filtro,2305,150.17860328219763,38.78524945770065,-0.023912151095161215,0.06219684422859606,0.9525066057734681,-0.9072273793021653,-55.117508274346605,87.30649707128444,9.936659436008677,-0.03231389015427643,-0.014315740961655122
US2000_USD,S1 Cruce EMA 9/21,Largo,con semáforo 1h+1d,824,53.68640742062076,37.5,-0.07944514003373969,0.025112913283019272,0.8463186757071601,-1.8623910467549722,-65.4627953878015,78.34262648521135,9.974514563106796,-0.0375491665119319,-0.12013835833482568
US2000_USD,S1 Cruce EMA 9/21,Corto,sin filtro,2318,151.0255975740278,32.312338222605696,-0.06775029329782857,0.021912165501913033,0.8838271665909616,-2.1618266561879147,-157.04517986436662,183.565436358526,9.371009490940466,-0.09589818169659368,-0.03514696632570214
US2000_USD,S1 Cruce EMA 9/21,Corto,con semáforo 1h+1d,247,16.092891544773455,34.0080971659919,-0.062083743548943006,-0.006895173551102333,0.8905408633354287,-0.6986422161440351,-15.334684656588923,24.670619224289894,9.595141700404858,-0.08676911938297704,-0.023910481949921323
US2000_USD,S2 Cruce 9/21 + RSI>50 + EMA200,Largo,sin filtro,1522,99.16348555119514,38.5676741130092,-0.027354627469905246,0.06627024624883517,0.9462940984855996,-0.8365019275789785,-41.63374300919578,66.4753911289634,10.209592641261498,-0.007994184618517938,-0.049438058064103695
US2000_USD,S2 Cruce 9/21 + RSI>50 + EMA200,Largo,con semáforo 1h+1d,738,48.083214413128786,38.07588075880759,-0.06337963730465757,0.042906839340304974,0.8771140519707594,-1.3840478936735507,-46.77417233083729,59.8446442458708,10.196476964769648,-0.011815614171585657,-0.1132936116974712
US2000_USD,S2 Cruce 9/21 + RSI>50 + EMA200,Corto,sin filtro,1352,88.08740635033892,35.50295857988166,0.016528131443001307,0.09840231681073039,1.0284008342332838,0.3724484807970985,22.346033710937768,47.11324804863633,9.826923076923077,-0.02022387698917223,0.055869102184332546
US2000_USD,S2 Cruce 9/21 + RSI>50 + EMA200,Corto,con semáforo 1h+1d,217,14.138289332857651,34.56221198156682,-0.03149687958980801,0.024283700827577415,0.9439252742367537,-0.322983546940312,-6.834822870988339,20.11374886416646,9.824884792626728,-0.08994110972082783,0.06285886544099509
US2000_USD,S3 RSI 30/70 contra-tendencia,Largo,sin filtro,2025,131.9356493043168,50.419753086419746,-0.048719137431151194,0.029699427134527143,0.8960667244958986,-2.2709146471457275,-98.65625329808117,106.2139015021937,6.4790123456790125,-0.038668089965367074,-0.060070162644875864
US2000_USD,S3 RSI 30/70 contra-tendencia,Largo,con semáforo 1h+1d,490,31.92516946129147,53.265306122448976,-0.059805197149529664,0.03573665919548966,0.8720625733668873,-1.3743280780349163,-29.304546603269536,40.21031952554698,6.328571428571428,0.032973930025201374,-0.14392012567759319
US2000_USD,S3 RSI 30/70 contra-tendencia,Corto,sin filtro,1802,117.40643952907598,47.55826859045505,-0.07372290869744601,0.01562605408853718,0.8467715321355608,-3.1932342168477845,-132.8486814727977,145.69370047125497,6.72253052164262,-0.07306706298037796,-0.07437295688331343
US2000_USD,S3 RSI 30/70 contra-tendencia,Corto,con semáforo 1h+1d,83,5.407732786300392,55.42168674698795,0.04138933129090248,0.09696856584376819,1.0947580091607458,0.38521263709469833,3.4353144971449057,11.213210762885296,6.373493975903615,-0.03088050800827412,0.1269720357241379
US2000_USD,S4 RSI 30/70 a favor de tendencia,Largo,sin filtro,303,19.741482340349624,51.81518151815182,-0.11091709566885011,-0.010712121143700468,0.776013781300352,-2.0511653285891907,-33.60787998766158,34.94848730993683,5.544554455445544,-0.03618421210773326,-0.20268468062992745
US2000_USD,S4 RSI 30/70 a favor de tendencia,Largo,con semáforo 1h+1d,179,11.662459864430966,51.39664804469274,-0.1301394593666997,-0.025881416101927353,0.7405160092034712,-1.8542557245123221,-23.294963226639247,24.847778537602267,5.5139664804469275,-0.04426542802618889,-0.20954985393964518
US2000_USD,S4 RSI 30/70 a favor de tendencia,Corto,sin filtro,176,11.466999643239387,48.86363636363637,-0.0804555359946993,-0.000494011636877123,0.8427443795957817,-1.0378229257383187,-14.160174335067078,25.36793789483343,4.829545454545454,0.014957853007526258,-0.17586892499692486
US2000_USD,S4 RSI 30/70 a favor de tendencia,Corto,con semáforo 1h+1d,33,2.1500624331073848,60.60606060606061,0.13687056064107136,0.19021740527197872,1.370017526936769,0.8447448732661851,4.516728501155355,4.381824098074647,5.121212121212121,0.1482828940168463,0.1168989772334652
US2000_USD,S5 RSI(2) extremo + EMA200,Largo,sin filtro,2175,141.70866036389583,57.793103448275865,-0.08883279465417952,0.009164686869523236,0.7617343392858692,-5.278600605283357,-193.21132837284046,197.36730919714367,3.444597701149425,-0.10244561096358905,-0.07304354991794287
US2000_USD,S5 RSI(2) extremo + EMA200,Largo,con semáforo 1h+1d,1101,71.73390117731002,57.402361489554956,-0.0989437989374236,0.010064393693360447,0.7345348640763607,-4.2310111279167835,-108.93712263010337,108.93712263010353,3.4277929155313354,-0.08998965556517147,-0.10722481614707637
US2000_USD,S5 RSI(2) extremo + EMA200,Corto,sin filtro,1618,105.41821262932572,58.03461063040791,-0.059196252738288956,0.013925531976114815,0.8198584734323461,-3.2496444333889656,-95.77953693055153,103.31460044502056,3.9295426452410385,-0.04662522229010145,-0.07349434681476114
US2000_USD,S5 RSI(2) extremo + EMA200,Corto,con semáforo 1h+1d,316,20.588476632179805,60.75949367088608,-0.017667169521827727,0.0367831014380525,0.9455935088739691,-0.42835087300909597,-5.582825568897562,18.836985303611403,3.550632911392405,-0.018767606060820185,-0.01584543844467214
US2000_USD,S6 Retroceso a EMA21 en tendencia,Largo,sin filtro,2079,135.45393328576523,31.457431457431458,-0.05756354829774154,0.03878942975281133,0.8805710827075246,-2.0930262064535143,-119.67461691100466,124.54382633115615,8.32130832130832,-0.07759598301045495,-0.034792867113506154
US2000_USD,S6 Retroceso a EMA21 en tendencia,Largo,con semáforo 1h+1d,1028,66.97770246164824,31.1284046692607,-0.08999435307657855,0.017369101516737664,0.8124840671818356,-2.4598858896433424,-92.51419496272274,96.19292931730196,8.302529182879377,-0.1299552964231188,-0.05345650729789838
US2000_USD,S6 Retroceso a EMA21 en tendencia,Corto,sin filtro,1612,105.02729218694256,28.66004962779156,-0.06769777079499036,0.006878826288079549,0.8615951609709502,-2.1297431310762227,-109.12880652152445,146.5195584022958,7.862282878411911,-0.12060362165078128,-0.005510191718885225
US2000_USD,S6 Retroceso a EMA21 en tendencia,Corto,con semáforo 1h+1d,308,20.067249375668926,30.1948051948052,0.033812911198096006,0.089293890603641,1.0744116215255441,0.44443767907632564,10.41437664901357,16.557433828551368,8.016233766233766,0.06931650921456425,-0.02414595393989911
US2000_USD,S7 Impulso RSI 70/30 en tendencia,Largo,sin filtro,991,64.5670264002854,40.766902119071645,0.04805785708800938,0.15041996656111098,1.087483274855504,1.0054683057326705,47.6253363742173,25.75582240166392,11.048435923309787,0.07628429861508199,0.02056237918613985
US2000_USD,S7 Impulso RSI 70/30 en tendencia,Largo,con semáforo 1h+1d,481,31.33878879771673,37.42203742203743,-0.03211131305971254,0.0807716025942,0.9444184240916768,-0.4892952406919531,-15.445541581721733,33.33417836560136,10.794178794178794,-0.04549704402948755,-0.022084183678717454
US2000_USD,S7 Impulso RSI 70/30 en tendencia,Corto,sin filtro,892,58.11683910096325,33.52017937219731,-0.10306457751013581,-0.022790954244585427,0.8369875496722664,-1.9708541472315548,-91.93360313904114,95.62726060396662,9.595291479820627,-0.024041195546332238,-0.19513065358447004
US2000_USD,S7 Impulso RSI 70/30 en tendencia,Corto,con semáforo 1h+1d,143,9.316937210132,32.86713286713287,-0.059482691144376224,-0.0031319499390636244,0.9014482003708331,-0.48075901487470846,-8.5060248336458,19.193682620273144,10.181818181818182,0.07077187813634808,-0.26184246841978737
XAU_USD,S1 Cruce EMA 9/21,Largo,sin filtro,1780,125.8507549361208,36.29213483146068,-0.05798421712806746,0.022107062924205303,0.8538744891749132,-2.307828421977681,-103.21190648796008,119.90524537052853,10.382584269662921,-0.0413230388985968,-0.07483365725843609
XAU_USD,S1 Cruce EMA 9/21,Largo,con semáforo 1h+1d,536,37.89663182346109,37.3134328358209,-0.013598471233398727,0.06614268166592872,0.966422030723897,-0.27746983618658827,-7.288780581101717,20.625922023853693,10.457089552238806,0.010058643465892959,-0.05302699573221817
XAU_USD,S1 Cruce EMA 9/21,Corto,sin filtro,1728,122.17421602787456,33.969907407407405,-0.11139041540877022,-0.0292499283278736,0.7235506871735087,-4.964637344041653,-192.48263782635493,202.44945615378768,10.40798611111111,-0.1313132143093698,-0.09276159448827678
XAU_USD,S1 Cruce EMA 9/21,Corto,con semáforo 1h+1d,240,16.968641114982578,38.75,-0.06852686373436348,0.010191888596942826,0.8082295981806856,-1.1755472537273879,-16.446447296247236,21.850233665910416,11.116666666666667,-0.09234220876307836,-0.06473021452688721
XAU_USD,S2 Cruce 9/21 + RSI>50 + EMA200,Largo,sin filtro,1094,77.34872241579559,36.471663619744064,-0.06127141039162778,0.020460150422549717,0.852814174484273,-1.9294529776405929,-67.03092296844079,80.72023597553431,10.438756855575868,-0.04732303259726547,-0.07689575606050648
XAU_USD,S2 Cruce 9/21 + RSI>50 + EMA200,Largo,con semáforo 1h+1d,454,32.09901277584205,36.56387665198238,-0.033630752655824755,0.046966370650275334,0.919333375998033,-0.6495223650765649,-15.26836170574444,25.0591321817478,10.433920704845814,-0.03451916176348734,-0.031982446449784055
XAU_USD,S2 Cruce 9/21 + RSI>50 + EMA200,Corto,sin filtro,922,65.18786295005808,35.35791757049891,-0.08624542487802758,-0.006854694857491713,0.7906821690488558,-2.6602973556154677,-79.51828173754143,100.33605101916855,10.685466377440347,-0.09677424326883628,-0.07743645331599638
XAU_USD,S2 Cruce 9/21 + RSI>50 + EMA200,Corto,con semáforo 1h+1d,198,13.999128919860627,38.88888888888889,-0.047939592002977684,0.031196300558874037,0.8672237301634771,-0.7047375308010185,-9.492039216589582,17.632103993569814,11.126262626262626,-0.13897906052121345,-0.03231743468328041
XAU_USD,S3 RSI 30/70 contra-tendencia,Largo,sin filtro,1141,80.67174796747967,51.79666958808063,-0.0193172757561804,0.050200708282242434,0.9473691587907662,-0.7684171396923797,-22.041011637801837,45.55951562726637,9.294478527607362,-0.05565121639151282,0.014614929820206308
XAU_USD,S3 RSI 30/70 contra-tendencia,Largo,con semáforo 1h+1d,160,11.312427409988386,55.00000000000001,0.03144800341931212,0.10038318296006146,1.092375598463336,0.45911726369822664,5.031680547089939,13.021984140615057,8.725,0.06054875939411635,-0.009998527817530299
XAU_USD,S3 RSI 30/70 contra-tendencia,Corto,sin filtro,1127,79.6819105691057,46.495119787045255,-0.10335907668096335,-0.026408415452638275,0.7423695019549686,-4.2811758881971675,-116.48567941944569,116.7376405769911,9.354037267080745,-0.1359411611029071,-0.0684411442949464
XAU_USD,S3 RSI 30/70 contra-tendencia,Corto,con semáforo 1h+1d,76,5.373403019744483,61.8421052631579,0.06294795055870778,0.1313105746353379,1.2283676811155955,0.739838723713273,4.784044242461791,5.706885169799549,9.960526315789474,0.21814130396318282,0.030923925253022438
XAU_USD,S4 RSI 30/70 a favor de tendencia,Largo,sin filtro,76,5.373403019744483,56.57894736842105,-0.0034694138646197896,0.07609324689946373,0.989927010024042,-0.03844552444452671,-0.263675453711104,9.329915712074126,8.18421052631579,0.20082833913096004,-0.12952547422359464
XAU_USD,S4 RSI 30/70 a favor de tendencia,Largo,con semáforo 1h+1d,41,2.8988095238095237,58.536585365853654,0.010544706951452853,0.08563060206075367,1.0323977634807588,0.0871851496227871,0.43233298500956696,6.100213305604388,7.804878048780488,0.1641122363322646,-0.12208179569561181
XAU_USD,S4 RSI 30/70 a favor de tendencia,Corto,sin filtro,64,4.524970963995354,59.375,0.04828350573741465,0.12755271790284914,1.1373324806830865,0.4359752556917494,3.0901443671945374,4.725799169226079,7.15625,0.12742056286198547,0.006830761529306112
XAU_USD,S4 RSI 30/70 a favor de tendencia,Corto,con semáforo 1h+1d,15,1.0605400696864111,73.33333333333333,0.1745205477406234,0.24673887541760123,1.7141618479794567,0.9022625627764225,2.617808216109351,1.880700256259936,9.666666666666666,0.6196391561066479,0.06324089564911724
XAU_USD,S5 RSI(2) extremo + EMA200,Largo,sin filtro,1764,124.71951219512195,61.84807256235828,-0.033933722276583596,0.05120292889582199,0.8532532218584475,-2.5059925531405356,-59.85908609589346,81.1625807271139,4.099206349206349,-0.011414609984209246,-0.056555194170286906
XAU_USD,S5 RSI(2) extremo + EMA200,Largo,con semáforo 1h+1d,812,57.41056910569106,62.315270935960584,-0.046919533600805745,0.03727247516662469,0.8103213806230012,-2.2624505942827087,-38.09866128385426,53.98548200105925,3.9876847290640396,-0.02157905164547369,-0.08882242206289076
XAU_USD,S5 RSI(2) extremo + EMA200,Corto,sin filtro,1560,110.29616724738676,57.56410256410256,-0.07577776711448836,0.0017717182538369673,0.6939965372094101,-5.420835778715381,-118.21331669860184,120.93677298239537,4.344230769230769,-0.05436853269369201,-0.09306888691900174
XAU_USD,S5 RSI(2) extremo + EMA200,Corto,con semáforo 1h+1d,376,26.58420441347271,57.446808510638306,-0.08004438926016903,-0.005125616248321673,0.6831538952389661,-2.78342863609644,-30.096690361823555,33.20007455750018,4.279255319148936,-0.06076148632045259,-0.0834188972746194
XAU_USD,S6 Retroceso a EMA21 en tendencia,Largo,sin filtro,1642,116.09378629500581,31.851400730816078,-0.10741220733174911,-0.022701165919776348,0.7253782367770842,-4.639166169214079,-176.37084443873204,193.37091532020148,9.323995127892813,-0.0779566491019538,-0.13933485546403995
XAU_USD,S6 Retroceso a EMA21 en tendencia,Largo,con semáforo 1h+1d,753,53.23911149825784,33.59893758300132,-0.07285888604536825,0.011048561002386556,0.8107668530700343,-2.0621113488756384,-54.86274119216229,62.15985760247387,9.52058432934927,-0.08488873420798612,-0.05206817019910472
XAU_USD,S6 Retroceso a EMA21 en tendencia,Corto,sin filtro,1423,100.60990127758421,30.3583977512298,-0.08759863460306684,-0.008942921455081803,0.7727706233308672,-3.4964514210888806,-124.65285704016411,134.64250738604295,9.434996486296557,-0.09881628886500977,-0.07876261799221482
XAU_USD,S6 Retroceso a EMA21 en tendencia,Corto,con semáforo 1h+1d,327,23.119773519163765,37.00305810397553,0.03519324971042424,0.11401082187971649,1.1073500068683457,0.6285467406417925,11.508192655308727,13.631903213724762,10.954128440366972,0.06066281622013033,0.03154201814784399
XAU_USD,S7 Impulso RSI 70/30 en tendencia,Largo,sin filtro,590,41.71457607433217,41.69491525423729,-0.014537438387345706,0.06654361894953353,0.9667355924039779,-0.3102448080420747,-8.577088648533966,48.95772177117177,12.63050847457627,0.11929674240170113,-0.16372177611277064
XAU_USD,S7 Impulso RSI 70/30 en tendencia,Largo,con semáforo 1h+1d,262,18.524099883855982,44.656488549618324,0.06661906206061786,0.1475570297813078,1.1680604751715093,0.97045629585292,17.45419425988188,9.884880537403731,12.954198473282442,0.11582615742025186,-0.013096432421989199
XAU_USD,S7 Impulso RSI 70/30 en tendencia,Corto,sin filtro,521,36.83609175377468,42.226487523992326,-0.042518053442526405,0.027795812121343896,0.9071588666810333,-0.877464214512671,-22.151905843556257,43.330378846320535,12.566218809980807,-0.03762095363126332,-0.04710567110958326
XAU_USD,S7 Impulso RSI 70/30 en tendencia,Corto,con semáforo 1h+1d,126,8.908536585365853,38.88888888888889,-0.0596152472692317,0.01363273001803202,0.861866609816319,-0.6775516232708138,-7.5115211559231945,16.425453634871356,12.261904761904763,-0.047241328424723256,-0.061287398464435545
EUR_USD,S1 Cruce EMA 9/21,Largo,sin filtro,1911,124.48595505617978,39.03715332286761,-0.04801364174370523,0.024779340181575883,0.8670318499439549,-2.1993972380391855,-91.7540693722207,98.85351010273075,10.733647305075877,-0.02573313751829928,-0.07373544143571842
EUR_USD,S1 Cruce EMA 9/21,Largo,con semáforo 1h+1d,391,25.47043873729267,34.78260869565217,-0.10363800968571761,-0.0291640635127466,0.7183908030578969,-2.1305223584039084,-40.52246178711559,41.40715277973778,10.281329923273658,-0.07467797827275682,-0.14013099724655834
EUR_USD,S1 Cruce EMA 9/21,Corto,sin filtro,1735,113.02100053504547,37.98270893371758,-0.09550298419643956,-0.020383892472781762,0.7485283448198332,-4.506909865293148,-165.69767758082264,173.33286891333387,10.507204610951009,-0.0850359600491526,-0.10737333630443292
EUR_USD,S1 Cruce EMA 9/21,Corto,con semáforo 1h+1d,383,24.949304440877476,36.29242819843342,-0.143218864924988,-0.06811491593945014,0.6301412396712615,-3.4738253283666607,-54.8528252662704,59.08421851741202,10.574412532637076,-0.14152087423935897,-0.14443715420615677
EUR_USD,S2 Cruce 9/21 + RSI>50 + EMA200,Largo,sin filtro,1016,66.1840556447298,40.6496062992126,-0.03254788296240559,0.038921690942596496,0.912385420574292,-1.0117591092113964,-33.06864908980408,46.26802776063639,11.095472440944881,-0.016470458723294664,-0.05190356724159554
EUR_USD,S2 Cruce 9/21 + RSI>50 + EMA200,Largo,con semáforo 1h+1d,313,20.389379347244518,34.185303514377,-0.10448875280959996,-0.0315263603342692,0.7310038362325181,-1.788107947081588,-32.70497962940479,33.81646757772044,10.476038338658148,-0.07234453567622842,-0.15283365537819069
EUR_USD,S2 Cruce 9/21 + RSI>50 + EMA200,Corto,sin filtro,961,62.60125735687534,36.21227887617066,-0.11551045392673566,-0.04175815774980385,0.7104769385329506,-4.0057029593579445,-111.00554622359297,117.69518716264778,10.637877211238294,-0.09740058502206946,-0.1342725850589004
EUR_USD,S2 Cruce 9/21 + RSI>50 + EMA200,Corto,con semáforo 1h+1d,325,21.171080791867308,35.07692307692308,-0.14394062183502845,-0.0682407157053279,0.636330247894585,-3.117779871752879,-46.780702096384246,49.578062451115464,10.403076923076924,-0.12380359068247328,-0.15753830781948583
EUR_USD,S3 RSI 30/70 contra-tendencia,Largo,sin filtro,1176,76.6067415730337,47.44897959183674,-0.06094998895414251,0.004592694378375206,0.825664468124393,-2.7528793107707896,-71.67718701007159,87.03323026006107,10.470238095238095,-0.04314678145204111,-0.08093842770198921
EUR_USD,S3 RSI 30/70 contra-tendencia,Largo,con semáforo 1h+1d,115,7.491305510968433,48.69565217391305,-0.0322146514971105,0.03472111739943244,0.891270650742659,-0.5089682879070186,-3.7046849221677074,12.828200338687305,10.339130434782609,-0.10243651684291938,0.06580336888141441
EUR_USD,S3 RSI 30/70 contra-tendencia,Corto,sin filtro,1162,75.69475655430712,46.64371772805508,-0.09666224739914094,-0.03228536617091187,0.737845906343037,-4.353342973559037,-112.32153147780177,116.5620093226987,9.90275387263339,-0.11230009679721746,-0.07877393258953314
EUR_USD,S3 RSI 30/70 contra-tendencia,Corto,con semáforo 1h+1d,144,9.380417335473515,47.91666666666667,-0.10335267448686954,-0.03926134549268466,0.7389753624494488,-1.5718792945309956,-14.882785126109214,19.309421081053305,9.506944444444445,-0.04869982803499011,-0.12983395060272868
EUR_USD,S4 RSI 30/70 a favor de tendencia,Largo,sin filtro,48,3.1268057784911716,54.166666666666664,0.0030167889108937787,0.07038051065190655,1.0086853891498544,0.02578421527137069,0.14480586772290138,5.686517042900981,7.291666666666667,-0.07288193882830328,0.07284361843095506
EUR_USD,S4 RSI 30/70 a favor de tendencia,Largo,con semáforo 1h+1d,19,1.2376939539860887,63.1578947368421,0.08702646529649433,0.15605353404847713,1.3586656179830194,0.5680539845994451,1.6535028406333923,2.166548255100106,8.578947368421053,0.1670466051330587,0.015008339443586404
EUR_USD,S4 RSI 30/70 a favor de tendencia,Corto,sin filtro,73,4.755350454788657,45.20547945205479,-0.22828007302234954,-0.16200875357329286,0.5174739674722205,-2.414840264018672,-16.664445330631516,18.20564882546332,9.04109589041096,-0.3163991357031431,-0.10889295584191949
EUR_USD,S4 RSI 30/70 a favor de tendencia,Corto,con semáforo 1h+1d,32,2.084537185660781,43.75,-0.2607666583227955,-0.19504407932848525,0.47462818177880123,-1.8016308990650067,-8.344533066329456,8.94741531201513,8.59375,-0.18496812968764956,-0.3126288094942112
EUR_USD,S5 RSI(2) extremo + EMA200,Largo,sin filtro,1853,120.7077314071696,58.33783054506206,-0.056881497558816364,0.02087077830046174,0.7554748855488637,-4.4247778457267515,-105.40141497648672,113.48445348249535,4.376686454398273,-0.04923103038938669,-0.06688522175296475
EUR_USD,S5 RSI(2) extremo + EMA200,Largo,con semáforo 1h+1d,608,39.60620652755484,59.375,-0.06219902942038108,0.013235693557757514,0.7218226709460577,-2.976120766610799,-37.817009887591695,39.69818057902016,4.536184210526316,-0.036120552634789097,-0.10596951248342315
EUR_USD,S5 RSI(2) extremo + EMA200,Corto,sin filtro,2053,133.7360888175495,56.600097418412076,-0.05266778487017046,0.023303231352216396,0.7754646837179147,-4.16033377797453,-108.12696233845995,109.21883584419481,4.412079883097905,-0.03785643332008807,-0.06901186849664455
EUR_USD,S5 RSI(2) extremo + EMA200,Corto,con semáforo 1h+1d,692,45.07811663991439,55.92485549132948,-0.05475316089983816,0.023658262453290762,0.7590433479883785,-2.657152469480132,-37.889187342688004,37.92349677175446,4.46242774566474,-0.02786349993793243,-0.07174945603613707
EUR_USD,S6 Retroceso a EMA21 en tendencia,Largo,sin filtro,1585,103.24973247726057,36.27760252365931,-0.05087001136513375,0.02245428212938639,0.8593512425837152,-2.1065274862649033,-80.628968013737,87.48230253210507,9.950788643533123,-0.05153885734660158,-0.05002223233855222
EUR_USD,S6 Retroceso a EMA21 en tendencia,Largo,con semáforo 1h+1d,531,34.590288924558585,35.59322033898305,-0.07808346672729688,-0.005248947572814194,0.7849493592431519,-2.0906821878419075,-41.46232083219464,53.0835867866803,10.350282485875706,-0.08847743942681252,-0.05958110694805436
EUR_USD,S6 Retroceso a EMA21 en tendencia,Corto,sin filtro,1708,111.2621722846442,31.90866510538642,-0.10254755784221938,-0.02899362910974485,0.7233862428039748,-4.924726314565939,-175.1512287945107,183.07064904077777,9.620023419203747,-0.05796278608849498,-0.14949017810215043
EUR_USD,S6 Retroceso a EMA21 en tendencia,Corto,con semáforo 1h+1d,600,39.08507223113965,30.666666666666664,-0.09104085784545704,-0.015215973336925972,0.7637400846060036,-2.4122071884467493,-54.62451470727422,56.70473300785959,9.441666666666666,-0.037694344963083354,-0.1296710913120035
EUR_USD,S7 Impulso RSI 70/30 en tendencia,Largo,sin filtro,620,40.387907972177636,42.90322580645161,0.003142405935020363,0.0702258417209971,1.0076532402829559,0.06821422622022111,1.948291679712625,33.415768220360036,12.943548387096774,0.051719055857502826,-0.0547032867288545
EUR_USD,S7 Impulso RSI 70/30 en tendencia,Largo,con semáforo 1h+1d,176,11.464954521134297,43.75,0.043056395276086935,0.11037812856955975,1.106823711771519,0.42754103957220574,7.577925568591301,18.900782080519676,13.767045454545455,-0.11188643814920991,0.30765108004851693
EUR_USD,S7 Impulso RSI 70/30 en tendencia,Corto,sin filtro,627,40.84390048154093,42.10526315789473,-0.05716585118043788,0.012804944224480948,0.8561516804263906,-1.5281292854315285,-35.84298869013455,42.94745787676946,13.712918660287082,-0.038240916824441536,-0.07860123601222964
EUR_USD,S7 Impulso RSI 70/30 en tendencia,Corto,con semáforo 1h+1d,183,11.920947030497592,42.07650273224044,-0.0738851022731813,-0.0017288827154928416,0.8090413806025425,-1.154025030061467,-13.520973715992179,19.680953384002127,14.28415300546448,-0.14409621132384165,-0.025127387654667203
WTICO_USD,S1 Cruce EMA 9/21,Largo,sin filtro,2088,136.01605136436598,39.84674329501915,-0.014585945710203706,0.05184306690202565,0.9643246125533088,-0.6116586051114145,-30.455454642905337,50.36984989435654,9.37691570881226,-0.03816064873416284,0.01300772955484617
WTICO_USD,S1 Cruce EMA 9/21,Largo,con semáforo 1h+1d,627,40.84390048154093,35.24720893141946,-0.10428717408088656,-0.032714119674581495,0.772003084790405,-2.4189788061519453,-65.38805814871587,77.67439283923521,9.084529505582138,-0.10135038003240951,-0.1082989455735231
WTICO_USD,S1 Cruce EMA 9/21,Corto,sin filtro,1974,128.58988764044943,35.05572441742654,-0.08391175778442153,-0.016446842964900336,0.8212616453011415,-3.251559124587743,-165.6418098664481,166.95174336893422,9.591691995947315,-0.09860581368937764,-0.06693980238328229
WTICO_USD,S1 Cruce EMA 9/21,Corto,con semáforo 1h+1d,322,20.975655430711612,39.130434782608695,0.014472128902034033,0.07445025939656152,1.0353006863630303,0.22675330005390593,4.660025506454959,20.871575989471367,10.521739130434783,-0.053444953523241044,0.05590154918145185
WTICO_USD,S2 Cruce 9/21 + RSI>50 + EMA200,Largo,sin filtro,1318,85.85687533440343,38.770864946889226,-0.026861970571419,0.041458423767445234,0.9379563400776092,-0.869015740182646,-35.40407721313024,49.2905331918591,9.545523520485585,-0.058879009798175994,0.015414049534334073
WTICO_USD,S2 Cruce 9/21 + RSI>50 + EMA200,Largo,con semáforo 1h+1d,551,35.893124665596574,35.39019963702359,-0.0972065064341786,-0.026335946211909638,0.7895928036693572,-2.0595844613186056,-53.56078504523241,68.78104875249932,9.197822141560799,-0.08459652802203539,-0.11691326339455124
WTICO_USD,S2 Cruce 9/21 + RSI>50 + EMA200,Corto,sin filtro,1133,73.80564472980204,37.06972639011474,-0.04591949015996496,0.017644799820460244,0.9010579337974637,-1.3168531444308893,-52.0267823512403,57.74032407816443,10.203000882612534,-0.0672889906617269,-0.022033581187902076
WTICO_USD,S2 Cruce 9/21 + RSI>50 + EMA200,Corto,con semáforo 1h+1d,284,18.50026752273943,39.08450704225352,0.006099730732635045,0.06585499118259341,1.014721811700505,0.09154585020231944,1.7323235280683527,26.531432882367696,10.626760563380282,-0.060891710551323246,0.04845064188916037
WTICO_USD,S3 RSI 30/70 contra-tendencia,Largo,sin filtro,1726,112.43472445157839,49.47856315179606,-0.05648652705528952,0.005434828786632655,0.8630577958286477,-2.6850871959975207,-97.49574569742971,109.1236509829992,7.259559675550405,-0.049906753183522376,-0.0639794789613044
WTICO_USD,S3 RSI 30/70 contra-tendencia,Largo,con semáforo 1h+1d,244,15.894596040663457,54.09836065573771,0.028933089672067862,0.09751888135843531,1.076337144939592,0.5127174509267114,7.059673879984558,13.90219082872059,7.180327868852459,-0.004954837216560936,0.0761103996542766
WTICO_USD,S3 RSI 30/70 contra-tendencia,Corto,sin filtro,1518,98.88523274478331,44.26877470355731,-0.09415476724640534,-0.02710876126004922,0.7782488279369336,-4.1678582680924885,-142.9269366800433,144.89566284092206,7.6396574440052705,-0.09812772468400079,-0.08977460918501201
WTICO_USD,S3 RSI 30/70 contra-tendencia,Corto,con semáforo 1h+1d,130,8.468432316746924,50.0,-0.0009371088128773955,0.058059039041489416,0.9976117536287692,-0.011907255496065191,-0.12182414567406141,10.315317924448284,7.707692307692308,-0.14920381528169874,0.08302114665741904
WTICO_USD,S4 RSI 30/70 a favor de tendencia,Largo,sin filtro,152,9.90155163188871,51.973684210526315,-0.02509568054398158,0.04564252228114868,0.9462952430808144,-0.31503311270049245,-3.8145434426852,12.88256797640586,6.072368421052632,0.04176919724720005,-0.11955558726485721
WTICO_USD,S4 RSI 30/70 a favor de tendencia,Largo,con semáforo 1h+1d,77,5.015917602996255,53.246753246753244,-0.029833090786789015,0.040653515283991526,0.9337733110358614,-0.2799704520839069,-2.2971479905827543,8.640143006313279,6.1558441558441555,-0.05815079307277298,0.014531309461252539
WTICO_USD,S4 RSI 30/70 a favor de tendencia,Corto,sin filtro,105,6.839887640449438,47.61904761904761,-0.0944289471193816,-0.027310007263837612,0.7948565935915065,-1.0228505173263998,-9.915039447535069,16.86925256526669,6.761904761904762,-0.15610036606709055,-0.05492069435600557
WTICO_USD,S4 RSI 30/70 a favor de tendencia,Corto,con semáforo 1h+1d,38,2.4753879079721774,52.63157894736842,-0.07633857231124447,-0.016060187390215707,0.809898780614503,-0.575084308985652,-2.90086574782729,5.859601623544222,7.973684210526316,-0.33705915722659174,0.04399400534199275
WTICO_USD,S5 RSI(2) extremo + EMA200,Largo,sin filtro,1715,111.71816479400749,60.87463556851313,-0.03943634995895018,0.03289141548912576,0.8711439072975676,-2.281592260835143,-67.63334017959956,73.25966765596787,3.7142857142857144,-0.025443044573278947,-0.055034313052226135
WTICO_USD,S5 RSI(2) extremo + EMA200,Largo,con semáforo 1h+1d,702,45.72953451043339,61.68091168091168,-0.034710253719269085,0.039091221399931694,0.8885031117269033,-1.2530534095869428,-24.366598110926898,36.52974000020554,3.6994301994301995,0.01202804722262295,-0.10150235852550232
WTICO_USD,S5 RSI(2) extremo + EMA200,Corto,sin filtro,1730,112.69529159978599,55.664739884393065,-0.08097882090697554,-0.0167569688513888,0.7384986165680286,-5.005098235506512,-140.0933601690677,145.6968797205108,4.078612716763006,-0.07062216936616404,-0.09041996733920703
WTICO_USD,S5 RSI(2) extremo + EMA200,Corto,con semáforo 1h+1d,484,31.528624933119314,59.71074380165289,-0.0425874634890406,0.01842183712321437,0.8502303251871495,-1.4315923306341656,-20.61233232869565,31.36007299846303,3.915289256198347,-0.032087975669584934,-0.048169469671536014
WTICO_USD,S6 Retroceso a EMA21 en tendencia,Largo,sin filtro,1828,119.07918673087212,31.838074398249454,-0.04980254825046845,0.022812473184303992,0.8848337979907331,-1.8628612454935378,-91.03905820185632,96.75529089642673,8.400984682713348,-0.04158256530338377,-0.0608221668747932
WTICO_USD,S6 Retroceso a EMA21 en tendencia,Largo,con semáforo 1h+1d,755,49.182049224184055,30.596026490066226,-0.05689899635602153,0.01641630582284011,0.8657720813049635,-1.4343993076946475,-42.958742248796256,70.85768871454849,8.275496688741722,-0.024968885828618344,-0.11263155291294344
WTICO_USD,S6 Retroceso a EMA21 en tendencia,Corto,sin filtro,1699,110.6758962011771,29.958799293702178,-0.07715812613053462,-0.013189574049945751,0.821455910507536,-2.9420242541096626,-131.0916562957783,145.1625919819457,8.428487345497352,-0.07383361159022196,-0.08086767162009889
WTICO_USD,S6 Retroceso a EMA21 en tendencia,Corto,con semáforo 1h+1d,479,31.20291599785982,30.48016701461378,-0.03099918096994102,0.028721474882060134,0.9257658283039076,-0.6083047587793954,-14.848607684601749,23.891131602267475,8.958246346555324,-0.13294967466400645,0.023070409934898794
WTICO_USD,S7 Impulso RSI 70/30 en tendencia,Largo,sin filtro,795,51.78772070626003,43.89937106918239,0.02469655500726137,0.09503635835556856,1.0557713125974852,0.5864988547806068,19.63376123077279,17.653417887922977,11.09182389937107,0.03910362921222956,0.0062852223556401415
WTICO_USD,S7 Impulso RSI 70/30 en tendencia,Largo,con semáforo 1h+1d,315,20.519662921348313,43.492063492063494,0.003910432037644737,0.07788506088820601,1.0091589793825957,0.06306186381854459,1.2317860918580923,28.12859980231589,10.907936507936508,-0.02188759629820151,0.04312343510813104
WTICO_USD,S7 Impulso RSI 70/30 en tendencia,Corto,sin filtro,833,54.26310861423221,40.45618247298919,-0.02113840407964259,0.042929581606187615,0.9573604363462517,-0.4856299746493095,-17.60829059834228,50.261708106791026,11.232893157262906,-0.08923638754983124,0.057341442503572246
WTICO_USD,S7 Impulso RSI 70/30 en tendencia,Corto,con semáforo 1h+1d,221,14.39633493846977,40.723981900452486,0.02953628719288762,0.09152848483298545,1.0673033126560247,0.35602698105163844,6.527519469628164,15.210123271923921,11.447963800904978,-0.051316848510368836,0.07023786571017317
