inst,side,system_avgR,system_n,random_avgR,random_p95,pct_random_better
NAS100_USD,Largo,-0.07711981273428067,524,-0.10613692889983367,-0.08440193050303663,2.0
NAS100_USD,Corto,-0.08028678558220564,40,-0.09792320364432613,-0.022761654972650463,34.0
SPX500_USD,Largo,-0.12657503496910893,457,-0.12886903867241306,-0.10394038499693775,46.0
SPX500_USD,Corto,0.0712842605044999,52,-0.06799321437712944,0.007704337685154347,0.0
US2000_USD,Largo,-0.059805197149529664,490,-0.09693359143424654,-0.07858056945966814,2.0
US2000_USD,Corto,0.04138933129090248,83,-0.06824197277975415,-0.0018224012808493583,2.0
XAU_USD,Largo,0.03144800341931212,160,-0.07895177584989475,-0.038849773638046856,0.0
XAU_USD,Corto,0.06294795055870778,76,-0.07078829160977947,-0.02266476052192493,0.0
EUR_USD,Largo,-0.0322146514971105,115,-0.0709595786815848,-0.02573176900480269,8.0
EUR_USD,Corto,-0.10335267448686954,144,-0.07194066468840483,-0.027900289946708037,94.0
WTICO_USD,Largo,0.028933089672067862,244,-0.05969703763956138,-0.02938976746821918,0.0
WTICO_USD,Corto,-0.0009371088128773955,130,-0.0638804605494375,-0.025002602980703368,0.0
