regime,rsi_bin,mean,up,n,edge,t,inst,tf,h,drift
Alcista,"(-0.001, 20.0]",-4.140019345088584,0.0,2,-4.1483639676804955,-5.452428941205218,NAS100_USD,5m,6,0.008344622591911889
Alcista,"(20.0, 30.0]",-0.21420243252517862,51.36186770428015,257,-0.2225470551170905,-1.270963483268572,NAS100_USD,5m,6,0.008344622591911889
Alcista,"(30.0, 40.0]",-0.11913248151551428,50.917899031106586,3922,-0.12747710410742616,-3.3324297306435344,NAS100_USD,5m,6,0.008344622591911889
Alcista,"(40.0, 50.0]",-0.015957423418394085,52.50626034548619,23561,-0.024302046010305972,-1.9193203783165849,NAS100_USD,5m,6,0.008344622591911889
Alcista,"(50.0, 60.0]",0.015614954799291503,51.29362845982611,47618,0.007270332207379614,0.9105145906305605,NAS100_USD,5m,6,0.008344622591911889
Alcista,"(60.0, 70.0]",0.032140751820074046,49.096329993237845,32534,0.023796129228162155,2.4894515855195376,NAS100_USD,5m,6,0.008344622591911889
Alcista,"(70.0, 80.0]",0.14555904251754012,51.73324248360446,11741,0.13721441992562824,8.412012109912649,NAS100_USD,5m,6,0.008344622591911889
Alcista,"(80.0, 100.0]",0.3171310272688858,54.53083109919571,1865,0.30878640467697394,6.872712406346917,NAS100_USD,5m,6,0.008344622591911889
Bajista,"(-0.001, 20.0]",-0.1354313159752557,50.708024275118,1483,-0.14377593856716758,-2.3301719033170807,NAS100_USD,5m,6,0.008344622591911889
Bajista,"(20.0, 30.0]",-0.03197579984646125,52.48700816629547,8082,-0.04032042243837314,-1.821223075282717,NAS100_USD,5m,6,0.008344622591911889
Bajista,"(30.0, 40.0]",-0.02566017579468257,51.89254661071938,23117,-0.03400479838659446,-2.780861496152295,NAS100_USD,5m,6,0.008344622591911889
Bajista,"(40.0, 50.0]",-0.0008695007026046435,49.85761287290221,36169,-0.009214123294516532,-1.0040723510904146,NAS100_USD,5m,6,0.008344622591911889
Bajista,"(50.0, 60.0]",0.0361806645601582,49.311440677966104,20768,0.02783604196824631,2.30653525624769,NAS100_USD,5m,6,0.008344622591911889
Bajista,"(60.0, 70.0]",0.07964473697314446,48.06440561836246,2919,0.07130011438123257,2.0715350450327534,NAS100_USD,5m,6,0.008344622591911889
Bajista,"(70.0, 80.0]",0.6721294325357705,55.45454545454545,110,0.6637848099438586,2.8000756595386953,NAS100_USD,5m,6,0.008344622591911889
Bajista,"(80.0, 100.0]",-1.5743492127692797,0.0,1,-1.5826938353611917,,NAS100_USD,5m,6,0.008344622591911889
Neutral,"(-0.001, 20.0]",-0.4456661634969118,46.88057040998218,561,-0.45401078608882367,-3.8546212667172335,NAS100_USD,5m,6,0.008344622591911889
Neutral,"(20.0, 30.0]",-0.15582966486112537,52.60620668876167,3319,-0.16417428745303725,-3.7578175728368106,NAS100_USD,5m,6,0.008344622591911889
Neutral,"(30.0, 40.0]",-0.08391927463578792,52.406417112299465,9350,-0.09226389722769981,-4.241552111471181,NAS100_USD,5m,6,0.008344622591911889
Neutral,"(40.0, 50.0]",0.022634355157192743,53.45003978629078,8797,0.014289732565280855,0.7426371589032125,NAS100_USD,5m,6,0.008344622591911889
Neutral,"(50.0, 60.0]",0.04030074843562424,49.49046876873277,8341,0.03195612584371235,1.6976356441948,NAS100_USD,5m,6,0.008344622591911889
Neutral,"(60.0, 70.0]",-0.03490139142546714,46.05000586923348,8519,-0.04324601401737903,-2.175811044396348,NAS100_USD,5m,6,0.008344622591911889
Neutral,"(70.0, 80.0]",0.10352145067810459,48.22790489008524,2229,0.0951768280861927,2.083346728613712,NAS100_USD,5m,6,0.008344622591911889
Neutral,"(80.0, 100.0]",0.23587625952854838,48.818897637795274,254,0.2275316369366365,1.7151537340619232,NAS100_USD,5m,6,0.008344622591911889
Alcista,"(-0.001, 20.0]",0.4721095748610583,54.54545454545454,11,0.45842043049234793,0.6840267451292472,NAS100_USD,15m,4,0.013689144368710398
Alcista,"(20.0, 30.0]",-0.04138660853217978,54.601226993865026,326,-0.055075752900890174,-0.4453310700681988,NAS100_USD,15m,4,0.013689144368710398
Alcista,"(30.0, 40.0]",0.08379270679520097,55.57129367327668,2118,0.07010356242649057,1.6400409379867473,NAS100_USD,15m,4,0.013689144368710398
Alcista,"(40.0, 50.0]",0.05842415748813065,54.70974808324206,7304,0.044735013119420255,2.155975866937821,NAS100_USD,15m,4,0.013689144368710398
Alcista,"(50.0, 60.0]",0.014748578582622213,52.51260975154119,10706,0.001059434213911815,0.06465875476363456,NAS100_USD,15m,4,0.013689144368710398
Alcista,"(60.0, 70.0]",-0.008099399132337056,50.595238095238095,8400,-0.021788543501047454,-1.1902567750418627,NAS100_USD,15m,4,0.013689144368710398
Alcista,"(70.0, 80.0]",0.13898907628613924,54.09872190392243,4538,0.12529993191742883,4.988997332651623,NAS100_USD,15m,4,0.013689144368710398
Alcista,"(80.0, 100.0]",0.25781722348301905,56.95312500000001,1280,0.24412807911430864,6.163759153208406,NAS100_USD,15m,4,0.013689144368710398
Bajista,"(-0.001, 20.0]",-0.055295398291922516,55.51020408163265,735,-0.06898454266063292,-0.9635993852844191,NAS100_USD,15m,4,0.013689144368710398
Bajista,"(20.0, 30.0]",-0.06745274197753194,49.446749654218536,2892,-0.08114188634624234,-2.4089973003176097,NAS100_USD,15m,4,0.013689144368710398
Bajista,"(30.0, 40.0]",-0.015107543353872493,50.179662234998204,5566,-0.02879668772258289,-1.1931622256841936,NAS100_USD,15m,4,0.013689144368710398
Bajista,"(40.0, 50.0]",-0.011850784685942526,50.56459891479689,6819,-0.025539929054652924,-1.17973137716959,NAS100_USD,15m,4,0.013689144368710398
Bajista,"(50.0, 60.0]",0.02454890474937025,50.33407572383074,4939,0.010859760380659852,0.4214513354496703,NAS100_USD,15m,4,0.013689144368710398
Bajista,"(60.0, 70.0]",-0.08056838928462942,48.14545454545455,1375,-0.09425753365333982,-1.8830759922464875,NAS100_USD,15m,4,0.013689144368710398
Bajista,"(70.0, 80.0]",-0.15225316011552256,46.56488549618321,131,-0.16594230448423297,-0.8931462232941404,NAS100_USD,15m,4,0.013689144368710398
Bajista,"(80.0, 100.0]",0.24988723088993314,55.55555555555556,9,0.23619808652122273,0.37301462169817406,NAS100_USD,15m,4,0.013689144368710398
Neutral,"(-0.001, 20.0]",-0.08794212914469911,54.8051948051948,385,-0.1016312735134095,-0.9508658416353436,NAS100_USD,15m,4,0.013689144368710398
Neutral,"(20.0, 30.0]",-0.10533319988109562,51.82575272261371,1561,-0.11902234424980601,-2.348052272331983,NAS100_USD,15m,4,0.013689144368710398
Neutral,"(30.0, 40.0]",-0.0735897038949747,51.43054119269217,2901,-0.0872788482636851,-2.5445224757774296,NAS100_USD,15m,4,0.013689144368710398
Neutral,"(40.0, 50.0]",-0.01325260905079264,51.33689839572193,1683,-0.026941753419503035,-0.6174083585671695,NAS100_USD,15m,4,0.013689144368710398
Neutral,"(50.0, 60.0]",-0.0780512183789505,49.39374601148692,1567,-0.0917403627476609,-2.16963735441649,NAS100_USD,15m,4,0.013689144368710398
Neutral,"(60.0, 70.0]",-0.02532417272515831,47.551598543099956,2471,-0.03901331709386871,-1.1074427900261206,NAS100_USD,15m,4,0.013689144368710398
Neutral,"(70.0, 80.0]",0.16485052436038936,53.633720930232556,1376,0.15116137999167895,2.954339925263511,NAS100_USD,15m,4,0.013689144368710398
Neutral,"(80.0, 100.0]",0.3502381995647136,62.03389830508475,295,0.3365490551960032,3.330074912783714,NAS100_USD,15m,4,0.013689144368710398
Alcista,"(-0.001, 20.0]",0.6976773289214026,64.28571428571429,14,0.6452176318648797,0.9186284231799883,NAS100_USD,1h,6,0.05245969705652282
Alcista,"(20.0, 30.0]",0.21270967011119385,56.71232876712329,365,0.16024997305467104,1.3778033699650951,NAS100_USD,1h,6,0.05245969705652282
Alcista,"(30.0, 40.0]",0.01924009402952793,53.89696169088507,3028,-0.03321960302699489,-0.7850237865709259,NAS100_USD,1h,6,0.05245969705652282
Alcista,"(40.0, 50.0]",0.055974224973115036,55.49777117384844,10768,0.0035145279165922153,0.1627293502475392,NAS100_USD,1h,6,0.05245969705652282
Alcista,"(50.0, 60.0]",0.032605390823075425,53.51304347826087,17250,-0.019854306233447395,-1.242126520873002,NAS100_USD,1h,6,0.05245969705652282
Alcista,"(60.0, 70.0]",0.06489111851415191,51.622771021413115,13403,0.012431421457629092,0.6980800797870809,NAS100_USD,1h,6,0.05245969705652282
Alcista,"(70.0, 80.0]",0.021285276013457494,50.557484920489856,5471,-0.031174421043065326,-1.2181145531689606,NAS100_USD,1h,6,0.05245969705652282
Alcista,"(80.0, 100.0]",-0.012852672895101905,49.586776859504134,968,-0.06531236995162473,-1.29426828541132,NAS100_USD,1h,6,0.05245969705652282
Bajista,"(-0.001, 20.0]",-0.14477099876583177,53.98886827458256,539,-0.19723069582235458,-2.130766044120043,NAS100_USD,1h,6,0.05245969705652282
Bajista,"(20.0, 30.0]",0.15441157047346632,57.307001795332134,2785,0.1019518734169435,2.657383122481057,NAS100_USD,1h,6,0.05245969705652282
Bajista,"(30.0, 40.0]",0.0971170169475878,54.053245587795395,6686,0.04465731989106498,1.6941605166048286,NAS100_USD,1h,6,0.05245969705652282
Bajista,"(40.0, 50.0]",0.06338604367033147,53.749865112765725,9267,0.010926346613808653,0.47599388369229284,NAS100_USD,1h,6,0.05245969705652282
Bajista,"(50.0, 60.0]",0.07582384207316004,53.22233385962394,6967,0.023364145016637215,0.8920330233256927,NAS100_USD,1h,6,0.05245969705652282
Bajista,"(60.0, 70.0]",0.1805011023025833,53.80972879896685,2323,0.12804140524606047,2.865528181413999,NAS100_USD,1h,6,0.05245969705652282
Bajista,"(70.0, 80.0]",0.1474756820141358,49.30232558139535,215,0.09501598495761299,0.6267435770409556,NAS100_USD,1h,6,0.05245969705652282
Neutral,"(-0.001, 20.0]",-0.3684884999668919,51.48936170212765,235,-0.42094819702341474,-2.859354497931761,NAS100_USD,1h,6,0.05245969705652282
Neutral,"(20.0, 30.0]",-0.12166377475759191,52.18002812939522,1422,-0.17412347181411472,-3.291070064660071,NAS100_USD,1h,6,0.05245969705652282
Neutral,"(30.0, 40.0]",0.10484044031133595,57.31387953610175,2673,0.05238074325481313,1.2979784943054733,NAS100_USD,1h,6,0.05245969705652282
Neutral,"(40.0, 50.0]",0.03205741863930586,51.86674325100517,1741,-0.02040227841721696,-0.39250561946163287,NAS100_USD,1h,6,0.05245969705652282
Neutral,"(50.0, 60.0]",-0.08909103687132197,50.0,1664,-0.14155073392784479,-2.4752625523952227,NAS100_USD,1h,6,0.05245969705652282
Neutral,"(60.0, 70.0]",0.029075955177663957,52.08686800135731,2947,-0.023383741878858864,-0.6391295650612411,NAS100_USD,1h,6,0.05245969705652282
Neutral,"(70.0, 80.0]",-0.04024063247432741,46.119065561416726,1327,-0.09270032953085022,-1.7123751546430859,NAS100_USD,1h,6,0.05245969705652282
Neutral,"(80.0, 100.0]",0.14588762257722274,55.172413793103445,174,0.09342792552069992,1.318809431112919,NAS100_USD,1h,6,0.05245969705652282
Alcista,"(20.0, 30.0]",1.0353352427521485,100.0,7,0.8665652020023257,4.584087468445692,NAS100_USD,1d,5,0.1687700407498228
Alcista,"(30.0, 40.0]",0.2667465834076225,54.43037974683544,158,0.09797654265779968,0.7926278100836902,NAS100_USD,1d,5,0.1687700407498228
Alcista,"(40.0, 50.0]",0.28982728245994976,61.07142857142858,560,0.12105724171012697,1.7156852430138443,NAS100_USD,1d,5,0.1687700407498228
Alcista,"(50.0, 60.0]",0.1040286098844597,55.47368421052632,950,-0.0647414308653631,-1.2440326358274765,NAS100_USD,1d,5,0.1687700407498228
Alcista,"(60.0, 70.0]",0.1041880501159437,59.52970297029702,808,-0.0645819906338791,-1.1975940726035164,NAS100_USD,1d,5,0.1687700407498228
Alcista,"(70.0, 80.0]",0.14075869027886748,61.49870801033591,387,-0.02801135047095532,-0.3863914848870869,NAS100_USD,1d,5,0.1687700407498228
Alcista,"(80.0, 100.0]",-0.18142062297871261,45.83333333333333,24,-0.3501906637285354,-1.6066497045533172,NAS100_USD,1d,5,0.1687700407498228
Bajista,"(20.0, 30.0]",-0.022164326073165288,64.70588235294117,17,-0.1909343668229881,-0.6005064570721224,NAS100_USD,1d,5,0.1687700407498228
Bajista,"(30.0, 40.0]",-0.10078372078341014,50.0,88,-0.26955376153323296,-1.666881225392926,NAS100_USD,1d,5,0.1687700407498228
Bajista,"(40.0, 50.0]",-0.015313925869394784,49.404761904761905,168,-0.18408396661921758,-1.7902361927288297,NAS100_USD,1d,5,0.1687700407498228
Bajista,"(50.0, 60.0]",0.47646057916601353,69.16666666666667,120,0.30769053841619076,2.919562120430302,NAS100_USD,1d,5,0.1687700407498228
Bajista,"(60.0, 70.0]",0.10873827495458233,53.65853658536586,41,-0.06003176579524047,-0.4710988030706612,NAS100_USD,1d,5,0.1687700407498228
Neutral,"(-0.001, 20.0]",2.853419828495913,100.0,1,2.68464978774609,,NAS100_USD,1d,5,0.1687700407498228
Neutral,"(20.0, 30.0]",0.7687070519515351,75.67567567567568,37,0.5999370112017123,2.2744044834233668,NAS100_USD,1d,5,0.1687700407498228
Neutral,"(30.0, 40.0]",0.3317554541843326,60.78431372549019,102,0.1629854134345098,1.1033175584634576,NAS100_USD,1d,5,0.1687700407498228
Neutral,"(40.0, 50.0]",0.36510319053616214,60.60606060606061,99,0.19633314978633934,1.464000522946825,NAS100_USD,1d,5,0.1687700407498228
Neutral,"(50.0, 60.0]",0.3257343675601744,70.73170731707317,41,0.15696432681035158,0.829617756450709,NAS100_USD,1d,5,0.1687700407498228
Neutral,"(60.0, 70.0]",0.3155348306112574,70.23809523809523,84,0.14676478986143462,1.5132165484577758,NAS100_USD,1d,5,0.1687700407498228
Neutral,"(70.0, 80.0]",-0.5358501100258537,27.77777777777778,18,-0.7046201507756765,-3.5909367114393596,NAS100_USD,1d,5,0.1687700407498228
Alcista,"(-0.001, 20.0]",-5.660694619240127,0.0,1,-5.674600605810705,,SPX500_USD,5m,6,0.013905986570577532
Alcista,"(20.0, 30.0]",0.262711183192561,54.506437768240346,233,0.24880519662198344,1.5193513949185251,SPX500_USD,5m,6,0.013905986570577532
Alcista,"(30.0, 40.0]",-0.07668199470190623,50.810810810810814,4070,-0.09058798127248377,-2.721464984919118,SPX500_USD,5m,6,0.013905986570577532
Alcista,"(40.0, 50.0]",0.021403074266880477,51.61102565168586,24053,0.007497087696302945,0.6064136282518731,SPX500_USD,5m,6,0.013905986570577532
Alcista,"(50.0, 60.0]",0.021576307880428747,49.84584204739009,46381,0.007670321309851215,0.9254000700617364,SPX500_USD,5m,6,0.013905986570577532
Alcista,"(60.0, 70.0]",0.03928747384980201,47.858652411735456,32176,0.025381487279224478,2.6434946654227307,SPX500_USD,5m,6,0.013905986570577532
Alcista,"(70.0, 80.0]",0.11397760088215149,48.10065561126109,10372,0.10007161431157396,5.833251490280901,SPX500_USD,5m,6,0.013905986570577532
Alcista,"(80.0, 100.0]",0.08557539251327145,49.926578560939795,1362,0.07166940594269391,1.4780596318888208,SPX500_USD,5m,6,0.013905986570577532
Bajista,"(-0.001, 20.0]",-0.02664515017419781,50.984936268829664,863,-0.04055113674477534,-0.575107354798854,SPX500_USD,5m,6,0.013905986570577532
Bajista,"(20.0, 30.0]",-0.001861233630914149,51.731266149870805,7740,-0.01576722020149168,-0.7580736419779064,SPX500_USD,5m,6,0.013905986570577532
Bajista,"(30.0, 40.0]",-0.012404307807555465,50.708934693359296,23627,-0.026310294378132995,-2.251434839771394,SPX500_USD,5m,6,0.013905986570577532
Bajista,"(40.0, 50.0]",0.0009368304785185307,49.53220191470844,36768,-0.012969156092059002,-1.4030259184148808,SPX500_USD,5m,6,0.013905986570577532
Bajista,"(50.0, 60.0]",0.06023814913604775,49.54136690647482,22240,0.046332162565470215,3.885308573748865,SPX500_USD,5m,6,0.013905986570577532
Bajista,"(60.0, 70.0]",0.0013322613638983595,45.58966074313409,3095,-0.012573725206679173,-0.37199122358103254,SPX500_USD,5m,6,0.013905986570577532
Bajista,"(70.0, 80.0]",0.5043074544549705,57.446808510638306,94,0.490401467884393,2.1088680628305725,SPX500_USD,5m,6,0.013905986570577532
Neutral,"(-0.001, 20.0]",0.15035974892318094,53.02013422818792,298,0.1364537623526034,1.0985194054503062,SPX500_USD,5m,6,0.013905986570577532
Neutral,"(20.0, 30.0]",-0.05268454398396586,51.69694892012341,2917,-0.06659053055454339,-1.752391819478927,SPX500_USD,5m,6,0.013905986570577532
Neutral,"(30.0, 40.0]",-0.00807512412161995,52.98999787188764,9398,-0.02198111069219748,-1.0959734006531103,SPX500_USD,5m,6,0.013905986570577532
Neutral,"(40.0, 50.0]",-0.0374852829244596,51.1719201016049,8661,-0.05139126949503713,-2.6558794350254096,SPX500_USD,5m,6,0.013905986570577532
Neutral,"(50.0, 60.0]",-0.003954065198736026,47.174559597346146,8742,-0.01786005176931356,-0.9891727201453345,SPX500_USD,5m,6,0.013905986570577532
Neutral,"(60.0, 70.0]",-0.06888279202082317,44.0681487637648,9626,-0.08278877859140071,-4.761095583240171,SPX500_USD,5m,6,0.013905986570577532
Neutral,"(70.0, 80.0]",-0.12043313704451171,42.73589615576635,2003,-0.13433912361508923,-3.3455789454177616,SPX500_USD,5m,6,0.013905986570577532
Neutral,"(80.0, 100.0]",0.4105884673318547,53.51351351351351,185,0.3966824807612772,2.597502683149105,SPX500_USD,5m,6,0.013905986570577532
Alcista,"(-0.001, 20.0]",0.8194807398834174,70.0,10,0.8001604613187889,1.3716654713107292,SPX500_USD,15m,4,0.019320278564628462
Alcista,"(20.0, 30.0]",0.07948204571677629,54.621848739495796,238,0.06016176715214783,0.48306140910779233,SPX500_USD,15m,4,0.019320278564628462
Alcista,"(30.0, 40.0]",0.17149640192018656,57.5139146567718,2156,0.1521761233555581,4.062288529883887,SPX500_USD,15m,4,0.019320278564628462
Alcista,"(40.0, 50.0]",-0.028366321520248903,51.62633359354671,7686,-0.047686600084877365,-2.5210777689945916,SPX500_USD,15m,4,0.019320278564628462
Alcista,"(50.0, 60.0]",0.03764123669134161,51.480384900074014,10808,0.01832095812671315,1.1677695597532933,SPX500_USD,15m,4,0.019320278564628462
Alcista,"(60.0, 70.0]",0.035215422100095935,51.119080004946206,8087,0.015895143535467473,0.8638554006229898,SPX500_USD,15m,4,0.019320278564628462
Alcista,"(70.0, 80.0]",0.11717965366783688,51.807517356954754,4177,0.09785937510320841,4.163458283169983,SPX500_USD,15m,4,0.019320278564628462
Alcista,"(80.0, 100.0]",0.09976704445121033,52.836879432624116,846,0.08044676588658187,1.6393408772302762,SPX500_USD,15m,4,0.019320278564628462
Bajista,"(-0.001, 20.0]",-0.025831933707191952,48.65424430641822,483,-0.04515221227182041,-0.627924559483655,SPX500_USD,15m,4,0.019320278564628462
Bajista,"(20.0, 30.0]",-0.016474361469854936,50.0,2732,-0.0357946400344834,-1.1273851194432878,SPX500_USD,15m,4,0.019320278564628462
Bajista,"(30.0, 40.0]",0.01607333490732088,49.26942266571632,5612,-0.003246943657307582,-0.1405001577554629,SPX500_USD,15m,4,0.019320278564628462
Bajista,"(40.0, 50.0]",-0.0024967327203801715,50.478888439228385,7413,-0.021817011285008632,-1.0601630019486967,SPX500_USD,15m,4,0.019320278564628462
Bajista,"(50.0, 60.0]",0.04608844754075771,50.38419319429198,5466,0.026768168976129245,1.2294685332118764,SPX500_USD,15m,4,0.019320278564628462
Bajista,"(60.0, 70.0]",-0.09241680465762123,46.6618808327351,1393,-0.11173708322224969,-2.6516908381747073,SPX500_USD,15m,4,0.019320278564628462
Bajista,"(70.0, 80.0]",-0.12296692088615037,54.21686746987952,83,-0.14228719945077883,-0.771960423895258,SPX500_USD,15m,4,0.019320278564628462
Bajista,"(80.0, 100.0]",-0.22875944267178167,75.0,4,-0.24807972123641012,-0.2814658205811452,SPX500_USD,15m,4,0.019320278564628462
Neutral,"(-0.001, 20.0]",-0.45854768025905673,43.02788844621514,251,-0.4778679588236852,-3.7800788844869997,SPX500_USD,15m,4,0.019320278564628462
Neutral,"(20.0, 30.0]",-0.022807244053183035,52.21987315010571,1419,-0.0421275226178115,-0.8720084388364195,SPX500_USD,15m,4,0.019320278564628462
Neutral,"(30.0, 40.0]",-0.07168997304816298,51.23938879456706,2945,-0.09101025161279144,-2.857751756672563,SPX500_USD,15m,4,0.019320278564628462
Neutral,"(40.0, 50.0]",-0.0019016029028270198,53.12314098750743,1681,-0.021221881467455482,-0.5230501212366092,SPX500_USD,15m,4,0.019320278564628462
Neutral,"(50.0, 60.0]",-0.010390756505184206,50.519242516799025,1637,-0.029711035069812666,-0.7489370967325965,SPX500_USD,15m,4,0.019320278564628462
Neutral,"(60.0, 70.0]",0.027678674685539004,51.53925977170529,2891,0.008358396120910543,0.28153497831832647,SPX500_USD,15m,4,0.019320278564628462
Neutral,"(70.0, 80.0]",0.002927749429521176,51.4571190674438,1201,-0.016392529135107286,-0.35129193259088665,SPX500_USD,15m,4,0.019320278564628462
Neutral,"(80.0, 100.0]",0.45292202806659154,62.23776223776224,143,0.43360174950196306,3.594910300038593,SPX500_USD,15m,4,0.019320278564628462
Alcista,"(-0.001, 20.0]",2.7639543800655577,100.0,6,2.733827012336803,5.559694385581364,SPX500_USD,1h,6,0.030127367728754725
Alcista,"(20.0, 30.0]",0.38284888359039637,60.17441860465116,344,0.35272151586164163,3.4131603016287264,SPX500_USD,1h,6,0.030127367728754725
Alcista,"(30.0, 40.0]",0.06301580860340512,53.77039088950446,3249,0.0328884408746504,0.9036664358536706,SPX500_USD,1h,6,0.030127367728754725
Alcista,"(40.0, 50.0]",0.040385609201885164,53.966979027219985,11205,0.010258241473130439,0.5222047397366952,SPX500_USD,1h,6,0.030127367728754725
Alcista,"(50.0, 60.0]",0.046432312271870474,51.61647475642162,18064,0.01630494454311575,1.0970382472328288,SPX500_USD,1h,6,0.030127367728754725
Alcista,"(60.0, 70.0]",-0.011447980924364389,48.21455476872081,13274,-0.04157534865311911,-2.4844972248793153,SPX500_USD,1h,6,0.030127367728754725
Alcista,"(70.0, 80.0]",-0.06054783636353119,47.2812755519215,4892,-0.09067520409228591,-3.4439368066228697,SPX500_USD,1h,6,0.030127367728754725
Alcista,"(80.0, 100.0]",-0.2742619759678799,38.153310104529616,574,-0.3043893436966346,-5.32326055019453,SPX500_USD,1h,6,0.030127367728754725
Bajista,"(-0.001, 20.0]",-0.26022448359649203,57.05394190871369,482,-0.29035185132524677,-2.44287830287294,SPX500_USD,1h,6,0.030127367728754725
Bajista,"(20.0, 30.0]",0.04365037439601426,55.51359516616314,2648,0.013523006667259536,0.35590448259911484,SPX500_USD,1h,6,0.030127367728754725
Bajista,"(30.0, 40.0]",0.048183962205059355,54.19147961520843,6549,0.01805659447630463,0.7106184092507313,SPX500_USD,1h,6,0.030127367728754725
Bajista,"(40.0, 50.0]",0.015598361661948976,53.51159793814433,9312,-0.014529006066805749,-0.6778953104743863,SPX500_USD,1h,6,0.030127367728754725
Bajista,"(50.0, 60.0]",0.061565803682296,52.13700234192038,6832,0.031438435953541274,1.3091083986135494,SPX500_USD,1h,6,0.030127367728754725
Bajista,"(60.0, 70.0]",0.17320887643332195,54.96938294865756,2123,0.1430815087045672,3.3485333830721244,SPX500_USD,1h,6,0.030127367728754725
Bajista,"(70.0, 80.0]",0.26673278587363786,52.84974093264248,193,0.23660541814488312,1.8151176542270437,SPX500_USD,1h,6,0.030127367728754725
Bajista,"(80.0, 100.0]",0.219635146092045,66.66666666666666,6,0.1895077783632903,0.9775719284017517,SPX500_USD,1h,6,0.030127367728754725
Neutral,"(-0.001, 20.0]",-0.006831919095808921,59.2964824120603,199,-0.03695928682456365,-0.2762371397188866,SPX500_USD,1h,6,0.030127367728754725
Neutral,"(20.0, 30.0]",-0.11007019070152867,51.29280223619846,1431,-0.1401975584302834,-2.715120769757072,SPX500_USD,1h,6,0.030127367728754725
Neutral,"(30.0, 40.0]",0.09398143927810423,55.604719764011804,2712,0.06385407154934951,1.669285815791316,SPX500_USD,1h,6,0.030127367728754725
Neutral,"(40.0, 50.0]",0.06013161441962386,54.78128179043744,1966,0.030004246690869138,0.6659637746972965,SPX500_USD,1h,6,0.030127367728754725
Neutral,"(50.0, 60.0]",-0.05564705516717684,50.088704908338265,1691,-0.08577442289593157,-1.7657640845085154,SPX500_USD,1h,6,0.030127367728754725
Neutral,"(60.0, 70.0]",0.0458770174748455,53.34632878492528,3078,0.015749649746090777,0.4824143079855936,SPX500_USD,1h,6,0.030127367728754725
Neutral,"(70.0, 80.0]",0.14344656054903596,51.8348623853211,1308,0.11331919282028123,2.7793306339426227,SPX500_USD,1h,6,0.030127367728754725
Neutral,"(80.0, 100.0]",-0.0010935749202547974,56.8,125,-0.03122094264900952,-0.29481037225024864,SPX500_USD,1h,6,0.030127367728754725
Alcista,"(20.0, 30.0]",0.7496460420103753,70.0,10,0.6372202212275865,1.0256045450591282,SPX500_USD,1d,5,0.11242582078278886
Alcista,"(30.0, 40.0]",0.30305844442968377,63.28125,128,0.19063262364689493,1.3041790730652894,SPX500_USD,1d,5,0.11242582078278886
Alcista,"(40.0, 50.0]",0.31698768685821915,62.89682539682539,504,0.2045618660754303,2.725547661838242,SPX500_USD,1d,5,0.11242582078278886
Alcista,"(50.0, 60.0]",-0.03673155476303589,54.761904761904766,882,-0.14915737554582476,-2.504946840541775,SPX500_USD,1d,5,0.11242582078278886
Alcista,"(60.0, 70.0]",0.07923856750501987,59.22023182297155,949,-0.03318725327776899,-0.7321717134273824,SPX500_USD,1d,5,0.11242582078278886
Alcista,"(70.0, 80.0]",0.1710646534446738,60.33057851239669,242,0.05863883266188495,0.6857952021368575,SPX500_USD,1d,5,0.11242582078278886
Alcista,"(80.0, 100.0]",-0.43207343961059375,40.0,15,-0.5444992603933826,-1.0673246840110273,SPX500_USD,1d,5,0.11242582078278886
Bajista,"(-0.001, 20.0]",2.335961321044255,100.0,1,2.223535500261466,,SPX500_USD,1d,5,0.11242582078278886
Bajista,"(20.0, 30.0]",0.2974105972745384,50.0,38,0.18498477649174955,0.8785811061973371,SPX500_USD,1d,5,0.11242582078278886
Bajista,"(30.0, 40.0]",0.14165612743313033,57.27272727272727,110,0.029230306650341473,0.18024277114223772,SPX500_USD,1d,5,0.11242582078278886
Bajista,"(40.0, 50.0]",-0.015353118587067009,51.45228215767634,241,-0.12777893936985588,-1.4691041374262015,SPX500_USD,1d,5,0.11242582078278886
Bajista,"(50.0, 60.0]",0.1561781853694129,60.73298429319372,191,0.04375236458662403,0.553857215130559,SPX500_USD,1d,5,0.11242582078278886
Bajista,"(60.0, 70.0]",0.20313572294771914,67.64705882352942,34,0.09070990216493029,0.6950013107285791,SPX500_USD,1d,5,0.11242582078278886
Neutral,"(-0.001, 20.0]",1.639928846871274,100.0,5,1.5275030260884852,3.681575763162488,SPX500_USD,1d,5,0.11242582078278886
Neutral,"(20.0, 30.0]",0.8633419720009168,72.0,25,0.7509161512181279,2.4313648930202,SPX500_USD,1d,5,0.11242582078278886
Neutral,"(30.0, 40.0]",0.4060069431844051,66.66666666666666,90,0.29358112240161627,1.3861625813985414,SPX500_USD,1d,5,0.11242582078278886
Neutral,"(40.0, 50.0]",-0.1559661497538785,45.88235294117647,85,-0.26839197053666736,-1.5984786312195323,SPX500_USD,1d,5,0.11242582078278886
Neutral,"(50.0, 60.0]",0.11524333989554485,60.3448275862069,58,0.0028175191127559895,0.0197196626015217,SPX500_USD,1d,5,0.11242582078278886
Neutral,"(60.0, 70.0]",0.09409174570328209,57.30337078651685,89,-0.018334075079506768,-0.15446949750729966,SPX500_USD,1d,5,0.11242582078278886
Neutral,"(70.0, 80.0]",0.2270835849949674,76.92307692307693,13,0.11465776421217853,0.6156225231426072,SPX500_USD,1d,5,0.11242582078278886
Alcista,"(-0.001, 20.0]",2.0987548392750144,100.0,4,2.0986649444407965,1.7247948125168742,US2000_USD,5m,6,8.98948342176435e-05
Alcista,"(20.0, 30.0]",0.18019512570993212,55.37459283387622,307,0.18010523087571448,1.1429380460260667,US2000_USD,5m,6,8.98948342176435e-05
Alcista,"(30.0, 40.0]",0.036943903139809456,53.732464929859724,3992,0.03685400830559181,1.0135467380637848,US2000_USD,5m,6,8.98948342176435e-05
Alcista,"(40.0, 50.0]",-0.01598021638178673,52.32274883542032,23399,-0.016070111216004372,-1.311602505551235,US2000_USD,5m,6,8.98948342176435e-05
Alcista,"(50.0, 60.0]",0.007701525101225517,51.25851885506588,44020,0.007611630267007874,0.9561156869370456,US2000_USD,5m,6,8.98948342176435e-05
Alcista,"(60.0, 70.0]",0.0533892260278758,51.28312999579302,30901,0.05329933119365815,5.48628389593457,US2000_USD,5m,6,8.98948342176435e-05
Alcista,"(70.0, 80.0]",0.0984977193795303,51.419203747072594,10675,0.09840782454531265,5.484664441954819,US2000_USD,5m,6,8.98948342176435e-05
Alcista,"(80.0, 100.0]",0.0532471035588555,50.45372050816697,1653,0.053157208724637854,0.99398509252627,US2000_USD,5m,6,8.98948342176435e-05
Bajista,"(-0.001, 20.0]",-0.10884704498022861,50.295081967213115,1525,-0.10893693981444626,-1.8129388038190188,US2000_USD,5m,6,8.98948342176435e-05
Bajista,"(20.0, 30.0]",-0.028267728878243886,51.934716817985304,9252,-0.02835762371246153,-1.3873146595391872,US2000_USD,5m,6,8.98948342176435e-05
Bajista,"(30.0, 40.0]",-0.041515614469758454,50.93130621666799,25126,-0.0416055093039761,-3.6367609236232012,US2000_USD,5m,6,8.98948342176435e-05
Bajista,"(40.0, 50.0]",-0.0127154253797125,50.27537161800877,37404,-0.012805320213930143,-1.441561007361724,US2000_USD,5m,6,8.98948342176435e-05
Bajista,"(50.0, 60.0]",0.03890583616542664,50.474704702473815,22435,0.03881594133120899,3.448439054383578,US2000_USD,5m,6,8.98948342176435e-05
Bajista,"(60.0, 70.0]",0.00997187401548049,47.31920199501246,3208,0.009881979181262848,0.29636700495964835,US2000_USD,5m,6,8.98948342176435e-05
Bajista,"(70.0, 80.0]",0.17392048890223108,54.36241610738255,149,0.17383059406801343,0.8389242624938992,US2000_USD,5m,6,8.98948342176435e-05
Bajista,"(80.0, 100.0]",-2.0769718617921122,0.0,2,-2.07706175662633,-4.945372808622545,US2000_USD,5m,6,8.98948342176435e-05
Neutral,"(-0.001, 20.0]",-0.043545576245895556,51.91256830601093,549,-0.0436354710801132,-0.37178305233071207,US2000_USD,5m,6,8.98948342176435e-05
Neutral,"(20.0, 30.0]",-0.09148140763364908,52.38095238095239,3465,-0.09157130246786672,-2.2507129132705463,US2000_USD,5m,6,8.98948342176435e-05
Neutral,"(30.0, 40.0]",-0.12052483900692466,51.17330462863294,9290,-0.12061473384114231,-5.74915955275288,US2000_USD,5m,6,8.98948342176435e-05
Neutral,"(40.0, 50.0]",-0.06325506338216477,51.86520765978613,8042,-0.06334495821638242,-3.1796713109455554,US2000_USD,5m,6,8.98948342176435e-05
Neutral,"(50.0, 60.0]",0.04802522055141126,51.7948717948718,8190,0.04793532571719361,2.531994972566061,US2000_USD,5m,6,8.98948342176435e-05
Neutral,"(60.0, 70.0]",-0.02271613533849266,48.214285714285715,9016,-0.022806030172710302,-1.238978617599077,US2000_USD,5m,6,8.98948342176435e-05
Neutral,"(70.0, 80.0]",-0.07505976839781876,46.46635632670335,2363,-0.07514966323203641,-1.608412750429088,US2000_USD,5m,6,8.98948342176435e-05
Neutral,"(80.0, 100.0]",0.11563749832160664,51.31578947368421,304,0.11554760348738899,0.7546943609497364,US2000_USD,5m,6,8.98948342176435e-05
Alcista,"(-0.001, 20.0]",0.21719701476810394,60.0,20,0.20611023937030895,0.37020403809349733,US2000_USD,15m,4,0.011086775397794988
Alcista,"(20.0, 30.0]",0.17954837271949628,55.927835051546396,388,0.1684615973217013,1.4245353505794407,US2000_USD,15m,4,0.011086775397794988
Alcista,"(30.0, 40.0]",0.009164966180995908,53.27272727272727,2200,-0.0019218092167990804,-0.0452888984898867,US2000_USD,15m,4,0.011086775397794988
Alcista,"(40.0, 50.0]",-0.023640107685736256,52.534357913403284,6767,-0.034726883083531244,-1.5916034407856199,US2000_USD,15m,4,0.011086775397794988
Alcista,"(50.0, 60.0]",0.010391235861605851,52.05112347969491,9702,-0.0006955395361891367,-0.04073020502337279,US2000_USD,15m,4,0.011086775397794988
Alcista,"(60.0, 70.0]",0.009039961117233318,51.31242428321443,7429,-0.0020468142805616703,-0.10183780747869131,US2000_USD,15m,4,0.011086775397794988
Alcista,"(70.0, 80.0]",0.11034732049719857,53.985071032988195,4153,0.09926054509940359,3.5480529139516226,US2000_USD,15m,4,0.011086775397794988
Alcista,"(80.0, 100.0]",0.15620462433443985,56.38031693077564,1199,0.14511784893664487,3.027333922412266,US2000_USD,15m,4,0.011086775397794988
Bajista,"(-0.001, 20.0]",0.037184743862930164,52.84237726098191,774,0.026097968465135176,0.42043750365668997,US2000_USD,15m,4,0.011086775397794988
Bajista,"(20.0, 30.0]",0.0014448351230604123,51.00158982511924,3145,-0.009641940274734575,-0.2923812535173523,US2000_USD,15m,4,0.011086775397794988
Bajista,"(30.0, 40.0]",-0.02694207677348061,49.36083177092211,5867,-0.0380288521712756,-1.6474857476829463,US2000_USD,15m,4,0.011086775397794988
Bajista,"(40.0, 50.0]",0.024389772867914106,51.16118330107824,7234,0.013302997470119118,0.6435791318310333,US2000_USD,15m,4,0.011086775397794988
Bajista,"(50.0, 60.0]",0.03483673206564005,51.25406854298296,5223,0.023749956667845063,0.97880248860738,US2000_USD,15m,4,0.011086775397794988
Bajista,"(60.0, 70.0]",-0.055666837572492786,47.979474021808855,1559,-0.06675361297028777,-1.3591338184555986,US2000_USD,15m,4,0.011086775397794988
Bajista,"(70.0, 80.0]",-0.1484527891989418,48.167539267015705,191,-0.1595395645967368,-1.0947174873738963,US2000_USD,15m,4,0.011086775397794988
Bajista,"(80.0, 100.0]",-2.129945459150749,0.0,7,-2.141032234548544,-5.021400885366271,US2000_USD,15m,4,0.011086775397794988
Neutral,"(-0.001, 20.0]",-0.3102740366189253,43.42105263157895,532,-0.3213608120167203,-3.6071687510963812,US2000_USD,15m,4,0.011086775397794988
Neutral,"(20.0, 30.0]",-0.07468249583482807,52.2372528616025,1922,-0.08576927123262305,-1.8288503468239503,US2000_USD,15m,4,0.011086775397794988
Neutral,"(30.0, 40.0]",-0.03857405109787129,51.77698076296055,3067,-0.04966082649566628,-1.4137913384290821,US2000_USD,15m,4,0.011086775397794988
Neutral,"(40.0, 50.0]",-0.01224213554422438,51.98711063372718,1862,-0.023328910942019367,-0.5627343074296854,US2000_USD,15m,4,0.011086775397794988
Neutral,"(50.0, 60.0]",0.10049663187399266,54.58488228004956,1614,0.08940985647619767,2.27295454935498,US2000_USD,15m,4,0.011086775397794988
Neutral,"(60.0, 70.0]",0.02587247309839048,51.21223424095487,2681,0.014785697700595492,0.4719799956446325,US2000_USD,15m,4,0.011086775397794988
Neutral,"(70.0, 80.0]",0.04997876597065294,52.088948787061994,1484,0.03889199057285796,0.846323031742054,US2000_USD,15m,4,0.011086775397794988
Neutral,"(80.0, 100.0]",0.22146010332204932,54.54545454545454,275,0.21037332792425434,1.972689662687744,US2000_USD,15m,4,0.011086775397794988
Alcista,"(-0.001, 20.0]",0.8226802844872776,100.0,8,0.8178664876071884,2.8475864632530445,US2000_USD,1h,6,0.004813796880089249
Alcista,"(20.0, 30.0]",-0.18755697922839637,49.135802469135804,405,-0.19237077610848563,-1.5929195068335806,US2000_USD,1h,6,0.004813796880089249
Alcista,"(30.0, 40.0]",0.022067120547146057,54.91132332878581,2932,0.017253323667056807,0.4152341065378734,US2000_USD,1h,6,0.004813796880089249
Alcista,"(40.0, 50.0]",0.004942726091899742,54.53147426696739,9754,0.0001289292118104926,0.0054783640779229835,US2000_USD,1h,6,0.004813796880089249
Alcista,"(50.0, 60.0]",-0.06735593815291638,51.76985536665821,15764,-0.07216973503300562,-4.0496832617237635,US2000_USD,1h,6,0.004813796880089249
Alcista,"(60.0, 70.0]",-0.043085950487798466,50.24545689432435,11611,-0.04789974736788771,-2.456660994950741,US2000_USD,1h,6,0.004813796880089249
Alcista,"(70.0, 80.0]",-0.0735155888356235,49.14067472947167,4713,-0.07832938571571274,-2.715088371495878,US2000_USD,1h,6,0.004813796880089249
Alcista,"(80.0, 100.0]",-0.12687076157235994,46.96296296296296,675,-0.1316845584524492,-2.2929339339883583,US2000_USD,1h,6,0.004813796880089249
Bajista,"(-0.001, 20.0]",-0.0736728273713686,53.36879432624113,564,-0.07848662425145785,-1.023846495127833,US2000_USD,1h,6,0.004813796880089249
Bajista,"(20.0, 30.0]",0.06233505674947775,53.884297520661164,3025,0.057521259869388504,1.6405009909224364,US2000_USD,1h,6,0.004813796880089249
Bajista,"(30.0, 40.0]",0.013953892376065723,52.75833099971997,7142,0.009140095495976473,0.3693098995594877,US2000_USD,1h,6,0.004813796880089249
Bajista,"(40.0, 50.0]",0.037798798642484706,53.05441192834094,8987,0.03298500176239546,1.404882918831165,US2000_USD,1h,6,0.004813796880089249
Bajista,"(50.0, 60.0]",0.10395491507677897,54.1625441696113,7075,0.09914111819668972,3.886328700989026,US2000_USD,1h,6,0.004813796880089249
Bajista,"(60.0, 70.0]",0.11432202731577726,52.72296764009471,2534,0.10950823043568801,2.695128115001287,US2000_USD,1h,6,0.004813796880089249
Bajista,"(70.0, 80.0]",-0.06659679797888932,51.440329218106996,243,-0.07141059485897856,-0.5234234338464786,US2000_USD,1h,6,0.004813796880089249
Bajista,"(80.0, 100.0]",1.5003287704686938,100.0,3,1.4955149735886046,2.925271704726863,US2000_USD,1h,6,0.004813796880089249
Neutral,"(-0.001, 20.0]",-0.4902294767430806,51.95729537366548,281,-0.49504327362316985,-3.2895241172243654,US2000_USD,1h,6,0.004813796880089249
Neutral,"(20.0, 30.0]",0.0020019495479237297,55.63612392880686,1517,-0.0028118473321655196,-0.05368888123727779,US2000_USD,1h,6,0.004813796880089249
Neutral,"(30.0, 40.0]",0.011967555913955867,54.1419084236281,2861,0.007153759033866618,0.17773916667766074,US2000_USD,1h,6,0.004813796880089249
Neutral,"(40.0, 50.0]",0.1466948579790053,57.9004329004329,1848,0.14188106109891604,2.8411297019924144,US2000_USD,1h,6,0.004813796880089249
Neutral,"(50.0, 60.0]",0.15122113994127256,57.10023866348448,1676,0.1464073430611833,2.777875338573778,US2000_USD,1h,6,0.004813796880089249
Neutral,"(60.0, 70.0]",0.06478712146920707,53.72044506258693,2876,0.05997332458911782,1.612757043762488,US2000_USD,1h,6,0.004813796880089249
Neutral,"(70.0, 80.0]",0.1154042608533486,54.606240713224366,1346,0.11059046397325935,2.194257429211371,US2000_USD,1h,6,0.004813796880089249
Neutral,"(80.0, 100.0]",0.05308063734044299,50.0,164,0.04826684046035375,0.3851770030057873,US2000_USD,1h,6,0.004813796880089249
Alcista,"(20.0, 30.0]",-1.287990794454587,33.33333333333333,3,-1.3445612395729847,-0.9884378880427761,US2000_USD,1d,5,0.056570445118397775
Alcista,"(30.0, 40.0]",0.05582859810703754,60.50420168067227,119,-0.000741847011360236,-0.004068865442905477,US2000_USD,1d,5,0.056570445118397775
Alcista,"(40.0, 50.0]",0.30404451213831113,60.32719836400818,489,0.24747406701991337,3.5014582669092746,US2000_USD,1d,5,0.056570445118397775
Alcista,"(50.0, 60.0]",0.015422252954893823,56.14035087719298,912,-0.041148192163503954,-0.8158459064499252,US2000_USD,1d,5,0.056570445118397775
Alcista,"(60.0, 70.0]",-0.1031160051393304,50.79365079365079,693,-0.15968645025772818,-3.0036143350942246,US2000_USD,1d,5,0.056570445118397775
Alcista,"(70.0, 80.0]",0.06306246619396287,50.0,150,0.0064920210755650964,0.06594234087848337,US2000_USD,1d,5,0.056570445118397775
Alcista,"(80.0, 100.0]",0.18805606127761937,37.5,8,0.1314856161592216,0.4100317031760229,US2000_USD,1d,5,0.056570445118397775
Bajista,"(-0.001, 20.0]",0.581344626086782,50.0,2,0.5247741809683841,0.33336468715496903,US2000_USD,1d,5,0.056570445118397775
Bajista,"(20.0, 30.0]",0.1064426964586727,58.139534883720934,43,0.049872251340274926,0.2037845560922109,US2000_USD,1d,5,0.056570445118397775
Bajista,"(30.0, 40.0]",0.2103224207751905,57.692307692307686,156,0.15375197565679272,1.1564758165100466,US2000_USD,1d,5,0.056570445118397775
Bajista,"(40.0, 50.0]",0.13911991378042957,58.006042296072515,331,0.08254946866203179,1.0542502706133143,US2000_USD,1d,5,0.056570445118397775
Bajista,"(50.0, 60.0]",0.2420046679924662,63.32046332046332,259,0.1854342228740684,2.4657615506367465,US2000_USD,1d,5,0.056570445118397775
Bajista,"(60.0, 70.0]",0.07808973414030931,53.84615384615385,52,0.02151928902191154,0.17074165417609424,US2000_USD,1d,5,0.056570445118397775
Bajista,"(70.0, 80.0]",-0.5663237752500421,0.0,1,-0.6228942203684399,,US2000_USD,1d,5,0.056570445118397775
Neutral,"(-0.001, 20.0]",-0.2129914059480195,42.857142857142854,7,-0.2695618510664173,-0.2998756001917524,US2000_USD,1d,5,0.056570445118397775
Neutral,"(20.0, 30.0]",-0.20945093095408146,54.285714285714285,35,-0.2660213760724792,-0.617241349504531,US2000_USD,1d,5,0.056570445118397775
Neutral,"(30.0, 40.0]",0.03818980879641077,56.75675675675676,111,-0.018380636321987005,-0.10230142607749006,US2000_USD,1d,5,0.056570445118397775
Neutral,"(40.0, 50.0]",-0.0032120053402173994,52.04081632653062,98,-0.059782450458615174,-0.38290388799743036,US2000_USD,1d,5,0.056570445118397775
Neutral,"(50.0, 60.0]",-0.28680379457304433,43.54838709677419,124,-0.3433742396914421,-3.129711840548081,US2000_USD,1d,5,0.056570445118397775
Neutral,"(60.0, 70.0]",-0.14914483264343067,48.484848484848484,99,-0.20571527776182846,-1.6801052131825422,US2000_USD,1d,5,0.056570445118397775
Neutral,"(70.0, 80.0]",0.6483803034024562,78.57142857142857,14,0.5918098582840584,2.795605427376586,US2000_USD,1d,5,0.056570445118397775
Alcista,"(20.0, 30.0]",0.28293986809436333,67.5,120,0.277936805698537,2.155674652471472,XAU_USD,5m,6,0.0050030623958263205
Alcista,"(30.0, 40.0]",0.12099008352645728,56.76611614278103,3754,0.11598702113063096,4.505948597928961,XAU_USD,5m,6,0.0050030623958263205
Alcista,"(40.0, 50.0]",-0.005574104657089185,52.204393207664744,25676,-0.010577167052915505,-1.1028564101221026,XAU_USD,5m,6,0.0050030623958263205
Alcista,"(50.0, 60.0]",-0.014932495665735674,48.713362695343065,44729,-0.019935558061561994,-2.789065170724329,XAU_USD,5m,6,0.0050030623958263205
Alcista,"(60.0, 70.0]",0.013321600153848753,46.434813002446695,22888,0.008318537758022432,0.7764014525195819,XAU_USD,5m,6,0.0050030623958263205
Alcista,"(70.0, 80.0]",0.13930091022696406,47.97733354320793,6353,0.13429784783113774,5.988464791823123,XAU_USD,5m,6,0.0050030623958263205
Alcista,"(80.0, 100.0]",0.18674370371620164,47.67206477732793,988,0.18174064132037532,2.8098145974452193,XAU_USD,5m,6,0.0050030623958263205
Bajista,"(-0.001, 20.0]",-0.01791823064683481,55.95667870036101,831,-0.022921293042661134,-0.3878907645680311,XAU_USD,5m,6,0.0050030623958263205
Bajista,"(20.0, 30.0]",-0.018334618926060482,55.724685638649895,6044,-0.0233376813218868,-1.030725349160398,XAU_USD,5m,6,0.0050030623958263205
Bajista,"(30.0, 40.0]",-0.01099605606210965,54.676911329579085,20954,-0.01599911845793597,-1.3494504975668495,XAU_USD,5m,6,0.0050030623958263205
Bajista,"(40.0, 50.0]",0.005896611708997755,52.0713000662816,42244,0.0008935493131714345,0.1174738548148022,XAU_USD,5m,6,0.0050030623958263205
Bajista,"(50.0, 60.0]",0.016704913152916855,48.0104571142978,26011,0.011701850757090534,1.2309225365226166,XAU_USD,5m,6,0.0050030623958263205
Bajista,"(60.0, 70.0]",-0.08793114177242536,42.37528344671202,3528,-0.09293420416825168,-3.592117211615286,XAU_USD,5m,6,0.0050030623958263205
Bajista,"(70.0, 80.0]",-0.4905416343648205,30.0,110,-0.49554469676064683,-3.9164466462454084,XAU_USD,5m,6,0.0050030623958263205
Neutral,"(-0.001, 20.0]",0.13265824920475736,60.447761194029844,134,0.12765518680893104,0.7358350564128973,XAU_USD,5m,6,0.0050030623958263205
Neutral,"(20.0, 30.0]",0.07644862352975013,59.01639344262295,1586,0.07144556113392381,1.544029128802335,XAU_USD,5m,6,0.0050030623958263205
Neutral,"(30.0, 40.0]",0.03136818830684377,56.12186788154897,7024,0.026365125911017452,1.3100720391592842,XAU_USD,5m,6,0.0050030623958263205
Neutral,"(40.0, 50.0]",0.015149274370266811,53.522012578616355,7950,0.01014621197444049,0.5911619721033794,XAU_USD,5m,6,0.0050030623958263205
Neutral,"(50.0, 60.0]",-0.02358384843220435,47.66237048268891,7914,-0.028586910828030672,-1.6668708965487615,XAU_USD,5m,6,0.0050030623958263205
Neutral,"(60.0, 70.0]",-0.036907319849415914,43.74718510734124,6661,-0.04191038224524223,-2.114588834147718,XAU_USD,5m,6,0.0050030623958263205
Neutral,"(70.0, 80.0]",0.07030987905534773,46.702317290552585,1683,0.06530681665952141,1.4736335105665697,XAU_USD,5m,6,0.0050030623958263205
Neutral,"(80.0, 100.0]",0.051163378792905,44.02985074626866,134,0.04616031639707868,0.2622531811892783,XAU_USD,5m,6,0.0050030623958263205
Alcista,"(20.0, 30.0]",-0.2664021700530749,43.05555555555556,72,-0.2783335450306053,-1.8226434241152047,XAU_USD,15m,4,0.011931374977530409
Alcista,"(30.0, 40.0]",0.11505706026181185,59.867938371239916,1363,0.10312568528428144,2.5658259455899453,XAU_USD,15m,4,0.011931374977530409
Alcista,"(40.0, 50.0]",-0.000941287250296604,52.46948623332387,7046,-0.012872662227827012,-0.7874754974729258,XAU_USD,15m,4,0.011931374977530409
Alcista,"(50.0, 60.0]",-0.0535597620944605,48.28856782701445,10313,-0.0654911370719909,-4.85389777697105,XAU_USD,15m,4,0.011931374977530409
Alcista,"(60.0, 70.0]",0.0019696070345894554,48.37523893545067,6801,-0.009961767942940954,-0.6036631519024281,XAU_USD,15m,4,0.011931374977530409
Alcista,"(70.0, 80.0]",0.08069094588959272,50.31690140845071,2840,0.0687595709120623,2.709762721024445,XAU_USD,15m,4,0.011931374977530409
Alcista,"(80.0, 100.0]",0.20091820470379607,51.1520737327189,651,0.18898682972626565,3.347156443915304,XAU_USD,15m,4,0.011931374977530409
Bajista,"(-0.001, 20.0]",-0.0782134754888218,53.23308270676692,665,-0.0901448504663522,-1.6200445764178615,XAU_USD,15m,4,0.011931374977530409
Bajista,"(20.0, 30.0]",-0.07696945301451345,53.2295719844358,2570,-0.08890082799204387,-3.1274395038467797,XAU_USD,15m,4,0.011931374977530409
Bajista,"(30.0, 40.0]",0.013189603322733102,53.25881341358556,5815,0.001258228345202693,0.06748827499780541,XAU_USD,15m,4,0.011931374977530409
Bajista,"(40.0, 50.0]",0.05180740804587638,51.777292074082595,8693,0.03987603306834597,2.6817655806506777,XAU_USD,15m,4,0.011931374977530409
Bajista,"(50.0, 60.0]",0.024852903219721355,48.995633187772924,5725,0.012921528242190946,0.7266088236595004,XAU_USD,15m,4,0.011931374977530409
Bajista,"(60.0, 70.0]",0.07853338128351611,46.90553745928339,1228,0.0666020063059857,1.5219573275905334,XAU_USD,15m,4,0.011931374977530409
Bajista,"(70.0, 80.0]",-0.2417796948750266,49.01960784313725,51,-0.253711069852557,-1.2686880170510018,XAU_USD,15m,4,0.011931374977530409
Neutral,"(-0.001, 20.0]",-0.12510126097705845,49.03846153846153,104,-0.13703263595458887,-0.707976004061827,XAU_USD,15m,4,0.011931374977530409
Neutral,"(20.0, 30.0]",0.13443175517814587,62.44075829383886,844,0.12250038020061546,1.9829474278023227,XAU_USD,15m,4,0.011931374977530409
Neutral,"(30.0, 40.0]",0.015170685270658698,55.09803921568628,2550,0.0032393102931282895,0.11102505812063984,XAU_USD,15m,4,0.011931374977530409
Neutral,"(40.0, 50.0]",-0.09499331679050807,47.828074988568815,2187,-0.10692469176803848,-3.67257616733455,XAU_USD,15m,4,0.011931374977530409
Neutral,"(50.0, 60.0]",0.026305129034565135,49.568746829020796,1971,0.014373754057034727,0.4648333132712364,XAU_USD,15m,4,0.011931374977530409
Neutral,"(60.0, 70.0]",0.06603533497661276,47.21269296740995,2332,0.05410395999908235,1.782855834989863,XAU_USD,15m,4,0.011931374977530409
Neutral,"(70.0, 80.0]",0.1762672386542052,46.63978494623656,744,0.1643358636766748,2.6608539370808684,XAU_USD,15m,4,0.011931374977530409
Neutral,"(80.0, 100.0]",0.39498803050779946,45.45454545454545,121,0.3830566555302691,2.3736189677791284,XAU_USD,15m,4,0.011931374977530409
Alcista,"(-0.001, 20.0]",2.232240271451748,66.66666666666666,6,2.1919034643564532,2.3424696411335386,XAU_USD,1h,6,0.04033680709529487
Alcista,"(20.0, 30.0]",0.07162839413758831,56.809338521400775,257,0.03129158704229344,0.20539420550100254,XAU_USD,1h,6,0.04033680709529487
Alcista,"(30.0, 40.0]",0.038227740585413984,53.72460496613996,2658,-0.0021090665098808872,-0.050420007151498934,XAU_USD,1h,6,0.04033680709529487
Alcista,"(40.0, 50.0]",0.007756124527946375,51.46822204344328,9944,-0.032580682567348494,-1.6137633494455708,XAU_USD,1h,6,0.04033680709529487
Alcista,"(50.0, 60.0]",0.07978683466304289,50.740430287789884,14316,0.039450027567748014,2.345679944682556,XAU_USD,1h,6,0.04033680709529487
Alcista,"(60.0, 70.0]",0.1528055355198026,48.8504031054046,10047,0.11246872842450774,5.782109091971077,XAU_USD,1h,6,0.04033680709529487
Alcista,"(70.0, 80.0]",0.14437499786665928,49.73052425281725,4082,0.1040381907713644,3.6608678807281994,XAU_USD,1h,6,0.04033680709529487
Alcista,"(80.0, 100.0]",-0.027564858034315798,48.34532374100719,695,-0.06790166512961067,-0.8690883054235852,XAU_USD,1h,6,0.04033680709529487
Bajista,"(-0.001, 20.0]",-0.20528395152429757,57.14285714285714,518,-0.24562075861959243,-2.545931333251586,XAU_USD,1h,6,0.04033680709529487
Bajista,"(20.0, 30.0]",-0.02541456772574938,56.014234875444835,2810,-0.06575137482104425,-1.6322097146654437,XAU_USD,1h,6,0.04033680709529487
Bajista,"(30.0, 40.0]",-0.06558530080630975,52.445762026681045,7421,-0.10592210790160463,-4.358931196569746,XAU_USD,1h,6,0.04033680709529487
Bajista,"(40.0, 50.0]",-0.033571644880161386,52.20928241137182,11678,-0.07390845197545626,-3.9966819872443042,XAU_USD,1h,6,0.04033680709529487
Bajista,"(50.0, 60.0]",0.06554588470109189,50.7835566659096,8806,0.02520907760579702,1.255856261485373,XAU_USD,1h,6,0.04033680709529487
Bajista,"(60.0, 70.0]",0.14105347548726072,48.312757201646086,2430,0.10071666839196584,2.5948868286820765,XAU_USD,1h,6,0.04033680709529487
Bajista,"(70.0, 80.0]",0.056110609921834455,47.67932489451477,237,0.015773802826539583,0.15136013971275242,XAU_USD,1h,6,0.04033680709529487
Bajista,"(80.0, 100.0]",-0.45382240220312714,44.44444444444444,9,-0.494159209298422,-1.0464645673123865,XAU_USD,1h,6,0.04033680709529487
Neutral,"(-0.001, 20.0]",0.2611877922975126,63.33333333333333,150,0.22085098520221774,1.6726143692509496,XAU_USD,1h,6,0.04033680709529487
Neutral,"(20.0, 30.0]",0.10312031319603755,59.843885516045106,1153,0.06278350610074268,1.187877798364253,XAU_USD,1h,6,0.04033680709529487
Neutral,"(30.0, 40.0]",-0.08379637403231348,51.00083402835697,2398,-0.12413318112760835,-3.2035205544927425,XAU_USD,1h,6,0.04033680709529487
Neutral,"(40.0, 50.0]",-0.09540794868624881,50.208333333333336,1920,-0.13574475578154369,-3.3649432806384643,XAU_USD,1h,6,0.04033680709529487
Neutral,"(50.0, 60.0]",0.13447922921069122,55.36105032822757,1828,0.09414242211539635,2.026830237297686,XAU_USD,1h,6,0.04033680709529487
Neutral,"(60.0, 70.0]",0.08016186562921494,49.43820224719101,2403,0.03982505853392007,1.0902592333680223,XAU_USD,1h,6,0.04033680709529487
Neutral,"(70.0, 80.0]",-0.018453741299613583,43.85796545105566,1042,-0.05879054839490845,-1.163663730390587,XAU_USD,1h,6,0.04033680709529487
Neutral,"(80.0, 100.0]",-0.12985304601085523,38.63636363636363,132,-0.1701898531061501,-1.0309124529499476,XAU_USD,1h,6,0.04033680709529487
Alcista,"(30.0, 40.0]",0.6189529634886533,70.24793388429752,121,0.5022023243675049,4.472647718265957,XAU_USD,1d,5,0.1167506391211484
Alcista,"(40.0, 50.0]",0.01672440880950161,53.551912568306015,549,-0.10002623031164679,-1.7340441951844117,XAU_USD,1d,5,0.1167506391211484
Alcista,"(50.0, 60.0]",0.19728376685311055,54.74339035769829,643,0.08053312773196215,1.3339081477346157,XAU_USD,1d,5,0.1167506391211484
Alcista,"(60.0, 70.0]",0.18056913640769126,57.14285714285714,462,0.06381849728654286,0.8598499258195322,XAU_USD,1d,5,0.1167506391211484
Alcista,"(70.0, 80.0]",0.3898974979332894,57.14285714285714,217,0.273146858812141,2.263970124210719,XAU_USD,1d,5,0.1167506391211484
Alcista,"(80.0, 100.0]",-0.26055286644074066,56.00000000000001,25,-0.3773035055618891,-0.8989057916858777,XAU_USD,1d,5,0.1167506391211484
Bajista,"(-0.001, 20.0]",0.7108675850476851,71.42857142857143,7,0.5941169459265367,1.6272648918090031,XAU_USD,1d,5,0.1167506391211484
Bajista,"(20.0, 30.0]",0.07320133540832198,47.22222222222222,108,-0.04354930371282642,-0.3432326187653734,XAU_USD,1d,5,0.1167506391211484
Bajista,"(30.0, 40.0]",-0.13322795406849075,54.83870967741935,217,-0.24997859318963916,-2.04646850838811,XAU_USD,1d,5,0.1167506391211484
Bajista,"(40.0, 50.0]",-0.074028695243018,48.467966573816156,359,-0.1907793343641664,-2.153695784149034,XAU_USD,1d,5,0.1167506391211484
Bajista,"(50.0, 60.0]",0.06526050132738773,46.06299212598425,254,-0.051490137793760674,-0.5903540370921075,XAU_USD,1d,5,0.1167506391211484
Bajista,"(60.0, 70.0]",0.18657358534653187,58.333333333333336,72,0.06982294622538347,0.4225107384165828,XAU_USD,1d,5,0.1167506391211484
Bajista,"(70.0, 80.0]",-0.07222350740423593,40.0,5,-0.18897414652538433,-0.5272353771525188,XAU_USD,1d,5,0.1167506391211484
Neutral,"(20.0, 30.0]",0.15932567940178458,54.83870967741935,31,0.042575040280636176,0.15926861578359625,XAU_USD,1d,5,0.1167506391211484
Neutral,"(30.0, 40.0]",0.16667620318156226,62.76595744680851,94,0.04992556406041386,0.3599898119350801,XAU_USD,1d,5,0.1167506391211484
Neutral,"(40.0, 50.0]",0.04801065071382475,59.09090909090909,66,-0.06873998840732365,-0.34753635250923437,XAU_USD,1d,5,0.1167506391211484
Neutral,"(50.0, 60.0]",-0.4501457089392484,42.5,40,-0.5668963480603968,-2.1162308205095752,XAU_USD,1d,5,0.1167506391211484
Neutral,"(60.0, 70.0]",0.21783684007605647,61.165048543689316,103,0.10108620095490807,0.7388503592769249,XAU_USD,1d,5,0.1167506391211484
Neutral,"(70.0, 80.0]",0.29534194960019966,45.16129032258064,31,0.17859131047905125,0.5391848254297966,XAU_USD,1d,5,0.1167506391211484
Neutral,"(80.0, 100.0]",0.2303709786251537,60.0,5,0.11362033950400531,0.298239449060208,XAU_USD,1d,5,0.1167506391211484
Alcista,"(-0.001, 20.0]",-0.9157342090163445,61.53846153846154,13,-0.9345457708825158,-0.7454731775413356,EUR_USD,5m,6,0.01881156186617133
Alcista,"(20.0, 30.0]",0.1640837862183636,59.345794392523366,214,0.14527222435219225,1.0837043483134903,EUR_USD,5m,6,0.01881156186617133
Alcista,"(30.0, 40.0]",0.028161135976592228,52.819890842935116,4947,0.009349574110420898,0.34528145308212516,EUR_USD,5m,6,0.01881156186617133
Alcista,"(40.0, 50.0]",0.03926817915567167,51.37450409015904,28483,0.02045661728950034,2.086824790310736,EUR_USD,5m,6,0.01881156186617133
Alcista,"(50.0, 60.0]",0.03073043538223526,48.472668810289385,46028,0.011918873516063931,1.5020701863199917,EUR_USD,5m,6,0.01881156186617133
Alcista,"(60.0, 70.0]",-0.015010475208610003,44.85025858958425,24943,-0.03382203707478133,-2.9832009559536874,EUR_USD,5m,6,0.01881156186617133
Alcista,"(70.0, 80.0]",0.04477457365918107,44.2485549132948,6920,0.02596301179300974,1.2435787066787602,EUR_USD,5m,6,0.01881156186617133
Alcista,"(80.0, 100.0]",0.1770202936265472,46.294513955726664,1039,0.15820873176037586,2.436755516393965,EUR_USD,5m,6,0.01881156186617133
Bajista,"(-0.001, 20.0]",-0.27715728621521435,48.11205846528623,821,-0.2959688480813857,-4.117927973414543,EUR_USD,5m,6,0.01881156186617133
Bajista,"(20.0, 30.0]",-0.02357936057528777,53.94120153387303,7041,-0.0423909224414591,-2.0841511604218743,EUR_USD,5m,6,0.01881156186617133
Bajista,"(30.0, 40.0]",0.0023660830748712973,53.570566948130285,24870,-0.016445478791300032,-1.555968808078623,EUR_USD,5m,6,0.01881156186617133
Bajista,"(40.0, 50.0]",0.03686074998468114,52.30110670286072,47890,0.01804918811850981,2.451423028895607,EUR_USD,5m,6,0.01881156186617133
Bajista,"(50.0, 60.0]",0.018924366775273295,48.63302752293578,32700,0.00011280490910196492,0.012033305413309204,EUR_USD,5m,6,0.01881156186617133
Bajista,"(60.0, 70.0]",-0.02774287270681318,46.15247277271916,5601,-0.04655443457298451,-1.9509426467532354,EUR_USD,5m,6,0.01881156186617133
Bajista,"(70.0, 80.0]",0.16708964166740528,46.46017699115044,226,0.14827807980123395,1.064649096957966,EUR_USD,5m,6,0.01881156186617133
Bajista,"(80.0, 100.0]",-0.9138422516856117,33.33333333333333,3,-0.932653813551783,-0.27553280083743437,EUR_USD,5m,6,0.01881156186617133
Neutral,"(-0.001, 20.0]",-0.4082155338576851,54.22535211267606,142,-0.42702709572385644,-2.5878152535539263,EUR_USD,5m,6,0.01881156186617133
Neutral,"(20.0, 30.0]",-0.07329090926991974,52.1889400921659,1736,-0.09210247113609107,-1.8661090993937106,EUR_USD,5m,6,0.01881156186617133
Neutral,"(30.0, 40.0]",-0.020139234625312596,52.76177090653549,7115,-0.038950796491483926,-1.8454929991975715,EUR_USD,5m,6,0.01881156186617133
Neutral,"(40.0, 50.0]",0.04056098509371135,52.19261726339162,7206,0.021749423227540022,1.1074193655903029,EUR_USD,5m,6,0.01881156186617133
Neutral,"(50.0, 60.0]",-0.008848270269832391,48.483310064729025,7879,-0.02765983213600372,-1.424923586876849,EUR_USD,5m,6,0.01881156186617133
Neutral,"(60.0, 70.0]",-0.0009945295589737049,45.91940831420556,7842,-0.019806091425145035,-0.961902176837987,EUR_USD,5m,6,0.01881156186617133
Neutral,"(70.0, 80.0]",0.13751709979188045,44.09090909090909,1980,0.11870553792570912,2.586959043540442,EUR_USD,5m,6,0.01881156186617133
Neutral,"(80.0, 100.0]",0.5759267085646733,52.94117647058824,170,0.557115146698502,2.8530190132656448,EUR_USD,5m,6,0.01881156186617133
Alcista,"(20.0, 30.0]",-0.3454166454809114,44.73684210526316,38,-0.36751817902887884,-1.1706310861462714,EUR_USD,15m,4,0.02210153354796743
Alcista,"(30.0, 40.0]",-0.031970908099880256,52.89541918755402,1157,-0.05407244164784769,-1.3036265284129736,EUR_USD,15m,4,0.02210153354796743
Alcista,"(40.0, 50.0]",-0.013168177945866806,50.77381797529462,7043,-0.03526971149383424,-2.1093861321773244,EUR_USD,15m,4,0.02210153354796743
Alcista,"(50.0, 60.0]",0.025722657452344144,49.83364140480592,10820,0.003621123904376713,0.27445332377370896,EUR_USD,15m,4,0.02210153354796743
Alcista,"(60.0, 70.0]",0.03096669281189949,47.86827001913091,7318,0.008865159263932058,0.5262317948636371,EUR_USD,15m,4,0.02210153354796743
Alcista,"(70.0, 80.0]",0.026675869682394826,46.61134163208852,2892,0.004574336134427395,0.18297046315234772,EUR_USD,15m,4,0.02210153354796743
Alcista,"(80.0, 100.0]",0.03394628229212593,44.666666666666664,450,0.011844748744158497,0.18498527563593423,EUR_USD,15m,4,0.02210153354796743
Bajista,"(-0.001, 20.0]",-0.07837995283873549,50.326797385620914,459,-0.10048148638670291,-1.76382047432229,EUR_USD,15m,4,0.02210153354796743
Bajista,"(20.0, 30.0]",-0.02300778822229187,53.19580656070342,2957,-0.0451093217702593,-2.034582051607174,EUR_USD,15m,4,0.02210153354796743
Bajista,"(30.0, 40.0]",0.00412956120444433,51.8589990994468,7773,-0.0179719723435231,-1.2944538504963718,EUR_USD,15m,4,0.02210153354796743
Bajista,"(40.0, 50.0]",0.04293320478302772,52.394469370936726,10921,0.02083167123506029,1.5989189517366476,EUR_USD,15m,4,0.02210153354796743
Bajista,"(50.0, 60.0]",0.04167050525199966,49.59803787982014,7339,0.01956897170403223,1.2096640985656884,EUR_USD,15m,4,0.02210153354796743
Bajista,"(60.0, 70.0]",0.010360238629566233,44.199706314243755,1362,-0.011741294918401198,-0.3315778885055222,EUR_USD,15m,4,0.02210153354796743
Bajista,"(70.0, 80.0]",0.12973690655730818,47.45762711864407,59,0.10763537300934076,0.5225765089583547,EUR_USD,15m,4,0.02210153354796743
Neutral,"(-0.001, 20.0]",-0.290027183753954,50.45045045045045,111,-0.31212871730192143,-2.2249963451283374,EUR_USD,15m,4,0.02210153354796743
Neutral,"(20.0, 30.0]",-0.13161508624091126,48.95615866388309,958,-0.15371661978887868,-3.453258081094123,EUR_USD,15m,4,0.02210153354796743
Neutral,"(30.0, 40.0]",0.013419516391163634,54.2481336651262,2813,-0.008682017156803798,-0.3618786624252034,EUR_USD,15m,4,0.02210153354796743
Neutral,"(40.0, 50.0]",0.03322706151574321,51.13735783027121,2286,0.011125527967775776,0.38023389183655465,EUR_USD,15m,4,0.02210153354796743
Neutral,"(50.0, 60.0]",0.09424126379073731,50.331801939765185,1959,0.07213973024276989,2.1844733564641157,EUR_USD,15m,4,0.02210153354796743
Neutral,"(60.0, 70.0]",0.08985399468793107,49.36514043863024,2599,0.06775246113996364,2.66872605328102,EUR_USD,15m,4,0.02210153354796743
Neutral,"(70.0, 80.0]",0.05318607221476368,44.67005076142132,788,0.03108453866679625,0.6132944814169904,EUR_USD,15m,4,0.02210153354796743
Neutral,"(80.0, 100.0]",0.00941393334000396,46.05263157894737,76,-0.012687600207963471,-0.07423314038363694,EUR_USD,15m,4,0.02210153354796743
Alcista,"(20.0, 30.0]",0.10144127780611631,52.702702702702695,296,0.11082535060915918,1.4160296938215464,EUR_USD,1h,6,-0.009384072803042875
Alcista,"(30.0, 40.0]",0.08694334644715206,52.389020670959,2951,0.09632741925019493,2.7031977488727796,EUR_USD,1h,6,-0.009384072803042875
Alcista,"(40.0, 50.0]",0.0002951336083724305,50.32461144993115,10166,0.009679206411415306,0.47939662274308126,EUR_USD,1h,6,-0.009384072803042875
Alcista,"(50.0, 60.0]",-0.036262736410606324,48.785919540229884,13920,-0.026878663607563448,-1.5813153225994991,EUR_USD,1h,6,-0.009384072803042875
Alcista,"(60.0, 70.0]",-0.012928355843610845,47.35370481326143,10014,-0.0035442830405679696,-0.18307763529472612,EUR_USD,1h,6,-0.009384072803042875
Alcista,"(70.0, 80.0]",0.06285258472078327,47.04624431970061,3741,0.07223665752382614,2.5391362474285146,EUR_USD,1h,6,-0.009384072803042875
Alcista,"(80.0, 100.0]",-0.04536732251841303,44.78976234003657,547,-0.035983249715370154,-0.5426220845505727,EUR_USD,1h,6,-0.009384072803042875
Bajista,"(-0.001, 20.0]",-0.03531166041093405,47.72727272727273,528,-0.025927587607891177,-0.3711745073008258,EUR_USD,1h,6,-0.009384072803042875
Bajista,"(20.0, 30.0]",-0.08403091810552504,48.69987849331714,4115,-0.07464684530248217,-2.84926485381309,EUR_USD,1h,6,-0.009384072803042875
Bajista,"(30.0, 40.0]",-0.05971146999593792,50.24577270939835,10172,-0.05032739719289504,-2.7072790835468683,EUR_USD,1h,6,-0.009384072803042875
Bajista,"(40.0, 50.0]",0.04269300152165365,52.0005576467308,14346,0.05207707432469653,3.187239017160708,EUR_USD,1h,6,-0.009384072803042875
Bajista,"(50.0, 60.0]",0.002255273740380287,50.18264840182648,10950,0.011639346543423162,0.6194030314167666,EUR_USD,1h,6,-0.009384072803042875
Bajista,"(60.0, 70.0]",-0.06531797758446543,45.9129861568886,3034,-0.05593390478142256,-1.590813000385453,EUR_USD,1h,6,-0.009384072803042875
Bajista,"(70.0, 80.0]",-0.36222698224921734,39.37823834196891,193,-0.35284290944617447,-1.9218533354479308,EUR_USD,1h,6,-0.009384072803042875
Bajista,"(80.0, 100.0]",-2.3001797553379935,25.0,8,-2.2907956825349505,-1.8827477532381967,EUR_USD,1h,6,-0.009384072803042875
Neutral,"(-0.001, 20.0]",-0.030996183964551973,56.30252100840336,119,-0.021612111161509098,-0.11662134750586632,EUR_USD,1h,6,-0.009384072803042875
Neutral,"(20.0, 30.0]",0.026117660486806245,52.826086956521735,1380,0.035501733289849124,0.8506515119454257,EUR_USD,1h,6,-0.009384072803042875
Neutral,"(30.0, 40.0]",-0.06603462225326005,49.75288303130148,3035,-0.05665054945021718,-1.7260559186538964,EUR_USD,1h,6,-0.009384072803042875
Neutral,"(40.0, 50.0]",-0.04550630743019771,49.18585064570466,1781,-0.03612223462715483,-0.7344948500721199,EUR_USD,1h,6,-0.009384072803042875
Neutral,"(50.0, 60.0]",-0.024109361362781027,50.679611650485434,2060,-0.014725288559738151,-0.35665863351799937,EUR_USD,1h,6,-0.009384072803042875
Neutral,"(60.0, 70.0]",0.01727258427724746,47.58730158730159,3150,0.026656657080290337,0.7902816412514316,EUR_USD,1h,6,-0.009384072803042875
Neutral,"(70.0, 80.0]",0.03258841975631217,45.77814569536424,1208,0.04197249255935505,0.7814467033004524,EUR_USD,1h,6,-0.009384072803042875
Neutral,"(80.0, 100.0]",0.25752279637868386,50.920245398773,163,0.26690686918172674,1.7950636076153799,EUR_USD,1h,6,-0.009384072803042875
Alcista,"(20.0, 30.0]",-0.7904109310732413,50.0,2,-0.7939674989087675,-0.9511625181452733,EUR_USD,1d,5,0.0035565678355262103
Alcista,"(30.0, 40.0]",-0.03522783037845612,50.943396226415096,106,-0.03878439821398233,-0.27141932129826385,EUR_USD,1d,5,0.0035565678355262103
Alcista,"(40.0, 50.0]",0.12286119825477118,55.49295774647888,355,0.11930463041924497,1.6396169322027254,EUR_USD,1d,5,0.0035565678355262103
Alcista,"(50.0, 60.0]",0.07827559251599363,53.3011272141707,621,0.07471902468046741,1.2790185832136733,EUR_USD,1d,5,0.0035565678355262103
Alcista,"(60.0, 70.0]",0.11491824483324982,53.10880829015544,386,0.1113616769977236,1.5910076174606902,EUR_USD,1d,5,0.0035565678355262103
Alcista,"(70.0, 80.0]",-0.18835896987139117,45.76271186440678,118,-0.19191553770691738,-1.3128029916519564,EUR_USD,1d,5,0.0035565678355262103
Alcista,"(80.0, 100.0]",-0.8862917528023067,25.0,8,-0.8898483206378328,-2.003276555470999,EUR_USD,1d,5,0.0035565678355262103
Bajista,"(-0.001, 20.0]",0.34471758947830017,64.28571428571429,14,0.34116102164277395,0.7503213566249033,EUR_USD,1d,5,0.0035565678355262103
Bajista,"(20.0, 30.0]",-0.4680655435743241,37.704918032786885,122,-0.47162211140985033,-3.023786002354725,EUR_USD,1d,5,0.0035565678355262103
Bajista,"(30.0, 40.0]",0.015339034909708225,51.45118733509235,379,0.011782467074182014,0.1466332458639038,EUR_USD,1d,5,0.0035565678355262103
Bajista,"(40.0, 50.0]",0.04712816707142166,49.53125,640,0.04357159923589545,0.820978826832317,EUR_USD,1d,5,0.0035565678355262103
Bajista,"(50.0, 60.0]",-0.024992595718504065,48.03695150115473,433,-0.028549163554030275,-0.38336917023709893,EUR_USD,1d,5,0.0035565678355262103
Bajista,"(60.0, 70.0]",-0.242531310591339,41.32231404958678,121,-0.24608787842686522,-1.6244920338532953,EUR_USD,1d,5,0.0035565678355262103
Bajista,"(70.0, 80.0]",0.004855542915994421,55.55555555555556,9,0.0012989750804682106,0.002872350863342469,EUR_USD,1d,5,0.0035565678355262103
Neutral,"(-0.001, 20.0]",0.47719093394532297,80.0,5,0.47363436610979676,0.8631353467051853,EUR_USD,1d,5,0.0035565678355262103
Neutral,"(20.0, 30.0]",-0.7406044115900663,30.23255813953488,43,-0.7441609794255925,-4.0519190274852495,EUR_USD,1d,5,0.0035565678355262103
Neutral,"(30.0, 40.0]",-0.053069372170419245,47.95918367346938,98,-0.05662594000594545,-0.41061042768181466,EUR_USD,1d,5,0.0035565678355262103
Neutral,"(40.0, 50.0]",0.025144359002070384,49.333333333333336,75,0.021587791166544173,0.15312226182117153,EUR_USD,1d,5,0.0035565678355262103
Neutral,"(50.0, 60.0]",0.4588968328890846,63.934426229508205,61,0.4553402650535584,1.964036410176283,EUR_USD,1d,5,0.0035565678355262103
Neutral,"(60.0, 70.0]",-0.2192653501029209,39.44954128440367,109,-0.2228219179384471,-1.5287288267695496,EUR_USD,1d,5,0.0035565678355262103
Neutral,"(70.0, 80.0]",-0.012249798814107093,55.55555555555556,36,-0.015806366649633304,-0.06040100132753381,EUR_USD,1d,5,0.0035565678355262103
Neutral,"(80.0, 100.0]",-3.0929424116792545,0.0,1,-3.096498979514781,,EUR_USD,1d,5,0.0035565678355262103
Alcista,"(20.0, 30.0]",-0.08974622689243951,40.64516129032258,155,-0.09293280046052531,-0.5115139752133927,WTICO_USD,5m,6,0.0031865735680858035
Alcista,"(30.0, 40.0]",-0.09206887763303043,51.51327980234712,3238,-0.09525545120111623,-2.808533366380978,WTICO_USD,5m,6,0.0031865735680858035
Alcista,"(40.0, 50.0]",-0.019352841455512894,52.24115334207078,22890,-0.022539415023598696,-1.9402886531416401,WTICO_USD,5m,6,0.0031865735680858035
Alcista,"(50.0, 60.0]",0.012065467034536382,50.26073765051673,42188,0.008878893466450578,1.0773087030526098,WTICO_USD,5m,6,0.0031865735680858035
Alcista,"(60.0, 70.0]",0.02345000059112106,48.31173708920188,26625,0.020263427023035258,1.9672668042928716,WTICO_USD,5m,6,0.0031865735680858035
Alcista,"(70.0, 80.0]",0.1094359158404461,49.66496308915389,8805,0.1062493422723603,5.852190763716427,WTICO_USD,5m,6,0.0031865735680858035
Alcista,"(80.0, 100.0]",0.091396435390246,49.12718204488778,1203,0.0882098618221602,1.8454038687324936,WTICO_USD,5m,6,0.0031865735680858035
Bajista,"(-0.001, 20.0]",-0.11610684233643272,51.5600624024961,1282,-0.11929341590451852,-2.245890441611486,WTICO_USD,5m,6,0.0031865735680858035
Bajista,"(20.0, 30.0]",-0.06789860418692467,53.08195981034094,8858,-0.07108517775501047,-3.8576439671034035,WTICO_USD,5m,6,0.0031865735680858035
Bajista,"(30.0, 40.0]",-0.05359582856676505,51.98057658484362,26154,-0.056782402134850855,-5.297017728932502,WTICO_USD,5m,6,0.0031865735680858035
Bajista,"(40.0, 50.0]",0.019351944251945186,51.33846804114028,42586,0.016165370683859384,1.9916365736497474,WTICO_USD,5m,6,0.0031865735680858035
Bajista,"(50.0, 60.0]",0.016145560485112852,48.63983033565806,24519,0.012958986917027049,1.2066187538131687,WTICO_USD,5m,6,0.0031865735680858035
Bajista,"(60.0, 70.0]",0.07373032459918566,47.5652610441767,3984,0.07054375103109986,2.4461868232429476,WTICO_USD,5m,6,0.0031865735680858035
Bajista,"(70.0, 80.0]",-0.05266947908874382,45.0,160,-0.05585605265682963,-0.3258848081510736,WTICO_USD,5m,6,0.0031865735680858035
Bajista,"(80.0, 100.0]",0.9739506851037667,100.0,1,0.9707641115356809,,WTICO_USD,5m,6,0.0031865735680858035
Neutral,"(-0.001, 20.0]",-0.11021654538748457,51.66666666666667,240,-0.11340311895557037,-0.8246641078972089,WTICO_USD,5m,6,0.0031865735680858035
Neutral,"(20.0, 30.0]",-0.0025921284042092893,54.908095424325374,2557,-0.005778701972295092,-0.14121449809293474,WTICO_USD,5m,6,0.0031865735680858035
Neutral,"(30.0, 40.0]",0.019926834858542027,54.10297175003057,8177,0.016740261290456224,0.7641475015669833,WTICO_USD,5m,6,0.0031865735680858035
Neutral,"(40.0, 50.0]",-0.03375348205227736,50.92154420921544,8030,-0.03694005562036316,-1.9243622256851434,WTICO_USD,5m,6,0.0031865735680858035
Neutral,"(50.0, 60.0]",0.035432276884663765,49.425989252564726,8188,0.03224570331657796,1.697286728758708,WTICO_USD,5m,6,0.0031865735680858035
Neutral,"(60.0, 70.0]",-0.011911789270897331,46.86592449177154,8264,-0.015098362838983135,-0.7483849646522336,WTICO_USD,5m,6,0.0031865735680858035
Neutral,"(70.0, 80.0]",-0.041792771593841684,45.511744966442954,2384,-0.04497934516192749,-1.1541522975642142,WTICO_USD,5m,6,0.0031865735680858035
Neutral,"(80.0, 100.0]",0.23994740003617945,50.0,174,0.23676082646809365,1.517566239179749,WTICO_USD,5m,6,0.0031865735680858035
Alcista,"(-0.001, 20.0]",-0.1374163449719161,0.0,1,-0.141924656881594,,WTICO_USD,15m,4,0.0045083119096779025
Alcista,"(20.0, 30.0]",0.42061544230344494,60.17699115044248,113,0.41610713039376707,1.9869823918542446,WTICO_USD,15m,4,0.0045083119096779025
Alcista,"(30.0, 40.0]",0.12117515553695331,56.19684082624544,1646,0.1166668436272754,2.5835493000740035,WTICO_USD,15m,4,0.0045083119096779025
Alcista,"(40.0, 50.0]",-0.020252271722707785,51.9486474094452,6543,-0.024760583632385688,-1.1151543177481904,WTICO_USD,15m,4,0.0045083119096779025
Alcista,"(50.0, 60.0]",-0.02482017658864791,50.81481481481481,9450,-0.029328488498325814,-1.6594550792004081,WTICO_USD,15m,4,0.0045083119096779025
Alcista,"(60.0, 70.0]",0.04718800578115132,50.883747664894386,6959,0.04267969387147342,2.0679553420112975,WTICO_USD,15m,4,0.0045083119096779025
Alcista,"(70.0, 80.0]",0.09639475205505534,50.39796243234639,3141,0.09188644014537743,3.498696877945252,WTICO_USD,15m,4,0.0045083119096779025
Alcista,"(80.0, 100.0]",0.23823519325369655,55.21557719054242,719,0.23372688134401864,4.433994157298627,WTICO_USD,15m,4,0.0045083119096779025
Bajista,"(-0.001, 20.0]",-0.2856911287336035,43.50132625994695,754,-0.2901994406432814,-5.59077249506831,WTICO_USD,15m,4,0.0045083119096779025
Bajista,"(20.0, 30.0]",-0.10907851953528337,50.357535753575355,3636,-0.11358683144496128,-4.161106239727197,WTICO_USD,15m,4,0.0045083119096779025
Bajista,"(30.0, 40.0]",-0.03321204984084794,51.20731533076154,6999,-0.037720361750525844,-1.8721553955740708,WTICO_USD,15m,4,0.0045083119096779025
Bajista,"(40.0, 50.0]",0.0018600488107983525,50.87938273005786,8813,-0.00264826309887955,-0.14387059677206096,WTICO_USD,15m,4,0.0045083119096779025
Bajista,"(50.0, 60.0]",0.03724183104622345,50.104785190359756,5726,0.03273351913654555,1.437192984925254,WTICO_USD,15m,4,0.0045083119096779025
Bajista,"(60.0, 70.0]",-0.04952990629856323,48.045112781954884,1330,-0.05403821820824113,-1.0050920496258995,WTICO_USD,15m,4,0.0045083119096779025
Bajista,"(70.0, 80.0]",-0.4297737491315033,44.0,100,-0.43428206104118117,-2.296834087894507,WTICO_USD,15m,4,0.0045083119096779025
Bajista,"(80.0, 100.0]",-2.023922409188814,0.0,2,-2.028430721098492,-2.492003605267789,WTICO_USD,15m,4,0.0045083119096779025
Neutral,"(-0.001, 20.0]",-0.0923646634699036,52.331606217616574,193,-0.0968729753795815,-0.886981185922006,WTICO_USD,15m,4,0.0045083119096779025
Neutral,"(20.0, 30.0]",-0.03844586649205257,52.3168908819133,1338,-0.04295417840173047,-0.9353835363227305,WTICO_USD,15m,4,0.0045083119096779025
Neutral,"(30.0, 40.0]",-0.007099671219638281,55.204932898077615,2757,-0.011607983129316183,-0.3234779929822457,WTICO_USD,15m,4,0.0045083119096779025
Neutral,"(40.0, 50.0]",0.06515839552128812,54.23728813559322,1888,0.060650083611610214,1.4985538009366925,WTICO_USD,15m,4,0.0045083119096779025
Neutral,"(50.0, 60.0]",-0.08417474840091259,49.56063268892794,1707,-0.08868306031059049,-2.0155109831198166,WTICO_USD,15m,4,0.0045083119096779025
Neutral,"(60.0, 70.0]",0.07112657211315045,52.74926686217009,2728,0.06661826020347254,2.070810399066558,WTICO_USD,15m,4,0.0045083119096779025
Neutral,"(70.0, 80.0]",0.10904628612829742,49.35842600513259,1169,0.10453797421861952,1.865964112316463,WTICO_USD,15m,4,0.0045083119096779025
Neutral,"(80.0, 100.0]",0.681412250807283,61.951219512195124,205,0.676903938897605,4.882025513919366,WTICO_USD,15m,4,0.0045083119096779025
Alcista,"(-0.001, 20.0]",0.7378327989606994,100.0,5,0.7364063482770052,3.2429707819145865,WTICO_USD,1h,6,0.0014264506836942337
Alcista,"(20.0, 30.0]",-0.21663803157520511,50.71633237822349,349,-0.21806448225889935,-1.7508194982907224,WTICO_USD,1h,6,0.0014264506836942337
Alcista,"(30.0, 40.0]",-0.0747169518002847,51.46757679180888,2930,-0.07614340248397894,-1.8351070972759305,WTICO_USD,1h,6,0.0014264506836942337
Alcista,"(40.0, 50.0]",0.00468128760101086,51.50223304912708,9852,0.0032548369173166264,0.15123105118475377,WTICO_USD,1h,6,0.0014264506836942337
Alcista,"(50.0, 60.0]",0.04319165842622474,51.09940937878034,14053,0.0417652077425305,2.3933488917350108,WTICO_USD,1h,6,0.0014264506836942337
Alcista,"(60.0, 70.0]",0.06675007217836453,50.76728651381116,11078,0.06532362149467029,3.5635351862705567,WTICO_USD,1h,6,0.0014264506836942337
Alcista,"(70.0, 80.0]",0.0857362892794044,50.190029063268504,4473,0.08430983859571016,3.031261316103617,WTICO_USD,1h,6,0.0014264506836942337
Alcista,"(80.0, 100.0]",-0.025678437238747638,47.134670487106014,698,-0.02710488792244187,-0.4612937934919328,WTICO_USD,1h,6,0.0014264506836942337
Bajista,"(-0.001, 20.0]",-0.3587716976825413,52.72435897435898,624,-0.36019814836623554,-3.462011933043859,WTICO_USD,1h,6,0.0014264506836942337
Bajista,"(20.0, 30.0]",-0.030972032913107652,53.79291251384275,3612,-0.032398483596801884,-0.9553370908950315,WTICO_USD,1h,6,0.0014264506836942337
Bajista,"(30.0, 40.0]",-0.11004901419939016,50.20115254974448,9197,-0.1114754648830844,-5.424759298033486,WTICO_USD,1h,6,0.0014264506836942337
Bajista,"(40.0, 50.0]",-0.00915517051398616,50.840685866489096,12014,-0.010581621197680394,-0.5736334497640468,WTICO_USD,1h,6,0.0014264506836942337
Bajista,"(50.0, 60.0]",-0.04781217566398801,49.309551208285384,8690,-0.049238626347682245,-2.1890599818545633,WTICO_USD,1h,6,0.0014264506836942337
Bajista,"(60.0, 70.0]",0.047524535797377226,46.719254212979564,2789,0.04609808511368299,1.1764970433325417,WTICO_USD,1h,6,0.0014264506836942337
Bajista,"(70.0, 80.0]",-0.01995080817285869,47.599999999999994,250,-0.021377258856552922,-0.17459918555183793,WTICO_USD,1h,6,0.0014264506836942337
Bajista,"(80.0, 100.0]",2.1534001617139182,100.0,1,2.151973711030224,,WTICO_USD,1h,6,0.0014264506836942337
Neutral,"(-0.001, 20.0]",-0.13027522029418837,55.80524344569289,267,-0.1317016709778826,-1.2940504346551838,WTICO_USD,1h,6,0.0014264506836942337
Neutral,"(20.0, 30.0]",-0.08567340086209559,52.828854314002825,1414,-0.08709985154578982,-1.716166723179394,WTICO_USD,1h,6,0.0014264506836942337
Neutral,"(30.0, 40.0]",-0.05938566979319633,51.07681263460157,2786,-0.060812120476890566,-1.7470815599750236,WTICO_USD,1h,6,0.0014264506836942337
Neutral,"(40.0, 50.0]",0.020579629224518947,50.85043988269795,1705,0.019153178540824715,0.35815675497989713,WTICO_USD,1h,6,0.0014264506836942337
Neutral,"(50.0, 60.0]",0.18406624674783115,54.0625,1600,0.1826397960641369,3.5592462540963834,WTICO_USD,1h,6,0.0014264506836942337
Neutral,"(60.0, 70.0]",0.10458217375487075,50.47111839410078,2441,0.10315572307117651,2.579564751456013,WTICO_USD,1h,6,0.0014264506836942337
Neutral,"(70.0, 80.0]",0.08082591464981058,49.326718639262936,1411,0.07939946396611634,1.701825736051892,WTICO_USD,1h,6,0.0014264506836942337
Neutral,"(80.0, 100.0]",0.18773998169096254,51.533742331288344,163,0.1863135310072683,1.8091505784776754,WTICO_USD,1h,6,0.0014264506836942337
Alcista,"(20.0, 30.0]",-0.6695407413625447,0.0,1,-0.6646748021577178,,WTICO_USD,1d,5,-0.004865939204826908
Alcista,"(30.0, 40.0]",0.16406298398263675,52.72727272727272,110,0.16892892318746366,1.3559795146949667,WTICO_USD,1d,5,-0.004865939204826908
Alcista,"(40.0, 50.0]",0.025630876437723823,53.01724137931034,464,0.03049681564255073,0.41879684792073396,WTICO_USD,1d,5,-0.004865939204826908
Alcista,"(50.0, 60.0]",0.06198018593998384,54.58786936236392,643,0.06684612514481075,1.1112048538993868,WTICO_USD,1d,5,-0.004865939204826908
Alcista,"(60.0, 70.0]",-0.04966523590729858,50.191570881226056,522,-0.04479929670247167,-0.679880994016328,WTICO_USD,1d,5,-0.004865939204826908
Alcista,"(70.0, 80.0]",-0.19669706357838673,46.09375,128,-0.1918311243735598,-1.5583619845197372,WTICO_USD,1d,5,-0.004865939204826908
Alcista,"(80.0, 100.0]",-0.8586446050122776,0.0,3,-0.8537786658074507,-50.12750555797324,WTICO_USD,1d,5,-0.004865939204826908
Bajista,"(-0.001, 20.0]",0.3406706587644704,57.14285714285714,14,0.3455365979692973,0.7468301713216341,WTICO_USD,1d,5,-0.004865939204826908
Bajista,"(20.0, 30.0]",-0.35822920050998924,38.666666666666664,150,-0.3533632613051623,-3.0672151626479955,WTICO_USD,1d,5,-0.004865939204826908
Bajista,"(30.0, 40.0]",-0.3467157429030141,39.189189189189186,296,-0.3418498036981872,-3.518158846319019,WTICO_USD,1d,5,-0.004865939204826908
Bajista,"(40.0, 50.0]",0.07892094974554216,57.42857142857143,350,0.08378688895036907,1.0144939634734709,WTICO_USD,1d,5,-0.004865939204826908
Bajista,"(50.0, 60.0]",0.25265491389053646,58.769230769230774,325,0.2575208530953634,3.9222624358228617,WTICO_USD,1d,5,-0.004865939204826908
Bajista,"(60.0, 70.0]",0.24479883255159823,63.47826086956522,115,0.24966477175642515,2.5961636062465994,WTICO_USD,1d,5,-0.004865939204826908
Bajista,"(70.0, 80.0]",-0.3093996437624564,33.33333333333333,6,-0.30453370455762946,-0.8611968724995183,WTICO_USD,1d,5,-0.004865939204826908
Neutral,"(-0.001, 20.0]",0.14147421210035319,25.0,4,0.1463401513051801,0.1436269933619096,WTICO_USD,1d,5,-0.004865939204826908
Neutral,"(20.0, 30.0]",-0.5201605897864917,32.467532467532465,77,-0.5152946505816648,-2.8645484359486963,WTICO_USD,1d,5,-0.004865939204826908
Neutral,"(30.0, 40.0]",-0.43567935759262155,38.35616438356164,146,-0.43081341838779463,-3.3843642510009158,WTICO_USD,1d,5,-0.004865939204826908
Neutral,"(40.0, 50.0]",0.5462177193239978,65.75342465753424,73,0.5510836585288247,3.0290087533133994,WTICO_USD,1d,5,-0.004865939204826908
Neutral,"(50.0, 60.0]",0.03231889842238117,58.16326530612245,98,0.037184837627208076,0.26444793068797723,WTICO_USD,1d,5,-0.004865939204826908
Neutral,"(60.0, 70.0]",0.22642208558351604,63.07692307692307,130,0.23128802478834296,1.8992390577959908,WTICO_USD,1d,5,-0.004865939204826908
Neutral,"(70.0, 80.0]",0.31893083875618816,60.0,40,0.3237967779610151,2.280967302162964,WTICO_USD,1d,5,-0.004865939204826908
