entry_time,exit_time,bars,R,pts,R_gross,inst
2005-12-30,2006-01-04,3,0.6331267242961538,24.700000000000045,0.658759385198832,NAS100_USD
2006-01-18,2006-01-20,3,-1.023799361304279,-43.01793431406486,-0.9999999999999976,NAS100_USD
2006-01-23,2006-01-27,5,0.4606306928818926,22.100000000000136,0.4814737106593537,NAS100_USD
2006-03-08,2006-03-15,6,0.49699701522011946,23.700000000000045,0.5179673534150612,NAS100_USD
2006-04-12,2006-04-19,5,0.5900038282928789,27.200000000000045,0.6116951455095289,NAS100_USD
2006-05-02,2006-05-05,4,0.3385035734831441,16.300000000000182,0.35927066388088275,NAS100_USD
2006-05-12,2006-05-17,4,-1.0223950433754123,-45.65273780616758,-1.0000000000000009,NAS100_USD
2006-10-03,2006-10-05,3,1.0944018288551125,50.69999999999982,1.1159876637437736,NAS100_USD
2006-11-28,2006-11-30,3,0.39642784355905436,18.200000000000045,0.4182095932051562,NAS100_USD
2006-12-22,2007-01-03,7,0.01602429722832657,0.7999999999999545,0.03605466876373592,NAS100_USD
2007-01-19,2007-01-25,5,0.35602554634830114,18.0,0.3758047433676512,NAS100_USD
2007-02-13,2007-02-15,3,0.7977117676349367,37.5,0.818984081438535,NAS100_USD
2007-02-28,2007-03-07,6,0.030025283032618793,1.599999999999909,0.0487910849280066,NAS100_USD
2007-05-25,2007-05-30,4,0.48602974823347106,22.90000000000009,0.5072537547065483,NAS100_USD
2007-06-08,2007-06-14,5,0.5780755964614115,26.59999999999991,0.5998077617419157,NAS100_USD
2007-07-25,2007-07-26,2,-1.0213570035326849,-47.823047927563266,-1.0000000000000009,NAS100_USD
2007-07-27,2007-07-31,3,-1.0186978384568495,-54.48211785590911,-0.9999999999999996,NAS100_USD
2007-08-16,2007-08-21,4,0.3040562408135438,23.09999999999991,0.31721884864097,NAS100_USD
2007-11-09,2007-11-12,2,-1.011083934461453,-91.22067060010977,-0.9999999999999996,NAS100_USD
2007-11-13,2007-11-19,5,0.6997693820361486,68.20000000000005,0.7100299301598457,NAS100_USD
2007-12-18,2007-12-21,4,0.5721684664820905,51.5,0.5832785337924223,NAS100_USD
2008-01-03,2008-01-04,2,-1.012267254799491,-82.51783070825059,-0.9999999999999987,NAS100_USD
2008-05-22,2008-05-28,5,0.34842258539253806,28.200000000000045,0.3607779962220607,NAS100_USD
2008-06-12,2008-06-16,3,0.48866507990511676,41.30000000000018,0.5004971641643206,NAS100_USD
2008-08-21,2008-08-25,3,0.1514272233220396,13.099999999999909,0.16298655334662285,NAS100_USD
2009-06-16,2009-06-22,5,0.07815290219379124,5.400000000000091,0.0926256618593079,NAS100_USD
2009-07-03,2009-07-14,8,-0.09362791700640588,-5.899999999999864,-0.0777587785307435,NAS100_USD
2009-08-18,2009-08-20,3,0.5028667763393198,32.19999999999982,0.5184837569709757,NAS100_USD
2009-09-02,2009-09-07,4,0.5836350358070619,38.399999999999864,0.5988338648645375,NAS100_USD
2009-09-25,2009-09-29,3,0.43353085380407036,23.90000000000009,0.451670220072023,NAS100_USD
2009-10-02,2009-10-07,4,0.5075718613815424,31.399999999999864,0.5237365703427381,NAS100_USD
2009-10-28,2009-10-30,3,-1.0165486626213185,-61.42784380120929,-0.9999999999999991,NAS100_USD
2009-11-23,2009-11-24,2,0.4477652593984398,26.200000000000045,0.4648555364747161,NAS100_USD
2010-01-25,2010-01-29,5,-1.016393451789448,-61.99996589148623,-1.0000000000000009,NAS100_USD
2010-02-01,2010-02-04,4,0.7058758665181133,49.399999999999864,0.7201648516703019,NAS100_USD
2010-05-07,2010-05-11,3,0.6287746828559462,59.90000000000009,0.6392717560254945,NAS100_USD
2010-05-20,2010-05-21,2,-1.0093081563479303,-108.43266041317929,-0.9999999999999998,NAS100_USD
2010-06-24,2010-06-29,4,-1.0109373799496433,-92.42957496257554,-1.0000000000000009,NAS100_USD
2010-10-05,2010-10-06,2,0.6264562532865038,40.799999999999955,0.6418105732199966,NAS100_USD
2010-11-11,2010-11-12,2,0.2975878644146086,17.5,0.31459288523830053,NAS100_USD
2010-11-17,2010-11-19,3,0.6076387621041537,38.90000000000009,0.6232592958343376,NAS100_USD
2010-12-01,2010-12-02,2,0.6426415205148911,42.90000000000009,0.6576215093380819,NAS100_USD
2011-02-23,2011-02-28,4,0.4773413464767248,26.200000000000273,0.4955604818384317,NAS100_USD
2011-03-11,2011-03-16,4,-1.0135456714417899,-74.82432124516572,-1.0000000000000022,NAS100_USD
2011-03-17,2011-03-22,4,0.704946658224005,59.59999999999991,0.7167746222881662,NAS100_USD
2011-04-12,2011-04-18,5,0.037218226071754124,2.599999999999909,0.051532928407044674,NAS100_USD
2011-05-06,2011-05-10,3,0.11605798480803849,7.200000000000273,0.1321771493647099,NAS100_USD
2011-05-24,2011-05-27,4,0.17798095819022905,11.699999999999818,0.19319300589879587,NAS100_USD
2011-06-09,2011-06-15,5,-0.02671616090276426,-1.699999999999818,-0.01100077213643066,NAS100_USD
2011-07-14,2011-07-18,3,0.29878722798198387,22.40000000000009,0.3121259435168938,NAS100_USD
2011-07-28,2011-08-03,5,-1.0118605920047916,-85.31282347423075,-0.9999999999999984,NAS100_USD
2012-04-24,2012-04-26,3,0.6044716488562677,50.0,0.6165610818333931,NAS100_USD
2012-05-07,2012-05-17,9,-1.0118358894564128,-85.48879179573487,-1.0000000000000022,NAS100_USD
2012-05-18,2012-05-22,3,0.35214259992912517,31.300000000000182,0.3633931622271802,NAS100_USD
2012-07-11,2012-07-16,4,-0.02237388111058223,-1.900000000000091,-0.010598154210276357,NAS100_USD
2012-07-25,2012-07-27,3,0.5739124346109684,53.59999999999991,0.5846197561522178,NAS100_USD
2012-08-31,2012-09-03,2,0.26494412620036756,16.59999999999991,0.2809046157305103,NAS100_USD
2012-09-26,2012-10-04,7,0.08425586588352352,5.199999999999818,0.10045891701497092,NAS100_USD
2012-10-10,2012-10-17,6,0.42346964126024583,29.40000000000009,0.43787337055481196,NAS100_USD
2012-10-22,2012-11-02,10,0.24462337755810287,18.09999999999991,0.2581384812905948,NAS100_USD
2012-12-06,2012-12-07,2,0.24978742973362317,18.59999999999991,0.263216861439732,NAS100_USD
2013-03-20,2013-03-21,2,0.15108079414119324,9.199999999999818,0.16750261959132326,NAS100_USD
2013-05-27,2013-05-29,3,0.12077723566266521,8.400000000000091,0.13515547800345853,NAS100_USD
2013-06-06,2013-06-10,3,0.5303498380269991,39.40000000000009,0.5438104938144863,NAS100_USD
2013-06-13,2013-06-14,2,0.5078325876275097,40.20000000000027,0.5204652390610298,NAS100_USD
2013-06-24,2013-06-27,4,0.20817903249104408,18.59999999999991,0.21937145359271318,NAS100_USD
2013-08-16,2013-08-23,6,0.47366352387163996,30.600000000000364,0.48914272399816394,NAS100_USD
2013-10-10,2013-10-11,2,0.7347821609501555,57.59999999999991,0.7475387956888735,NAS100_USD
2013-11-08,2013-11-11,2,0.48701538890577434,37.19999999999982,0.5001072004354995,NAS100_USD
2013-12-13,2013-12-19,5,0.8882828622934031,54.40000000000009,0.904611591379679,NAS100_USD
2014-01-07,2014-01-08,2,0.4768764992000547,30.0,0.49277238250672317,NAS100_USD
2014-01-27,2014-02-03,6,-0.18640539858234392,-14.599999999999909,-0.17363790552875866,NAS100_USD
2014-03-17,2014-03-19,3,0.8058341800918617,72.20000000000027,0.8169953183202808,NAS100_USD
2014-03-28,2014-04-02,4,0.8186509330980539,88.69999999999982,0.8278803686459463,NAS100_USD
2014-04-07,2014-04-10,4,0.43643341958803383,51.59999999999991,0.4448914315955539,NAS100_USD
2014-07-09,2014-07-10,2,0.35153378386059386,22.59999999999991,0.3670883760668149,NAS100_USD
2014-07-18,2014-07-21,2,0.7764112339557329,57.19999999999982,0.789984856926987,NAS100_USD
2014-08-01,2014-08-12,8,0.1719601278102458,13.800000000000182,0.18442100663707506,NAS100_USD
2014-09-16,2014-09-18,3,0.5709246934303749,41.69999999999982,0.5846159330809835,NAS100_USD
2014-10-03,2014-10-06,2,0.3931802736506151,38.69999999999982,0.4033399706441711,NAS100_USD
2014-10-14,2014-10-21,6,0.6006652903691991,77.40000000000009,0.6084258238365015,NAS100_USD
2014-12-09,2014-12-12,4,-1.0118862683121228,-85.13069381754303,-1.0000000000000042,NAS100_USD
2014-12-15,2014-12-16,2,-1.0098544676889196,-102.47681554880364,-1.0000000000000013,NAS100_USD
2014-12-17,2014-12-19,3,1.5263323866134964,175.99999999999955,1.5350047297192548,NAS100_USD
2015-01-02,2015-01-06,3,-1.0100163320848936,-100.83694545316666,-1.0000000000000033,NAS100_USD
2015-01-07,2015-01-09,3,1.1322076865865078,126.39999999999964,1.1411650258791226,NAS100_USD
2015-01-16,2015-01-21,4,0.6632657436748649,92.39999999999964,0.6704439443639868,NAS100_USD
2015-01-29,2015-01-30,2,0.5267079750166671,78.80000000000018,0.5333920863747467,NAS100_USD
2015-03-11,2015-03-17,5,0.195612776569387,19.100000000000364,0.20585428319605628,NAS100_USD
2015-03-26,2015-03-31,4,0.3845606413850729,41.099999999999454,0.3939173479881162,NAS100_USD
2015-04-06,2015-04-07,2,0.6314229295899422,67.30000000000018,0.6408051425110408,NAS100_USD
2015-05-01,2015-05-04,2,0.4822964852954897,55.099999999999454,0.4910495975513063,NAS100_USD
2015-05-27,2015-05-28,2,0.5573571844744913,57.19999999999982,0.5671011911960734,NAS100_USD
2015-06-09,2015-06-11,3,0.44907656961504333,46.399999999999636,0.4587549439601952,NAS100_USD
2015-06-29,2015-07-07,7,0.24138410839330965,24.599999999999454,0.2511964705231192,NAS100_USD
2015-07-09,2015-07-13,3,0.24250062408177675,29.0,0.25086271456735526,NAS100_USD
2015-07-28,2015-07-31,4,0.5304230157474565,66.10000000000036,0.5384475696921986,NAS100_USD
2015-08-21,2015-08-21,1,-1.0072457477507966,-139.0119808738873,-0.9999999999999997,NAS100_USD
2015-11-10,2015-11-13,4,-1.0074721309679047,-134.83063068561296,-1.0000000000000013,NAS100_USD
2015-11-16,2015-11-19,4,1.2861791039220987,174.59999999999945,1.2935455363615151,NAS100_USD
2015-12-04,2015-12-07,2,0.807739749095199,101.89999999999964,0.8156665376044747,NAS100_USD
2015-12-14,2015-12-16,3,0.48952939654372096,71.89999999999964,0.49633787215629016,NAS100_USD
2016-01-05,2016-01-07,3,-1.006833445819802,-147.33905446389235,-1.0000000000000004,NAS100_USD
2016-04-25,2016-04-28,4,-1.008125680923532,-124.06660936000571,-1.0000000000000029,NAS100_USD
2016-06-13,2016-06-21,7,-0.5263091511870324,-50.599999999999454,-0.5159077845627826,NAS100_USD
2016-09-12,2016-09-13,2,1.039757577201703,92.69999999999982,1.0509739480453029,NAS100_USD
2016-10-31,2016-11-03,4,-1.0097195439961475,-103.88548520345012,-0.9999999999999992,NAS100_USD
2016-11-04,2016-11-08,3,0.9427443049281811,103.59999999999945,0.9518441534313489,NAS100_USD
2016-12-02,2016-12-07,4,0.39859390965601155,52.399999999999636,0.4062006636570805,NAS100_USD
2017-01-03,2017-01-05,3,0.4839259648615509,52.0,0.4932322334165807,NAS100_USD
2017-03-22,2017-03-27,4,0.27979535180091886,22.899999999999636,0.29201348943414696,NAS100_USD
2017-04-13,2017-04-18,3,0.26649936375053046,24.800000000000182,0.2772453058372453,NAS100_USD
2017-05-18,2017-05-22,3,0.8335772619733508,76.10000000000036,0.8445309710662988,NAS100_USD
2017-06-12,2017-06-20,7,0.16509658239638242,18.800000000000182,0.17387831550257288,NAS100_USD
2017-06-28,2017-06-29,2,0.6464438593903394,91.30000000000018,0.6535242959663563,NAS100_USD
2017-08-11,2017-08-15,3,1.0615192791231702,146.30000000000018,1.0687750499989266,NAS100_USD
2017-09-22,2017-09-28,5,-0.07987182844145505,-9.5,-0.07146426755288082,NAS100_USD
2017-11-16,2017-11-17,2,0.7001918516017588,77.80000000000018,0.7091917468665628,NAS100_USD
2017-11-30,2017-12-08,7,0.13618669825531055,15.199999999999818,0.14514634945631794,NAS100_USD
2017-12-28,2018-01-03,4,0.5014637772864396,59.399999999999636,0.509905928419208,NAS100_USD
2018-02-05,2018-02-05,1,-1.0058106208317816,-173.0986498603379,-0.9999999999999999,NAS100_USD
2018-02-06,2018-02-09,4,-1.0045370838493881,-221.40588915602802,-0.9999999999999993,NAS100_USD
2018-03-20,2018-03-23,4,-1.0039138402207257,-256.50353197981804,-1.0000000000000004,NAS100_USD
2018-03-26,2018-03-27,2,0.8642115517294572,233.19999999999982,0.8679174331691204,NAS100_USD
2018-04-25,2018-04-27,3,0.7259751979810144,217.79999999999927,0.7293084174391458,NAS100_USD
2018-06-26,2018-07-03,6,0.21631673456195633,44.30000000000018,0.22119973082746322,NAS100_USD
2018-07-31,2018-08-03,4,0.8134837726479013,179.69999999999982,0.8180106717722636,NAS100_USD
2018-09-06,2018-09-12,5,-0.10218784936348965,-17.0,-0.09617679940093143,NAS100_USD
2018-10-05,2018-10-08,2,-1.0052300158046434,-192.2040111068527,-1.0000000000000002,NAS100_USD
2018-10-09,2018-10-10,2,-1.004670127244626,-215.12692794417399,-1.0000000000000007,NAS100_USD
2019-03-08,2019-03-12,3,0.7961784200035158,148.20000000000073,0.8015507440251319,NAS100_USD
2019-05-10,2019-05-13,2,-1.0045188220171508,-222.2966114186902,-0.9999999999999984,NAS100_USD
2019-05-14,2019-05-16,3,0.8058370842076781,211.80000000000018,0.8096417918762696,NAS100_USD
2019-05-29,2019-06-03,4,-1.0040472736942243,-248.0799050300693,-0.9999999999999986,NAS100_USD
2019-08-01,2019-08-05,3,-1.0047059178724491,-213.49839608441562,-1.000000000000002,NAS100_USD
2019-09-23,2019-10-01,7,-0.3602673272637454,-90.39999999999964,-0.3562820692187924,NAS100_USD
2019-10-03,2019-10-07,3,0.5150216761748627,140.90000000000055,0.5186769045366432,NAS100_USD
2019-12-03,2019-12-09,5,0.559793459235379,95.39999999999964,0.565661315202207,NAS100_USD
2020-01-28,2020-01-29,2,0.8084950970291422,169.79999999999927,0.8132565522531066,NAS100_USD
2020-02-25,2020-02-26,2,-1.0031509365243991,-318.3659615979668,-1.0000000000000002,NAS100_USD
2020-02-27,2020-02-27,1,-1.0026649318319383,-376.24411994926777,-1.0000000000000013,NAS100_USD
2020-02-28,2020-03-03,3,1.1613019831329292,493.7999999999993,1.1636537489958958,NAS100_USD
2006-01-03,2006-01-04,2,0.9596873476394053,19.5,0.9842947155275952,SPX500_USD
2006-03-08,2006-03-13,4,0.23927794147771222,5.400000000000091,0.26143330642935186,SPX500_USD
2006-03-29,2006-03-30,2,0.36266738601500603,7.900000000000091,0.38562101804127197,SPX500_USD
2006-05-12,2006-05-15,2,-1.0209084980728242,-24.41372150493453,-0.9999999999999991,SPX500_USD
2006-08-10,2006-08-16,5,0.5582782319392506,17.0,0.5746981799374639,SPX500_USD
2006-09-08,2006-09-13,4,0.7814001364886698,16.600000000000136,0.8049362851780874,SPX500_USD
2006-11-02,2006-11-07,4,0.5257963335693757,11.5,0.5486570437245659,SPX500_USD
2006-11-28,2006-11-30,3,0.9070535548346458,18.90000000000009,0.931049680623922,SPX500_USD
2006-12-26,2006-12-27,2,0.3347205461103869,7.300000000000182,0.3576466109124676,SPX500_USD
2007-02-12,2007-02-14,3,0.2836625791588729,6.2000000000000455,0.3065385936071689,SPX500_USD
2007-02-26,2007-02-27,2,-1.025052872617089,-20.457791173976602,-1.0000000000000049,SPX500_USD
2007-02-28,2007-03-07,6,0.12211241187351646,3.400000000000091,0.1400701195019743,SPX500_USD
2007-03-29,2007-04-03,4,0.1439762518165669,4.7999999999999545,0.15897377804745944,SPX500_USD
2007-05-25,2007-05-29,3,0.2538318810586581,6.5,0.2733574103708626,SPX500_USD
2007-06-07,2007-06-07,1,-1.0198458454418962,-25.694189961008078,-0.9999999999999976,SPX500_USD
2007-06-08,2007-06-14,5,0.8655289635669431,24.700000000000045,0.8830497927889459,SPX500_USD
2007-06-27,2007-06-28,2,0.5043849836549573,17.799999999999955,0.5185531011733551,SPX500_USD
2007-07-25,2007-07-26,2,-1.0140841106626786,-36.00099910283848,-1.0000000000000009,SPX500_USD
2007-07-27,2007-08-01,4,-1.0119876666261258,-42.20953494071273,-1.0000000000000002,SPX500_USD
2007-10-22,2007-10-26,5,0.5456377944707476,22.300000000000182,0.5578718257369077,SPX500_USD
2009-09-02,2009-09-07,4,0.405681086366204,15.700000000000045,0.41860086618678366,SPX500_USD
2009-09-28,2009-09-29,2,0.5212570262344998,16.799999999999955,0.5367706282057647,SPX500_USD
2009-10-02,2009-10-07,4,0.6107237966380271,21.799999999999955,0.6247312231664223,SPX500_USD
2009-10-29,2009-10-30,2,0.5951763118345881,22.199999999999818,0.6085811837227546,SPX500_USD
2009-12-18,2009-12-22,3,0.4127442757680838,12.900000000000091,0.42874211591413347,SPX500_USD
2010-01-22,2010-01-27,4,-1.0166845260111683,-30.46788759029255,-1.0000000000000002,SPX500_USD
2010-02-01,2010-02-02,2,0.42744248334124957,15.199999999999818,0.4415030913458961,SPX500_USD
2010-02-09,2010-02-12,4,0.5882232458227389,22.399999999999864,0.6013532289884251,SPX500_USD
2010-05-07,2010-05-11,3,0.7928334399765605,38.600000000000136,0.803103303188692,SPX500_USD
2010-05-19,2010-05-21,3,-1.0087045579681122,-57.94117068686501,-1.0000000000000007,SPX500_USD
2010-10-20,2010-10-21,2,0.39602317379264046,13.5,0.41069069874792347,SPX500_USD
2010-11-17,2010-11-19,3,0.623880009186689,20.09999999999991,0.6393994124002883,SPX500_USD
2011-02-23,2011-02-28,4,0.19018779239192188,5.0,0.20920657163111406,SPX500_USD
2011-03-17,2011-03-21,3,0.663201959226064,29.200000000000045,0.674558157158017,SPX500_USD
2011-04-12,2011-04-18,5,0.009282037303005596,0.2999999999999545,0.024752099474683934,SPX500_USD
2011-05-06,2011-05-10,3,0.18422628925392828,5.899999999999864,0.19983868664832935,SPX500_USD
2011-05-25,2011-05-27,3,0.42764536211471044,14.099999999999909,0.4428100912677144,SPX500_USD
2011-06-06,2011-06-13,6,-1.0148635251814953,-34.139395358415186,-1.0000000000000022,SPX500_USD
2011-07-13,2011-07-18,4,0.10123311825519044,3.8999999999998636,0.11421172315970249,SPX500_USD
2011-07-28,2011-08-02,4,-1.0123226953014928,-41.075538692376085,-1.000000000000002,SPX500_USD
2012-02-01,2012-02-02,2,0.37509357452261866,13.0,0.3895202504657963,SPX500_USD
2012-03-07,2012-03-09,3,0.7537871609613509,22.799999999999955,0.7703175811578717,SPX500_USD
2012-04-09,2012-04-13,5,0.28233691694978064,8.900000000000091,0.29819854149752095,SPX500_USD
2012-05-07,2012-05-17,9,-1.0141870722372135,-35.74335336000581,-1.000000000000001,SPX500_USD
2012-07-11,2012-07-16,4,0.3765324036504604,15.0,0.3890834837721424,SPX500_USD
2012-07-24,2012-07-27,4,0.471560648935128,17.800000000000182,0.484806734579373,SPX500_USD
2012-08-24,2012-08-27,2,0.26566367239708005,8.0,0.28226765192189757,SPX500_USD
2012-08-31,2012-09-03,2,0.2921591370831208,8.0,0.31041908315081584,SPX500_USD
2012-09-26,2012-10-03,6,0.04334499055088794,1.199999999999818,0.06140540328042732,SPX500_USD
2012-10-10,2012-10-16,5,-0.05894353756618047,-1.699999999999818,-0.04160720298789024,SPX500_USD
2012-10-26,2012-10-31,4,0.19029116545491176,6.400000000000091,0.20515766275607653,SPX500_USD
2012-12-31,2013-01-03,3,1.7993866080205834,68.5,1.8125208168382518,SPX500_USD
2013-03-20,2013-03-21,2,0.3356536848031382,9.700000000000045,0.3529554211331968,SPX500_USD
2013-04-16,2013-04-17,2,0.7381217661012681,26.299999999999955,0.7521544992971098,SPX500_USD
2013-06-06,2013-06-10,3,0.7025565905092189,27.700000000000045,0.7152381174137175,SPX500_USD
2013-06-25,2013-06-27,3,0.5861553629718431,28.899999999999864,0.5962964592170308,SPX500_USD
2013-08-16,2013-08-23,6,-0.04941991273876879,-1.5,-0.032946608492512526,SPX500_USD
2013-09-26,2013-09-27,2,0.23499829067581027,7.5,0.2506648433875309,SPX500_USD
2013-12-04,2013-12-09,4,0.5098850475613517,13.899999999999864,0.5282262363225515,SPX500_USD
2013-12-13,2013-12-17,3,0.36486996938467026,10.699999999999818,0.38191996795404765,SPX500_USD
2014-01-07,2014-01-08,2,0.3453372844019577,9.700000000000045,0.3631381753505121,SPX500_USD
2014-01-27,2014-02-03,6,-1.0145313088605,-34.90846277509877,-0.9999999999999992,SPX500_USD
2014-02-04,2014-02-07,4,0.6537485336237651,29.700000000000045,0.6647544011931887,SPX500_USD
2014-03-14,2014-03-18,3,0.25962730896554,10.199999999999818,0.2723541378364,SPX500_USD
2014-04-08,2014-04-10,3,0.6132411572516344,25.09999999999991,0.6254571165594359,SPX500_USD
2014-06-13,2014-06-18,4,0.33787688160575485,9.300000000000182,0.3560423053479994,SPX500_USD
2014-07-30,2014-07-31,2,-1.0173622290596662,-29.298145576911338,-0.9999999999999982,SPX500_USD
2014-08-01,2014-08-08,6,-1.0150757944739646,-33.665747971928795,-1.000000000000003,SPX500_USD
2014-09-24,2014-09-25,2,0.5948622723972002,19.700000000000045,0.6099602996154032,SPX500_USD
2014-10-02,2014-10-06,3,0.4560131131815555,17.899999999999864,0.46875090963914096,SPX500_USD
2014-12-02,2014-12-03,2,0.4368511118578328,14.699999999999818,0.4517099932135416,SPX500_USD
2014-12-11,2014-12-15,3,-1.0133040019925275,-38.082676271454375,-0.9999999999999986,SPX500_USD
2014-12-16,2014-12-18,3,0.491901138930561,21.700000000000045,0.5032352665556891,SPX500_USD
2015-01-02,2015-01-05,2,-1.012014424742737,-42.11664088847601,-1.0000000000000024,SPX500_USD
2015-01-06,2015-01-09,4,0.7452040735620102,33.69999999999982,0.7562605138225742,SPX500_USD
2015-01-16,2015-01-19,2,0.5143746577191559,30.90000000000009,0.5226978722453558,SPX500_USD
2015-01-29,2015-02-03,4,0.30442500029789055,19.700000000000045,0.3121515231480908,SPX500_USD
2015-03-09,2015-03-13,5,-0.2535947144142227,-10.5,-0.24151877563259305,SPX500_USD
2015-03-26,2015-03-31,4,0.35795427889607007,17.299999999999727,0.36829977828613003,SPX500_USD
2015-05-27,2015-05-28,2,0.3613038901900215,13.900000000000091,0.3743004330026121,SPX500_USD
2015-06-09,2015-06-11,3,0.6342365405558674,24.09999999999991,0.647394975007234,SPX500_USD
2015-06-30,2015-07-08,7,0.396820337826952,17.299999999999727,0.40828913371790454,SPX500_USD
2015-07-27,2015-07-29,3,0.20548323725868342,8.900000000000091,0.21702723935186777,SPX500_USD
2015-11-10,2015-11-13,4,-1.0096126537804662,-52.514772550753605,-1.0000000000000018,SPX500_USD
2015-12-04,2015-12-07,2,0.7341737406331933,36.80000000000018,0.744148927326579,SPX500_USD
2016-05-02,2016-05-11,8,0.3481703817126176,15.5,0.3594016843485085,SPX500_USD
2016-06-14,2016-06-21,6,0.255355858788792,9.700000000000273,0.2685185319222345,SPX500_USD
2016-08-29,2016-08-30,2,0.3831652870050379,11.900000000000091,0.39926466881197215,SPX500_USD
2016-09-12,2016-09-16,5,0.5332846970087063,19.09999999999991,0.5472450293911332,SPX500_USD
2016-10-18,2016-10-19,2,0.20387695342873588,8.699999999999818,0.21559401971774395,SPX500_USD
2016-10-31,2016-11-03,4,-1.0128821772414962,-39.313314754681414,-0.9999999999999946,SPX500_USD
2016-12-29,2017-01-04,4,0.18149328672242857,6.099999999999909,0.19636978563410326,SPX500_USD
2017-03-09,2017-03-13,3,0.2552931755088029,7.5,0.27231272054272315,SPX500_USD
2017-03-22,2017-03-29,6,0.3291520051315999,10.699999999999818,0.34453293995083384,SPX500_USD
2017-04-13,2017-04-18,3,0.13149748920815793,4.900000000000091,0.14491560035184725,SPX500_USD
2017-05-18,2017-05-22,3,0.7738173351158432,25.699999999999818,0.7888721470830776,SPX500_USD
2017-08-11,2017-08-15,3,0.9823138559084604,29.699999999999818,0.9988511262099498,SPX500_USD
2017-08-18,2017-08-23,4,0.7172263388645381,25.09999999999991,0.7315137161327561,SPX500_USD
2017-09-27,2017-09-28,2,0.27603031348021534,7.300000000000182,0.29493649933502414,SPX500_USD
2017-11-16,2017-11-17,2,0.6173949396429311,18.300000000000182,0.6342636538408253,SPX500_USD
2018-01-02,2018-01-03,2,0.5633134491992532,18.300000000000182,0.5787045270462272,SPX500_USD
2018-02-05,2018-02-05,1,-1.0090249127232758,-55.90219781963742,-0.999999999999998,SPX500_USD
2018-02-06,2018-02-06,1,-1.0066399262818395,-75.80204083252056,-1.0,SPX500_USD
2018-03-20,2018-03-23,4,-1.0058266687910578,-86.31232569237682,-0.9999999999999983,SPX500_USD
2018-04-25,2018-04-27,3,0.43069777764392225,38.69999999999982,0.4362623484145156,SPX500_USD
2018-05-30,2018-05-31,2,0.431924550883904,26.09999999999991,0.44019896756750376,SPX500_USD
2018-06-20,2018-06-25,4,-1.0093893840518515,-53.75162941877761,-0.9999999999999959,SPX500_USD
2018-06-26,2018-07-03,6,0.060959935237957834,3.5,0.06966849741480896,SPX500_USD
2018-08-14,2018-08-15,2,0.33671349545721374,14.900000000000091,0.3480126060430262,SPX500_USD
2018-09-07,2018-09-12,4,0.30463958019423554,12.699999999999818,0.31663326445385126,SPX500_USD
2018-10-05,2018-10-08,2,-1.0116032222630273,-43.591478269213894,-1.0000000000000024,SPX500_USD
2018-10-09,2018-10-10,2,-1.0105652861168408,-47.82479503825061,-0.9999999999999993,SPX500_USD
2018-10-11,2018-10-11,1,-1.0081618441312414,-61.76066510951205,-1.0000000000000002,SPX500_USD
2019-03-08,2019-03-12,3,0.632850257233691,36.90000000000009,0.6414254639712749,SPX500_USD
2019-05-10,2019-05-13,2,-1.0077382192313744,-65.1143492513952,-0.9999999999999983,SPX500_USD
2019-05-14,2019-05-17,4,0.933008658531249,71.5,0.9395331946048942,SPX500_USD
2019-05-30,2019-06-05,5,0.36350750539785004,26.700000000000273,0.37031476205324043,SPX500_USD
2019-07-18,2019-07-19,2,0.4665295987680035,23.100000000000364,0.47662764203138,SPX500_USD
2019-08-01,2019-08-02,2,-1.0090927648442873,-55.488774983457006,-1.0,SPX500_USD
2019-08-05,2019-08-05,1,-1.0078771150933294,-63.97501516430748,-1.0000000000000013,SPX500_USD
2019-09-23,2019-09-24,2,0.0014110737939103443,0.09999999999990905,0.008466442763468482,SPX500_USD
2019-10-03,2019-10-07,3,0.5884812940020474,46.69999999999982,0.594781950254746,SPX500_USD
2019-12-03,2019-12-06,4,0.04116601904716154,1.8999999999996362,0.051999181954311385,SPX500_USD
2020-01-28,2020-01-31,4,0.8767213317045227,51.5,0.8852331892938871,SPX500_USD
2020-02-25,2020-02-25,1,-1.0060188102147054,-83.57289682907276,-0.9999999999999999,SPX500_USD
2020-02-26,2020-02-27,2,-1.0051344203768813,-97.88197562699634,-1.000000000000002,SPX500_USD
2005-12-21,2005-12-22,2,0.3866202593777452,7.301999999999976,0.4025044113653272,US2000_USD
2006-02-14,2006-02-15,2,0.36546900881667754,7.335999999999967,0.3804145789700314,US2000_USD
2006-03-08,2006-03-13,4,0.3103802815898084,6.205999999999972,0.32538416242721463,US2000_USD
2006-04-12,2006-04-19,5,1.452829872131726,31.743999999999982,1.4665599931511162,US2000_USD
2006-04-28,2006-05-01,2,0.3036186031351531,7.1420000000000075,0.3163721148882399,US2000_USD
2006-05-12,2006-05-15,2,-1.0133572860731035,-22.75965223460621,-1.0000000000000024,US2000_USD
2006-05-16,2006-05-19,4,-1.012690675161432,-23.939404222696158,-1.0000000000000009,US2000_USD
2006-09-08,2006-09-13,4,0.7279539764218547,17.047000000000093,0.7407648048917647,US2000_USD
2006-10-03,2006-10-05,3,0.6827203849453645,16.11999999999996,0.6954260993053899,US2000_USD
2006-11-02,2006-11-07,4,0.4525091334555846,10.852999999999906,0.46501744821064556,US2000_USD
2006-11-28,2006-11-30,3,0.6150993356794104,13.100999999999953,0.6291845048041966,US2000_USD
2007-01-08,2007-01-11,4,0.28379286894150973,6.36700000000003,0.2971646077011222,US2000_USD
2007-01-19,2007-01-24,4,0.4008938398229495,8.800999999999998,0.41455912239843923,US2000_USD
2007-02-28,2007-03-05,4,-1.0130814975465128,-23.233154169340356,-1.000000000000001,US2000_USD
2007-05-01,2007-05-03,3,0.6809625006693326,14.182999999999947,0.6953662763303917,US2000_USD
2007-06-08,2007-06-14,5,0.3553778291436114,8.190000000000008,0.36839533204264474,US2000_USD
2007-06-27,2007-06-28,2,0.657420779146937,16.64100000000003,0.6692726049833699,US2000_USD
2007-07-11,2007-07-13,3,0.6385409619382405,15.055999999999994,0.651264280786638,US2000_USD
2007-07-23,2007-07-24,2,-1.012497824505174,-24.304177677148733,-1.0000000000000007,US2000_USD
2007-07-25,2007-07-26,2,-1.0116147413352297,-26.129245037949705,-1.000000000000002,US2000_USD
2008-08-20,2008-08-25,4,0.20303786404280558,7.289999999999918,0.21139333169888821,US2000_USD
2009-06-16,2009-06-22,5,0.01782198269859536,0.5590000000000372,0.027386553019844467,US2000_USD
2009-08-18,2009-08-20,3,0.4357473393446513,12.667000000000098,0.4460673994854419,US2000_USD
2009-09-01,2009-09-07,5,-0.17375689581088485,-4.7599999999999225,-0.16280583094885412,US2000_USD
2009-09-25,2009-09-29,3,0.5005170696883945,12.624000000000091,0.5124114867437269,US2000_USD
2009-10-02,2009-10-07,4,0.5649208002297338,15.700999999999976,0.5757147776877887,US2000_USD
2009-10-28,2009-10-30,3,-1.0103450839082426,-29.299281461695774,-0.9999999999999996,US2000_USD
2009-11-27,2009-12-02,4,0.5956720895834566,17.055000000000017,0.6061500507018991,US2000_USD
2010-01-22,2010-01-28,5,-1.0129067757878742,-23.543605136603492,-1.0000000000000009,US2000_USD
2010-02-09,2010-02-12,4,0.672920895412802,17.536000000000012,0.6844330001472819,US2000_USD
2010-05-07,2010-05-11,3,0.5358496099381416,20.249999999999954,0.543788122677966,US2000_USD
2010-05-20,2010-05-21,2,-1.0065382005708223,-46.18418430274794,-0.9999999999999988,US2000_USD
2010-06-23,2010-07-01,7,-1.007211042477738,-41.90286129586893,-0.999999999999999,US2000_USD
2010-11-17,2010-11-19,3,0.5246664811105689,14.863999999999987,0.5352558207454701,US2000_USD
2011-01-24,2011-01-27,4,0.7617127398982038,18.987000000000034,0.773748017823598,US2000_USD
2011-02-23,2011-02-24,2,-1.012899763615182,-23.556240110237287,-0.9999999999999989,US2000_USD
2011-03-16,2011-03-21,4,0.089983661070572,3.072999999999934,0.09876826839929709,US2000_USD
2011-04-11,2011-04-18,6,-0.2025590236387112,-5.447000000000048,-0.1914028446242789,US2000_USD
2011-05-05,2011-05-10,4,0.32116278820113986,9.071000000000094,0.33178442158889654,US2000_USD
2011-05-24,2011-05-27,4,0.6486124198674018,20.08499999999999,0.6583004321133675,US2000_USD
2011-06-07,2011-06-15,7,-0.07687685687204095,-2.3509999999999307,-0.06706696445961519,US2000_USD
2011-07-15,2011-07-20,4,0.2875348782952478,9.010000000000058,0.297108736618064,US2000_USD
2011-07-28,2011-08-02,4,-1.0094714222922196,-31.97422914365193,-1.0000000000000018,US2000_USD
2012-02-13,2012-02-14,2,0.15659615617538908,4.372000000000026,0.16734154658083658,US2000_USD
2012-03-01,2012-03-09,7,-0.15317093865818945,-4.377999999999974,-0.14267498580358529,US2000_USD
2012-04-09,2012-04-13,5,0.21672515372842846,6.331000000000086,0.22699486564100588,US2000_USD
2012-05-07,2012-05-17,9,-1.009463781854635,-31.999800841574984,-1.0000000000000013,US2000_USD
2012-07-11,2012-07-16,4,0.14149402089261612,4.3259999999999765,0.15130636630819289,US2000_USD
2012-08-24,2012-08-28,3,0.16457763651060184,4.348000000000025,0.17593303921372516,US2000_USD
2012-09-26,2012-10-05,8,0.12114314699359027,2.787000000000103,0.13418331351604298,US2000_USD
2012-10-10,2012-10-16,5,0.1743286749196089,4.102000000000044,0.18707821233449973,US2000_USD
2012-10-29,2012-11-01,4,0.08117487769216516,1.9980000000000018,0.09336329776606382,US2000_USD
2012-12-31,2013-01-02,2,1.3751906255344173,32.21200000000006,1.3879981875504461,US2000_USD
2013-04-02,2013-04-05,2,-1.1061555110562604,-24.473000000000003,-1.0925958063483423,US2000_USD
2013-04-08,2013-04-11,4,0.9152709553107042,22.40399999999995,0.9275268599077946,US2000_USD
2013-04-16,2013-04-23,6,0.22723650565792755,6.7289999999999965,0.23736742432301572,US2000_USD
2013-08-16,2013-08-23,6,0.36207920653769793,9.151999999999997,0.37394806164710676,US2000_USD
2013-10-09,2013-10-11,3,0.5450944064762647,15.73800000000001,0.5554850737747067,US2000_USD
2013-11-01,2013-11-05,3,0.20250054647750207,5.686000000000104,0.21318471178584705,US2000_USD
2013-11-08,2013-11-11,2,0.5712880152223747,17.453000000000156,0.5811078974527484,US2000_USD
2013-12-04,2013-12-09,4,0.2746452020329414,7.236000000000058,0.2860318190326487,US2000_USD
2013-12-12,2013-12-17,4,0.5025851630871425,14.370000000000072,0.5130775464501308,US2000_USD
2014-01-27,2014-02-03,6,-1.010496418053928,-28.881178689597665,-1.000000000000001,US2000_USD
2014-02-04,2014-02-10,5,0.47544087587786205,18.196000000000094,0.4832795361748151,US2000_USD
2014-03-12,2014-03-18,5,0.010506528361655552,0.35699999999992543,0.019335543791620044,US2000_USD
2014-03-25,2014-04-01,6,-0.22091644483257064,-8.438999999999897,-0.2130630340671041,US2000_USD
2014-04-08,2014-04-10,3,0.4872715784778986,21.124000000000205,0.49419173912660946,US2000_USD
2014-04-28,2014-05-01,4,0.0646171191420899,2.7150000000001002,0.07175713230696144,US2000_USD
2014-07-09,2014-07-10,2,-1.0098353063268737,-30.802354479833685,-1.0000000000000018,US2000_USD
2014-07-11,2014-07-17,5,-1.009347393137434,-32.39450973006073,-1.0000000000000024,US2000_USD
2014-07-18,2014-07-21,2,0.5856142289931081,19.648000000000092,0.5945558143299328,US2000_USD
2014-11-18,2014-11-21,4,0.08913965336768329,3.1249999999999547,0.097697060090981,US2000_USD
2014-12-02,2014-12-04,3,0.7534579356622704,25.551000000000112,0.762304453634118,US2000_USD
2014-12-16,2014-12-18,3,0.7705486274376356,30.7150000000001,0.7780747413308894,US2000_USD
2015-01-05,2015-01-06,2,-1.008474639600754,-35.69973546169972,-0.9999999999999982,US2000_USD
2015-01-07,2015-01-09,3,0.816503459848854,31.420000000000027,0.8242994826990976,US2000_USD
2015-03-26,2015-03-31,4,0.5911119567136488,18.370000000000072,0.6007653909550257,US2000_USD
2015-05-01,2015-05-08,6,0.12413079857705016,4.398000000000093,0.1325981108947205,US2000_USD
2015-06-30,2015-07-13,10,-0.4290555171782386,-14.10399999999986,-0.4199292653948103,US2000_USD
2015-07-22,2015-07-23,2,0.31173128150121826,10.469999999999981,0.3206634099109953,US2000_USD
2015-07-27,2015-07-31,5,0.09613990293826999,3.3790000000000875,0.10467555575906912,US2000_USD
2016-06-14,2016-06-21,6,0.2978787261920551,9.32200000000007,0.30746504005792247,US2000_USD
2016-08-03,2016-08-08,4,0.798813328764386,27.514999999999826,0.8075229053091549,US2000_USD
2016-09-12,2016-09-16,5,0.2623224448606808,8.022000000000116,0.27213255872981607,US2000_USD
2016-10-17,2016-10-20,4,0.25127104628773633,9.10000000000009,0.2595547071543649,US2000_USD
2016-10-27,2016-11-01,4,-1.0091785114703955,-32.98503841474489,-1.0000000000000016,US2000_USD
2016-12-01,2016-12-06,4,0.3743677494719244,13.750000000000181,0.3825357730967663,US2000_USD
2017-03-09,2017-03-14,4,0.11691314357900214,4.175999999999886,0.12531207630737895,US2000_USD
2017-03-22,2017-03-28,5,0.3940568133742438,15.046000000000003,0.4019138547149505,US2000_USD
2017-04-06,2017-04-07,2,0.5211516678518079,20.55200000000009,0.5287589810259778,US2000_USD
2017-05-18,2017-05-23,4,0.3495786576733254,13.277999999999974,0.3574769554065682,US2000_USD
2017-05-31,2017-06-02,3,0.8277872445751235,26.523000000000092,0.8371502945081076,US2000_USD
2017-08-01,2017-08-09,7,-1.0099974882348712,-30.307537188559582,-1.0000000000000029,US2000_USD
2017-08-10,2017-08-10,1,-1.0097176478131573,-31.171668305765298,-1.0000000000000013,US2000_USD
2017-08-11,2017-08-15,3,0.7874608336988863,26.28699999999999,0.7964477188554149,US2000_USD
2017-10-16,2017-10-19,4,-0.01579265887094963,-0.38199999999987994,-0.003390047192189478,US2000_USD
2017-11-15,2017-11-17,3,0.5925030972891752,18.38100000000004,0.6021734595755988,US2000_USD
2017-12-06,2017-12-12,5,0.09124095832623157,3.7640000000000784,0.09851308571673871,US2000_USD
2018-01-31,2018-02-02,3,-1.0083075010103317,-36.411942643999325,-1.0000000000000018,US2000_USD
2018-02-05,2018-02-05,1,-1.007422809678119,-40.71596282393084,-0.9999999999999993,US2000_USD
2018-03-02,2018-03-05,2,0.2759013927849138,17.065999999999985,0.28075141140881366,US2000_USD
2018-03-26,2018-04-05,8,0.33371391232931774,19.36800000000012,0.3388829630159552,US2000_USD
2018-04-25,2018-04-27,3,0.034812059540650614,1.8000000000001364,0.04061406946409194,US2000_USD
2018-05-01,2018-05-07,5,0.447165420963226,21.630000000000063,0.4533674378975287,US2000_USD
2018-06-26,2018-07-03,6,-0.11042842216613279,-4.479999999999836,-0.10303366175322184,US2000_USD
2018-09-07,2018-09-17,7,0.15369795869274375,5.565000000000009,0.16198356293494015,US2000_USD
2018-10-03,2018-10-05,3,-1.0077470275066818,-39.0245301170235,-0.9999999999999977,US2000_USD
2018-10-09,2018-10-10,2,-1.0069401810741287,-43.52653786631372,-0.9999999999999977,US2000_USD
2019-04-23,2019-04-24,2,0.648677703174637,25.401999999999997,0.6563386476259555,US2000_USD
2019-07-18,2019-07-19,2,0.26888124742977965,10.623999999999977,0.2764739031365694,US2000_USD
2019-09-23,2019-10-01,7,-1.0055364279807228,-54.4865623547435,-0.9999999999999998,US2000_USD
2019-11-15,2019-11-18,2,0.19398791141237015,7.3799999999998365,0.20187359886815773,US2000_USD
2019-12-04,2019-12-05,2,0.26119393408538705,9.70999999999999,0.26926377756897263,US2000_USD
2020-01-27,2020-02-05,8,0.25928772940755523,10.801000000000112,0.26648949950497824,US2000_USD
2020-02-25,2020-02-25,1,-1.006162649467876,-48.98036086814504,-1.0000000000000018,US2000_USD
2007-04-27,2007-05-04,6,0.39789569635495614,6.979999999999973,0.4149972305822466,XAU_USD
2007-05-11,2007-06-01,16,-0.3127343092907455,-5.699999999999977,-0.2962746088017589,XAU_USD
2007-06-11,2007-06-18,6,0.31116492142622965,5.499999999999955,0.3281375535040241,XAU_USD
2007-07-27,2007-08-02,5,0.2299104964174288,3.880000000000064,0.24768708119197197,XAU_USD
2007-08-17,2007-08-23,5,0.3907530983683574,7.640000000000055,0.4060968064194708,XAU_USD
2007-11-13,2007-11-15,3,0.5726491998922546,19.150000000000045,0.581620205634692,XAU_USD
2007-11-30,2007-12-05,4,0.23052240011649858,8.45,0.23870662733956954,XAU_USD
2008-02-05,2008-02-08,4,0.17177293830286844,6.849999999999977,0.17929584071029336,XAU_USD
2008-03-20,2008-03-26,5,-0.05909984585622032,-2.949999999999977,-0.05308969204033347,XAU_USD
2008-04-02,2008-04-07,4,0.5766902001195079,30.099999999999977,0.5824379429778419,XAU_USD
2008-04-24,2008-05-01,6,-1.0065995885668424,-45.75737919288876,-1.0000000000000002,XAU_USD
2008-05-30,2008-06-09,7,0.6253577474730524,24.599999999999977,0.6329840614666262,XAU_USD
2008-07-09,2008-07-10,2,0.20000124367349129,7.550000000000023,0.20794831295853064,XAU_USD
2008-07-24,2008-08-05,9,-1.007133206361941,-42.356823366373234,-1.0000000000000009,XAU_USD
2009-01-06,2009-01-14,7,-1.0059778001192434,-50.4856860409631,-0.9999999999999997,XAU_USD
2009-02-27,2009-03-06,6,-0.2667465496097005,-13.72999999999995,-0.2609181472147325,XAU_USD
2009-04-06,2009-04-14,7,-0.01862371634487721,-0.8999999999999091,-0.012415810896584178,XAU_USD
2009-06-15,2009-06-25,9,-0.19700748861373543,-7.189999999999986,-0.18878742650189667,XAU_USD
2009-07-09,2009-07-14,4,0.36535889492644835,11.050000000000022,0.375278140942551,XAU_USD
2009-07-30,2009-08-03,3,0.8866151399093661,23.680000000000017,0.8978475952291638,XAU_USD
2009-08-11,2009-08-14,4,0.31509121602179685,8.609999999999967,0.32607000403649367,XAU_USD
2009-08-18,2009-08-24,5,0.7252232880963975,19.96999999999998,0.7361179794548811,XAU_USD
2009-10-27,2009-10-30,4,0.23388071304615674,7.4800000000002,0.2432609555480077,XAU_USD
2009-12-09,2009-12-17,7,0.19895120579613995,10.239999999999963,0.20477985440344876,XAU_USD
2010-01-22,2010-02-02,8,0.30446348304434834,12.759999999999945,0.3116217154043252,XAU_USD
2010-02-05,2010-02-10,4,0.2936266318441434,13.190000000000008,0.3003050237738813,XAU_USD
2010-03-11,2010-03-17,5,0.43537059852094934,16.930000000000017,0.44308537581311025,XAU_USD
2010-03-25,2010-03-29,3,0.6813922940508709,24.540000000000145,0.689722273195747,XAU_USD
2010-05-20,2010-05-26,5,0.1976247693693937,8.829999999999881,0.20433908769451475,XAU_USD
2010-07-02,2010-07-12,7,0.27536744217124426,11.820000000000118,0.28235646354614885,XAU_USD
2010-07-20,2010-07-23,4,0.27776569115204675,10.859999999999854,0.2854387765429874,XAU_USD
2010-07-28,2010-08-02,4,0.5075085010168947,19.95,0.5151402077991036,XAU_USD
2010-10-20,2010-10-26,5,0.12568658768253824,4.9200000000000275,0.13335040400464418,XAU_USD
2010-11-17,2010-11-23,5,0.5084883011988269,26.74000000000019,0.5141931063730845,XAU_USD
2010-12-17,2010-12-21,3,0.3660555848951878,16.239999999999963,0.37281769545359644,XAU_USD
2011-01-07,2011-01-12,4,0.2590833536906797,9.759999999999945,0.2670469813655982,XAU_USD
2011-01-24,2011-01-27,4,0.040690866845618304,1.45,0.04910966688264278,XAU_USD
2011-03-11,2011-03-15,3,0.46768489155775456,16.900000000000045,0.4759869902244602,XAU_USD
2011-05-06,2011-05-10,3,0.7680641075450862,36.56099999999988,0.7743664305740933,XAU_USD
2011-06-14,2011-06-16,3,0.38162269627761436,14.373999999999977,0.3895875501028046,XAU_USD
2011-06-24,2011-06-30,5,-0.25406008607912084,-9.500000000000046,-0.2460371359924118,XAU_USD
2011-09-26,2011-09-26,1,-1.002623752527744,-114.64005182567716,-0.9999999999999999,XAU_USD
2011-09-27,2011-10-04,6,0.2644848164413963,33.02199999999989,0.26688762199322297,XAU_USD
2011-10-20,2011-10-25,4,0.09441437509600743,8.624999999999954,0.0976983533602164,XAU_USD
2011-11-18,2011-11-29,8,-0.09078727711291472,-6.9269999999999525,-0.08685538984080925,XAU_USD
2011-12-13,2011-12-14,2,-1.004262926506766,-70.67419001333842,-1.0000000000000007,XAU_USD
2012-03-01,2012-03-09,7,0.08080215378764284,4.667000000000098,0.08599620695590775,XAU_USD
2012-09-27,2012-09-28,2,0.5523475457426336,23.113999999999987,0.5595165456441128,XAU_USD
2012-10-11,2012-10-19,7,-1.007813268221033,-38.69622441123083,-0.999999999999998,XAU_USD
2012-10-22,2012-11-01,9,0.021301641817007232,0.8030000000000654,0.02925991397778139,XAU_USD
2012-11-05,2012-11-07,3,1.0018011187637466,38.056,1.0096984368116004,XAU_USD
2012-11-19,2012-11-20,2,0.43797607094410507,16.249999999999954,0.4460617830230732,XAU_USD
2012-11-29,2012-12-07,7,-1.0083778656337414,-36.10864305005957,-1.0000000000000002,XAU_USD
2015-01-30,2015-02-02,2,0.5304800005682856,23.77600000000002,0.5371734729846082,XAU_USD
2016-03-24,2016-03-30,4,0.4256493164634262,20.501999999999907,0.43187772320125806,XAU_USD
2016-05-23,2016-05-27,5,-1.0080611043764403,-37.515744393139855,-1.0000000000000007,XAU_USD
2016-05-30,2016-06-06,6,0.8182816262836626,29.58499999999999,0.8265792260093716,XAU_USD
2016-06-24,2016-06-27,2,1.7505326967492627,65.71,1.7585247802833486,XAU_USD
2016-07-13,2016-07-22,8,-0.05473469838196971,-2.607000000000016,-0.04843611398818728,XAU_USD
2016-08-25,2016-09-05,8,0.004504822006978976,0.1459999999999127,0.01376130558296871,XAU_USD
2016-09-14,2016-09-22,7,0.48862679598340464,14.952999999999928,0.4984300487617783,XAU_USD
2016-09-29,2016-10-04,4,-1.0108321872231796,-27.995237703975864,-0.9999999999999974,XAU_USD
2017-03-03,2017-03-08,4,-1.0109151830462915,-27.784651308890307,-1.000000000000001,XAU_USD
2017-04-26,2017-05-03,6,-1.0114176309474516,-26.575152996338648,-1.0000000000000009,XAU_USD
2017-06-15,2017-06-23,7,-0.38591932436940407,-10.267000000000099,-0.3746428271150143,XAU_USD
2017-09-19,2017-09-26,6,0.06455932605154975,1.89600000000014,0.0747744092875537,XAU_USD
2017-10-03,2017-10-09,5,0.15969798239922428,4.67199999999998,0.16995256174848958,XAU_USD
2017-10-27,2017-10-31,3,0.31839538761907676,8.231000000000176,0.330000127782571,XAU_USD
2017-12-01,2017-12-07,5,-1.012352760659359,-24.586069185087855,-1.0000000000000009,XAU_USD
2018-02-12,2018-02-13,2,0.2201334915633852,6.666000000000122,0.23004048938351934,XAU_USD
2018-02-21,2018-02-27,5,0.11360418453594283,3.507999999999993,0.12331947967869736,XAU_USD
2018-03-16,2018-03-22,5,0.5364960680955783,14.585999999999967,0.5475305409070875,XAU_USD
2018-04-23,2018-05-01,7,-1.0103576522356814,-29.264092747429277,-0.9999999999999964,XAU_USD
2019-01-22,2019-01-28,5,1.1457368386787035,23.433999999999923,1.1604044605786612,XAU_USD
2019-03-01,2019-03-01,1,-1.0134799484061519,-22.55527805901379,-1.000000000000003,XAU_USD
2019-03-04,2019-03-11,6,0.17162436241008114,4.158000000000084,0.18400707254067838,XAU_USD
2019-03-29,2019-04-09,8,0.27016459225018796,6.861000000000058,0.28197764831709593,XAU_USD
2019-04-17,2019-04-26,7,0.013340547468174709,0.3119999999998527,0.026167996956810293,XAU_USD
2019-05-20,2019-05-24,5,0.24857459088625639,5.485000000000082,0.26217028409790194,XAU_USD
2019-07-02,2019-07-03,2,0.9992031395472802,36.23899999999999,1.0074749169656467,XAU_USD
2019-09-10,2019-09-17,6,-0.009345510102149955,-0.44799999999991086,-0.003087356015887579,XAU_USD
2019-10-01,2019-10-03,3,0.5843651311240127,26.6380000000001,0.5909463136203413,XAU_USD
2019-11-06,2019-11-12,5,-1.0084230186003629,-35.91668497172331,-1.0000000000000024,XAU_USD
2019-11-25,2019-12-02,6,0.09309225865600793,2.8870000000001257,0.10276585671517009,XAU_USD
2020-03-02,2020-03-04,3,0.915702326789627,46.936999999999856,0.9215550804389205,XAU_USD
2020-03-13,2020-03-16,2,-1.0040850181462848,-73.73908625540598,-0.9999999999999988,XAU_USD
2020-03-17,2020-03-24,6,0.45165129623814415,42.18800000000006,0.4548630007245252,XAU_USD
2020-04-01,2020-04-03,3,0.41358846045495956,40.572000000000074,0.4166466419135144,XAU_USD
2020-05-01,2020-05-06,4,0.28010988227012357,19.890000000000054,0.284334767372237,XAU_USD
2006-06-09,2006-06-16,6,-0.09656833528332388,-0.0023500000000002018,-0.09040439898864416,EUR_USD
2006-07-17,2006-07-21,5,-0.051990850310144,-0.0009599999999999774,-0.04386727994918381,EUR_USD
2006-09-08,2006-09-15,6,-0.09122754554123813,-0.0015299999999999368,-0.08228366852739089,EUR_USD
2006-10-09,2006-10-20,10,0.2050846203251313,0.003259999999999913,0.2145210292357971,EUR_USD
2006-12-11,2006-12-13,3,0.567992254651142,0.010049999999999986,0.5764697509892187,EUR_USD
2006-12-18,2006-12-20,3,0.5942707742093177,0.011269999999999985,0.6021803231118374,EUR_USD
2007-01-08,2007-01-18,9,-0.40696116150194583,-0.007329999999999964,-0.398633170475303,EUR_USD
2007-03-06,2007-03-08,3,0.6222330041360756,0.009399999999999947,0.632162254202077,EUR_USD
2007-05-04,2007-05-07,2,0.3075839200130232,0.004279999999999934,0.3183637302938536,EUR_USD
2007-05-11,2007-05-15,3,0.4485093385372552,0.006340000000000107,0.4591207582187358,EUR_USD
2007-05-25,2007-06-01,6,0.13882239075463687,0.0019000000000001073,0.1497820531826339,EUR_USD
2007-06-11,2007-06-18,6,0.1300208475594888,0.0018000000000001183,0.1408559181894455,EUR_USD
2007-07-30,2007-08-03,5,0.5859888162988579,0.008379999999999926,0.5964778762564747,EUR_USD
2007-08-15,2007-08-16,2,-1.0088908590447951,-0.01702126061096489,-1.0000000000000056,EUR_USD
2007-08-17,2007-08-23,5,0.7177159814642148,0.01246000000000001,0.7263562220115368,EUR_USD
2007-11-30,2007-12-05,4,0.07508683806425162,0.0016500000000000238,0.08191291425191076,EUR_USD
2007-12-17,2007-12-26,8,-0.03599302799154335,-0.0009000000000000284,-0.02999418999295298,EUR_USD
2008-01-22,2008-01-23,2,0.9299265550380413,0.023670000000000174,0.9358196257290301,EUR_USD
2008-02-06,2008-02-13,6,-0.2658679561323737,-0.007329999999999964,-0.2604272749018339,EUR_USD
2008-04-28,2008-05-07,8,-0.24799165162011047,-0.008430000000000066,-0.243578988779895,EUR_USD
2008-05-30,2008-06-06,6,0.23997863503837374,0.006890000000000157,0.2452031336241147,EUR_USD
2008-08-06,2008-08-08,3,-1.0061652115251418,-0.024480065463004536,-0.9999999999999988,EUR_USD
2009-07-09,2009-07-10,2,0.4432876818644466,0.014870000000000032,0.44775931281802206,EUR_USD
2009-07-30,2009-08-03,3,0.794097124866777,0.023700000000000148,0.7991230560368199,EUR_USD
2009-08-10,2009-08-14,5,0.3401460566706654,0.010249999999999964,0.34512380384145563,EUR_USD
2009-10-27,2009-11-05,8,0.02425096892505753,0.0006199999999999374,0.030118138826281716,EUR_USD
2009-12-07,2009-12-15,7,-1.005130795540906,-0.029385232393131528,-1.0000000000000009,EUR_USD
2010-01-18,2010-01-20,3,-1.0056345980151067,-0.026771242473329643,-0.9999999999999961,EUR_USD
2010-10-20,2010-10-21,2,0.6647738120779096,0.021559999999999895,0.6693988617908821,EUR_USD
2010-10-28,2010-10-29,2,0.4652762529358128,0.015269999999999988,0.4698467465795831,EUR_USD
2010-11-10,2010-11-19,8,-0.3469266586928959,-0.012239999999999935,-0.34267510650303196,EUR_USD
2011-03-11,2011-03-14,2,0.7158071320441868,0.017609999999999997,0.7219042967123656,EUR_USD
2011-04-19,2011-04-21,3,1.088229722049607,0.029199999999999986,1.0938199432245195,EUR_USD
2011-05-06,2011-05-11,4,-1.0049337313912992,-0.030552952269468876,-1.0000000000000016,EUR_USD
2011-06-13,2011-06-20,6,-0.1660954824600655,-0.005259999999999948,-0.16135891927204077,EUR_USD
2011-07-07,2011-07-11,3,-1.0049623773525518,-0.0303774473187667,-1.0000000000000033,EUR_USD
2011-07-12,2011-07-14,3,0.5839689447392016,0.018820000000000153,0.5886233199629465,EUR_USD
2011-09-02,2011-09-08,5,-1.0046817702710271,-0.0321891628201746,-1.0000000000000029,EUR_USD
2012-09-26,2012-10-03,6,0.05165378766956749,0.0010899999999999079,0.058762107073637014,EUR_USD
2012-10-29,2012-10-31,3,0.09573606183067707,0.0017900000000000528,0.10375863684442072,EUR_USD
2012-12-10,2012-12-12,3,0.6718604927516603,0.011470000000000185,0.6806468113142363,EUR_USD
2013-01-04,2013-01-08,3,0.4745892846651056,0.008709999999999867,0.48276246407954493,EUR_USD
2013-02-11,2013-02-13,3,0.3800519149718238,0.008199999999999857,0.38700408414813775,EUR_USD
2013-02-22,2013-03-01,6,-1.007063346155808,-0.02138639372774222,-1.0000000000000036,EUR_USD
2013-06-21,2013-06-26,4,-1.006959653741862,-0.021702796383773832,-0.9999999999999963,EUR_USD
2013-08-30,2013-09-10,8,0.08123589170407236,0.0014200000000000714,0.08981714786999506,EUR_USD
2013-11-01,2013-11-07,5,-1.0091512188336687,-0.016541259211083088,-1.0000000000000004,EUR_USD
2013-12-20,2013-12-24,3,0.2518326204735011,0.003930000000000084,0.26144455255264215,EUR_USD
2014-01-03,2014-01-13,7,0.00569678506309153,9.000000000001799e-05,0.015191426834908846,EUR_USD
2014-01-20,2014-01-24,5,0.9960778125712572,0.015850000000000013,1.005504416475717,EUR_USD
2014-01-31,2014-02-07,6,0.19573411995402412,0.0031900000000001207,0.2049379186979434,EUR_USD
2014-03-21,2014-03-25,3,0.3506843665000485,0.005619999999999831,0.3600442695205127,EUR_USD
2014-03-28,2014-04-02,4,0.324788622375958,0.0051100000000000425,0.3343225349701641,EUR_USD
2014-04-07,2014-04-08,2,0.2550383254796096,0.003909999999999953,0.2648224044622034,EUR_USD
2014-04-22,2014-04-24,3,0.15843505200456443,0.0019799999999999653,0.17043770745945588,EUR_USD
2014-05-12,2014-05-23,10,-1.0112696486571688,-0.013460086637392527,-0.9999999999999919,EUR_USD
2014-05-26,2014-06-02,6,0.054551217756065445,0.0006400000000000685,0.06733665941764191,EUR_USD
2016-02-17,2016-02-29,9,-1.0064814979624785,-0.023292798295765933,-1.0000000000000024,EUR_USD
2016-03-28,2016-03-29,2,0.1657539930706612,0.003199999999999964,0.17352371149584853,EUR_USD
2016-04-14,2016-04-19,4,0.18018527978541246,0.0034500000000000476,0.18801942238477812,EUR_USD
2016-04-25,2016-04-27,3,0.39812005103125253,0.007329999999999931,0.4062671189241159,EUR_USD
2016-05-10,2016-05-12,3,0.24183679423156532,0.0042499999999999595,0.25037221049856184,EUR_USD
2016-05-19,2016-05-27,7,-0.16139700470147378,-0.002579999999999932,-0.1520134579165041,EUR_USD
2016-08-30,2016-09-02,4,0.05135009291526421,0.0007800000000000975,0.06122511078358302,EUR_USD
2017-06-16,2017-06-19,2,0.35884912084268605,0.005099999999999977,0.3694035067498239,EUR_USD
2017-09-27,2017-10-02,4,0.0664851271325694,0.001230000000000159,0.07459306946580853,EUR_USD
2017-12-07,2017-12-14,6,0.13357618602345525,0.002030000000000071,0.14344634755228164,EUR_USD
2018-02-08,2018-02-14,5,0.4411321450148643,0.009469999999999961,0.4481194545979931,EUR_USD
2018-02-22,2018-03-02,7,-0.01074394961330358,-0.00022000000000001448,-0.003418529422415258,EUR_USD
2018-04-23,2018-04-26,4,-1.0097793085283442,-0.0154885077856254,-1.0000000000000027,EUR_USD
2018-04-27,2018-05-02,4,-1.0094309542364028,-0.01605507134697128,-1.0000000000000004,EUR_USD
2006-02-03,2006-02-13,7,-1.0085438904230388,-3.5412809873012763,-1.0000000000000004,WTICO_USD
2006-02-14,2006-02-15,2,-1.0089045182804213,-3.399076131379245,-0.9999999999999992,WTICO_USD
2006-04-28,2006-05-02,3,0.8699415376795573,2.9060000000000072,0.8789223519019891,WTICO_USD
2006-05-16,2006-05-19,4,0.23784167567210165,0.9459999999999991,0.24538422352639663,WTICO_USD
2006-07-20,2006-07-25,4,0.11997442465974496,0.4240000000000077,0.12846318112151922,WTICO_USD
2006-08-17,2006-08-22,4,0.23752961553995042,0.7800000000000022,0.24666536998379462,WTICO_USD
2006-08-30,2006-09-08,8,-1.009262820151609,-3.2687544515581366,-1.0000000000000018,WTICO_USD
2007-04-20,2007-04-23,2,0.3240854905308598,1.0790000000000017,0.3330962085252303,WTICO_USD
2007-05-04,2007-05-14,7,-0.10806553256036171,-0.35900000000000065,-0.09903498666395266,WTICO_USD
2007-07-25,2007-07-26,2,1.0148301684382321,2.930000000000008,1.025220921016098,WTICO_USD
2007-08-07,2007-08-15,7,0.1672558899356151,0.6440000000000066,0.17504731337982068,WTICO_USD
2007-08-22,2007-08-27,4,0.3469946631679658,1.3359999999999996,0.35478645949658777,WTICO_USD
2007-09-26,2007-09-27,2,0.3638686973650995,1.2590000000000015,0.37253911906561815,WTICO_USD
2007-11-13,2007-11-19,5,0.1816033886448088,1.0120000000000016,0.18698688830819243,WTICO_USD
2007-11-29,2007-12-07,7,-0.18982200703076765,-1.1299999999999943,-0.18478248472021627,WTICO_USD
2008-01-14,2008-01-22,7,-1.005421610699852,-5.563410947564804,-0.9999999999999991,WTICO_USD
2008-02-04,2008-02-11,6,0.559730656533482,2.979999999999991,0.5653655289146915,WTICO_USD
2008-03-18,2008-03-19,2,0.47902037222993865,3.212999999999995,0.4834930180957644,WTICO_USD
2008-05-02,2008-05-05,2,0.6228760317603956,4.1869999999999985,0.6273389600987792,WTICO_USD
2008-06-05,2008-06-06,2,0.7648207424389055,6.066999999999994,0.7686026152381749,WTICO_USD
2008-07-09,2008-07-11,3,0.6137391469358097,5.793000000000007,0.6169174957029552,WTICO_USD
2008-07-18,2008-07-31,10,-0.2955963772930136,-3.251999999999994,-0.29286947344344705,WTICO_USD
2008-08-12,2008-08-14,3,0.20537596890591112,2.003999999999992,0.20845045945839483,WTICO_USD
2009-06-23,2009-06-26,4,0.6612407028174349,3.2570000000000063,0.6673313448452283,WTICO_USD
2009-07-03,2009-07-08,4,-1.0053638969463146,-5.622948615579197,-0.9999999999999999,WTICO_USD
2009-08-18,2009-08-19,2,0.5737473817107465,3.0270000000000024,0.5794336788535686,WTICO_USD
2009-09-02,2009-09-09,6,0.6242007546550143,3.4519999999999995,0.6296254425575782,WTICO_USD
2009-11-25,2009-11-26,2,0.4031768025720428,1.9339999999999986,0.4094308377722296,WTICO_USD
2009-12-08,2009-12-14,5,-1.0060620006232002,-4.978861253029463,-0.9999999999999991,WTICO_USD
2010-01-13,2010-01-20,6,-0.1918508924734481,-0.7539999999999896,-0.18421756783922594,WTICO_USD
2010-01-22,2010-02-02,8,-0.2118679850336229,-0.850999999999998,-0.20439907839318963,WTICO_USD
2010-03-16,2010-03-17,2,0.5237153258648595,2.1920000000000086,0.5308829626239588,WTICO_USD
2010-04-13,2010-04-15,3,0.41940706936212946,1.5359999999999883,0.4275986136856086,WTICO_USD
2010-05-06,2010-05-06,1,-1.0068105190027832,-4.434950634120411,-0.9999999999999998,WTICO_USD
2010-05-07,2010-05-14,6,-1.0061092367982367,-4.940597017397521,-0.9999999999999992,WTICO_USD
2010-08-12,2010-08-23,8,-1.007029539170234,-4.297705076178956,-1.0000000000000016,WTICO_USD
2010-11-17,2010-11-25,7,0.35858353726942593,1.4410000000000036,0.3660488433888449,WTICO_USD
2011-01-21,2011-01-27,5,-1.0079335879653533,-3.8113912357203064,-1.0000000000000007,WTICO_USD
2011-02-08,2011-02-18,9,-0.20316531465374188,-0.9230000000000007,-0.19656189164224433,WTICO_USD
2011-03-14,2011-03-18,5,0.35683694944456196,2.2500000000000013,0.3615947754371561,WTICO_USD
2011-05-05,2011-05-05,1,-1.0055660696768396,-5.419799578836645,-1.000000000000001,WTICO_USD
2011-05-06,2011-05-11,4,0.604634963266728,3.983999999999996,0.6091879373877125,WTICO_USD
2011-07-29,2011-08-03,4,-1.005822961656586,-5.182017438766251,-0.9999999999999996,WTICO_USD
2011-12-09,2011-12-12,2,0.26743825186810843,1.47,0.27289617537562083,WTICO_USD
2012-01-16,2012-01-18,3,0.37933131216479943,1.9290000000000032,0.38523071048773566,WTICO_USD
2012-01-23,2012-01-24,2,0.31546815772922604,1.5130000000000063,0.3217233095678756,WTICO_USD
2012-02-01,2012-02-08,6,0.08432677685247163,0.3999999999999926,0.09065128511640712,WTICO_USD
2012-03-30,2012-04-03,3,0.4070444056397123,1.808000000000008,0.4137984610430261,WTICO_USD
2012-05-04,2012-05-04,1,-1.0079352825424726,-3.8105837207978923,-1.0000000000000009,WTICO_USD
2013-02-19,2013-02-20,2,0.3820253287373177,1.0870000000000044,0.3925688060713743,WTICO_USD
2013-02-22,2013-03-04,7,-1.0093909243143915,-3.2245737177364604,-1.0000000000000022,WTICO_USD
2013-04-04,2013-04-11,6,0.029785151449152725,0.09699999999999534,0.0389970539592004,WTICO_USD
2013-05-15,2013-05-17,3,0.24334921552818198,0.9949999999999914,0.25068637780541364,WTICO_USD
2013-06-21,2013-06-27,5,0.14595035126425612,0.558000000000008,0.15379714434297945,WTICO_USD
2013-07-31,2013-08-01,2,0.4738080062283127,1.8519999999999908,0.4814830819231558,WTICO_USD
2013-08-08,2013-08-12,3,0.32711056004688943,1.325000000000004,0.3345168368781397,WTICO_USD
2013-08-22,2013-08-26,3,0.7747502505153624,2.9080000000000026,0.7827428597022471,WTICO_USD
2013-09-18,2013-09-19,2,0.6371087791499213,2.595,0.6444741985620591,WTICO_USD
2013-09-26,2013-10-03,6,0.31311554401257363,1.274000000000002,0.3204887514853972,WTICO_USD
2014-04-03,2014-04-04,2,0.3419326657792754,1.0209999999999877,0.3519796588971778,WTICO_USD
2014-04-23,2014-05-01,7,-1.0106066362246118,-2.8584179229590476,-0.9999999999999996,WTICO_USD
2014-05-02,2014-05-08,5,0.553964332565774,1.4950000000000057,0.5650806736874953,WTICO_USD
2014-05-29,2014-06-10,9,0.42153942718603976,0.9669999999999999,0.4346171757026697,WTICO_USD
2014-07-03,2014-07-10,6,-1.0116163550914965,-2.6125656812059206,-1.0000000000000002,WTICO_USD
2016-06-15,2016-06-20,4,0.15568577949487722,0.4140000000000026,0.16696735771914362,WTICO_USD
2016-08-31,2016-09-06,5,-0.23462481017110018,-0.6580000000000001,-0.22392763037606522,WTICO_USD
2016-10-26,2016-11-01,5,-1.010995897309219,-2.7582903028611967,-0.9999999999999999,WTICO_USD
2016-11-02,2016-11-09,6,-1.0109467096772782,-2.7705495244173606,-0.9999999999999999,WTICO_USD
2016-11-28,2016-12-01,4,1.1557287780776382,3.497000000000001,1.1656435230997513,WTICO_USD
2017-01-11,2017-01-12,2,0.5178907251050233,1.513999999999997,0.5281527606090859,WTICO_USD
2017-02-08,2017-02-10,3,0.6826574277418574,1.7160000000000022,0.6945919981569249,WTICO_USD
2017-03-03,2017-03-08,4,-1.014563884433873,-2.0898900064207866,-1.0000000000000009,WTICO_USD
2017-03-09,2017-03-14,4,-1.0132052961541465,-2.3018157661751375,-1.0000000000000009,WTICO_USD
2017-04-20,2017-04-27,6,-1.0135504136017923,-2.2439545612119702,-0.9999999999999986,WTICO_USD
2017-10-03,2017-10-06,4,0.09005990332823566,0.20100000000000165,0.10350167994439012,WTICO_USD
2017-11-15,2017-11-20,4,0.671956912545587,1.521000000000002,0.6852105005642376,WTICO_USD
2017-12-07,2017-12-11,3,0.5441355446013593,1.2260000000000002,0.5574504437351608,WTICO_USD
2018-02-09,2018-02-15,5,0.04720557345728782,0.1370000000000016,0.057542560345744884,WTICO_USD
2018-03-09,2018-03-12,2,0.5523436047331975,1.7149999999999974,0.5620055919880057,WTICO_USD
2018-04-03,2018-04-10,6,0.13038327728114768,0.41900000000000515,0.13971859546356863,WTICO_USD
2018-05-28,2018-06-05,7,-1.0099503077696323,-3.0449821185996044,-1.0000000000000013,WTICO_USD
2018-07-12,2018-07-25,10,-0.29111341307686156,-1.1429999999999996,-0.2834726410800935,WTICO_USD
2018-08-09,2018-08-22,10,-0.1244008199166324,-0.4470000000000016,-0.11605177160007993,WTICO_USD
2018-09-06,2018-09-12,5,0.3945158136951536,1.087999999999995,0.40539400708748324,WTICO_USD
2018-10-12,2018-10-23,8,-1.0086182338253433,-3.5109916518833857,-0.9999999999999998,WTICO_USD
2019-04-29,2019-05-06,6,-1.0115813641481033,-2.6203684243371996,-0.9999999999999991,WTICO_USD
2019-05-23,2019-05-23,1,-1.0101071150039,-2.9982060596342266,-0.9999999999999987,WTICO_USD
2020-01-09,2020-01-20,8,-0.21001848210330187,-0.6979999999999993,-0.20099189977794504,WTICO_USD
